{"mae": 2.9430047722260126, "rmse": 3.190256461999607, "precision": 0.000374970002399808, "average_precision": 0.13829390681488837, "mean_reciprocal_rank": 0.0033665109136543046, "ndcg": 0.9273651300033005, "coverage": 0.007781456953642384}