{"mae": 2.9840492508644663, "rmse": 3.230121187663979, "precision": 0.0004649628029757619, "average_precision": 0.12319586042903112, "mean_reciprocal_rank": 0.003951362090124058, "ndcg": 0.9513780267109001, "coverage": 0.012417218543046357}