tree
version=v4
num_class=1
num_tree_per_iteration=1
label_index=0
max_feature_idx=1
objective=lambdarank
feature_names=UserID MovieID
feature_infos=[0:6039] [0:3705]
tree_sizes=3494 3502 3502 3503 3497 3509 3499 3494 3503 3509 3496 3504 3501 3511 3502 3511 3510 3516 3512 3512 3513 3512 3519 3526 3507 3529 3518 3520 3521 3517 3519 3523 3508 3520 3524 3513 3511 3515 3513 3515 3519 3513 3528 3526 3501 3522 3517 3520 3521 3515 3523 3520 3523 3510 3519 3521 3530 3524 3524 3534 3528 3536 3538 3542 3528 3518 3527 3520 3545 3530 3541 3531 3520 3528 3528 3539 3527 3531 3533 3542 3526 3541 3539 3537 3531 3537 3514 3500 3523 3531 3521 3517 3534 3546 3539 3543 3527 3534 3535 3546

Tree=0
num_leaves=31
num_cat=0
split_feature=0 0 0 0 0 0 0 0 0 0 0 0 0 0 0 0 0 0 0 0 0 0 0 0 0 0 0 0 0 0
split_gain=287.33 294.461 199.108 293.847 422.093 181.641 135.25 164.742 87.3883 160.756 81.2592 77.3911 80.8035 93.2645 69.9233 146.48 127.895 119.929 66.6166 65.9623 142.93 69.3294 62.1484 57.5098 260.923 124.23 90.6732 60.4528 162.613 71.1292
threshold=4542.5000000000009 4152.5000000000009 410.50000000000006 2128.5000000000005 2765.5000000000005 4168.5000000000009 5775.5000000000009 5836.5000000000009 4506.5000000000009 4447.5000000000009 1902.5000000000002 4099.5000000000009 3216.5000000000005 2908.5000000000005 3840.5000000000005 3761.5000000000005 4006.5000000000005 3715.5000000000005 2887.5000000000005 5646.5000000000009 5595.5000000000009 5549.5000000000009 5949.5000000000009 554.50000000000011 676.50000000000011 521.50000000000011 433.50000000000006 1697.5000000000002 1670.5000000000002 1680.5000000000002
decision_type=2 2 2 2 2 2 2 2 2 2 2 2 2 2 2 2 2 2 2 2 2 2 2 2 2 2 2 2 2 2
left_child=1 2 -1 10 -5 -3 19 -8 9 -7 23 12 13 18 15 17 -16 -14 -6 20 21 -2 -9 25 -25 26 -4 28 -26 -30
right_child=6 5 3 4 11 8 7 22 -10 -11 -12 -13 14 -15 16 -17 -18 -19 -20 -21 -22 -23 -24 24 27 -27 -28 -29 29 -31
leaf_value=-0.030195857559237305 -0.023195870306476522 0.08205187616541576 0.047373505170376667 -0.046295165648785802 -0.006346858799538853 0.023008035056979185 0.045727820188232869 -0.045557154006845735 0.056485175741922904 -0.051422087586968271 0.030372488899244893 -0.058838256019033676 0.0091551909723600802 -0.028574599498752126 -0.038919109894540532 0.046751860342594292 0.017055019682655471 -0.070608764458238923 0.048110615979734317 -0.056399371583871184 0.030038697750657997 -0.087477997997677789 0.0038592089075992451 -0.070399712099286901 0.0096686629428423855 0.061265130193516794 -0.031431948262313263 -0.0093725094186279684 0.082761857490685875 0.0081341479838376463
leaf_weight=482.18724510050833 1271.5360426374739 145.50727416573716 58.547974292408284 586.54654605812811 186.9392831594466 560.66271892507348 173.192297604911 110.91585793765913 143.82171852816202 83.327317241987657 578.70259564078879 52.71086658511831 948.35154723062362 378.27173940225225 195.88413042684692 269.20543004545334 213.04073605689996 49.589193230435171 80.27143762087556 139.61503361750238 127.96147348237491 43.375546372710005 149.22613374568502 103.80496342350853 1844.3401996502237 157.3100453685467 96.933222007503971 325.35437748986328 115.9586641169487 44.061533716818573
leaf_count=48896 123320 3432 2977 66328 16127 38120 8974 13215 6333 8951 35898 6228 73529 37962 21838 13920 15738 6416 4153 16838 8252 5722 12151 13336 139519 6536 9779 29158 3039 3482
internal_value=0 0.0043988 0.00076814 0.0031434 -0.00831282 0.0307267 -0.0168054 0.00794442 0.0212471 0.0133774 0.0133448 0.00107048 0.0024307 -0.0126007 0.00821954 0.0140211 -0.00975784 0.0051916 0.0100124 -0.0235826 -0.0204072 -0.0253164 -0.0172103 0.00975668 0.00716264 0.0299383 -0.00175698 0.0106186 0.0138636 0.0622131
internal_weight=0 7701.33 6768.01 6285.82 2960.81 933.319 2015.82 433.334 787.812 643.99 3325.01 2374.26 2321.55 645.482 1676.07 1267.15 408.925 997.941 267.211 1582.49 1442.87 1314.91 260.142 2746.31 2433.52 312.791 155.481 2329.71 2004.36 160.02
internal_count=800167 611695 554859 505963 262239 56836 188472 34340 53404 47071 243724 195911 189683 58242 131441 93865 37576 79945 20280 154132 137294 129042 25366 207826 188534 19292 12756 175198 146040 6521
is_linear=0
shrinkage=0.05


Tree=1
num_leaves=31
num_cat=0
split_feature=0 0 0 0 0 0 0 0 0 0 0 0 0 0 0 0 0 0 0 0 0 0 0 0 0 0 0 0 0 0
split_gain=1142.8 1426.64 1233.19 841.502 1506.27 1334.38 754.596 1315.45 647.31 540.933 555.381 437.076 634.842 403.229 219.743 351.971 173.166 131.273 114.292 105.762 465.669 404.056 309.509 180.779 121.602 105.529 231.156 101.842 116.152 79.3149
threshold=4542.5000000000009 4152.5000000000009 4168.5000000000009 1983.5000000000002 1670.5000000000002 1680.5000000000002 554.50000000000011 410.50000000000006 5595.5000000000009 4506.5000000000009 4516.5000000000009 3761.5000000000005 3840.5000000000005 1902.5000000000002 5836.5000000000009 5793.5000000000009 5646.5000000000009 676.50000000000011 4006.5000000000005 2128.5000000000005 2765.5000000000005 2908.5000000000005 2887.5000000000005 2050.5000000000005 3216.5000000000005 521.50000000000011 433.50000000000006 4447.5000000000009 4429.5000000000009 4204.5000000000009
decision_type=2 2 2 2 2 2 2 2 2 2 2 2 2 2 2 2 2 2 2 2 2 2 2 2 2 2 2 2 2 2
left_child=1 3 -3 4 6 -6 7 -1 -2 27 -11 19 -13 -7 15 16 -10 -8 -14 23 -21 22 -22 -5 -23 26 -9 28 29 -4
right_child=8 2 9 11 5 13 17 25 14 10 -12 12 18 -15 -16 -17 -18 -19 -20 20 21 24 -24 -25 -26 -27 -28 -29 -30 -31
leaf_value=-0.054999427740837395 -0.050360323223623486 0.065409601680771701 -0.061006535879075466 -0.036185350325257007 0.064098609814033689 -0.034740025128249218 -0.078751767559825048 0.02749653250391685 0.0030335005843815728 0.05999916986941637 -0.0081450248664083208 0.021818104596008983 -0.064258329657165339 0.020151016504100009 -0.039139908101608029 0.032426505522703195 -0.046988256273346948 -0.02044877466708938 -0.021690486468925765 -0.066660724979240665 -0.038143673632088676 -0.054559420302524135 0.025619870560235708 0.0041887084983765329 -0.025443829113630651 0.036025331464415868 -0.051784067473277975 -0.063919979269949731 0.033630133253355399 -0.0091353393086834392
leaf_weight=573.67956766981479 1591.7904860596764 1560.1273447894473 78.607101305998867 435.7968917884873 1786.4872281490823 542.68257942322384 99.339869695265406 439.71137110567361 375.40766583518416 779.80688667786308 484.94342591395252 1503.156957020547 226.14383149786681 872.44915501184732 381.24251549854398 591.75310301996069 320.91737834708874 3433.0759840393521 520.90454939482925 633.60412610501999 264.56452136596181 450.11785940222376 678.10105447442038 762.13243124706241 1764.0754370627071 1693.5869150409417 116.2484964564328 84.340366277218209 153.9835279167346 1179.5136897739303
leaf_count=48896 129042 3432 2908 9713 3039 32640 13336 2977 8252 2938 3395 13920 21838 13207 25366 6107 19705 139519 21966 66328 16127 37962 4153 12978 79945 6536 9779 8951 3113 32099
internal_value=0 0.00425421 0.0298755 -0.00233777 0.00740218 0.0353694 -0.00668614 0.0125851 -0.027548 0.00979813 0.0338706 -0.0151976 0.0030956 -0.000898905 -0.00579509 0.00407424 -0.0200202 -0.0220884 -0.0345765 -0.0234495 -0.0275423 -0.019691 0.00772426 -0.010499 -0.0313627 0.0298206 0.0109193 -0.0105472 -0.00735945 -0.0123762
internal_weight=0 21117.2 4321.32 16795.9 9557.26 3201.62 6355.64 2823.23 3261.11 2761.19 1264.75 7238.6 2250.21 1415.13 1669.32 1288.08 696.325 3532.42 747.048 4988.39 3790.46 3156.86 942.666 1197.93 2214.19 2249.55 555.96 1496.44 1412.1 1258.12
internal_count=800167 611695 56836 554859 269929 48886 221043 68188 188472 53404 6333 284930 57724 45847 59430 34064 27957 152855 43804 227206 204515 138187 20280 22691 117907 19292 12756 47071 38120 35007
is_linear=0
shrinkage=0.05


Tree=2
num_leaves=31
num_cat=0
split_feature=0 0 0 0 0 0 0 0 0 0 0 0 0 0 0 0 0 0 0 0 0 0 0 0 0 0 0 0 0 0
split_gain=604.209 639.129 1902.64 908.705 814.477 626.556 857.421 521.581 351.914 1091.13 1283.98 566.379 259.874 362.868 458.537 236.306 137.156 114.969 161.3 111.575 107.031 174.738 102.492 101.91 99.8734 94.558 90.9925 192.403 75.549 73.6854
threshold=410.50000000000006 4516.5000000000009 4152.5000000000009 5793.5000000000009 554.50000000000011 4168.5000000000009 4506.5000000000009 5836.5000000000009 2128.5000000000005 1670.5000000000002 1680.5000000000002 2887.5000000000005 2908.5000000000005 3761.5000000000005 3840.5000000000005 1902.5000000000002 1942.5000000000002 5595.5000000000009 5646.5000000000009 676.50000000000011 4447.5000000000009 4429.5000000000009 3216.5000000000005 4006.5000000000005 1924.5000000000002 4542.5000000000009 521.50000000000011 433.50000000000006 4099.5000000000009 3680.5000000000005
decision_type=2 2 2 2 2 2 2 2 2 2 2 2 2 2 2 2 2 2 2 2 2 2 2 2 2 2 2 2 2 2
left_child=-1 2 4 17 26 -4 20 -5 9 19 -11 -10 -13 22 -15 -12 24 25 -19 -6 21 -7 -14 -16 -17 -3 27 -2 -25 -24
right_child=1 3 5 7 8 6 -8 -9 11 10 15 12 13 14 23 16 -18 18 -20 -21 -22 -23 29 28 -26 -27 -28 -29 -30 -31
leaf_value=-0.053476881291738734 0.024933729695545959 -0.010155218196898286 0.056668317272291074 0.031290185498873753 -0.075214734528425045 -0.010361896511036351 0.056132495127707266 -0.04073447751512619 -0.056828578042609226 0.060937406807033294 -0.034413873254004815 0.022835684919771185 -0.053424677241620658 0.017787032625139611 -0.062187333102056333 -0.0027730833990743469 -0.0037433993935202118 0.0019340440454456882 -0.051328224575393488 -0.019756117933360885 -0.061729229951360425 0.03416498609618826 -0.021409425330509175 -0.013824550029840003 0.043896222781953778 -0.049375877401090028 0.034216475250139523 -0.050947945032125658 -0.072952754770705258 -0.057186619617517226
leaf_weight=515.92153185567076 407.37804721183511 172.33186778995196 1807.5714177808268 1036.774305260682 93.279154591185488 1175.4219845845605 913.67886230431031 331.80692867751804 807.22484577203886 1183.2889808374457 483.32548041999371 495.17762591579231 399.39747722683614 1259.4446413249243 200.77939805284359 178.295470949437 1256.3003064309191 356.0099123914988 236.62445046454377 3269.3148866554552 79.14686078756904 271.16483325883746 1410.9192700988162 480.20918504230286 321.08136445458149 1419.6431481341374 1312.8097961819149 105.08563264647728 60.870972381169793 160.26300606462701
leaf_count=48896 2977 3395 3432 6107 13336 35007 2938 25366 82455 3039 32640 4153 37962 13920 21838 3145 29045 8252 19705 139519 8951 3113 67718 15738 3708 129042 6536 9779 6228 12227
internal_value=0 0.00127232 0.00507231 -0.0181184 -0.00388564 0.0343581 0.0178265 0.0138281 -0.00859705 -0.00106626 0.0188092 -0.0182847 -0.0113196 -0.0155778 -0.000581388 -0.00345516 0.00506756 -0.0381318 -0.0193323 -0.0212946 -0.00511291 -0.00201527 -0.030808 -0.0317652 0.0272336 -0.0451302 0.0272416 0.00937346 -0.0204764 -0.0250588
internal_weight=0 21684.6 18131.4 3553.19 13884.4 4246.98 2439.41 1368.58 12059.2 6784.89 3422.29 5274.29 4467.06 3971.88 2001.3 2239 1755.68 2184.61 592.634 3362.59 1525.73 1446.59 1970.58 741.86 499.377 1591.98 1825.27 512.464 541.08 1571.18
internal_count=800167 751271 559404 191867 505963 53441 50009 31473 486671 224432 71577 262239 179784 175631 57724 68538 35898 160394 27957 152855 47071 38120 117907 43804 6853 132437 19292 12756 21966 79945
is_linear=0
shrinkage=0.05


Tree=3
num_leaves=31
num_cat=0
split_feature=0 0 0 0 0 0 0 0 0 0 0 0 0 0 0 0 0 0 0 0 0 0 0 0 0 0 0 0 0 0
split_gain=501.133 523.416 1231.46 853.067 881.886 902.55 752.608 716.224 538.925 686.738 429.059 341.292 202.864 328.894 114.465 176.534 96.58 355.322 171.467 295.784 93.5415 166.379 84.0308 82.7158 74.2499 153.547 73.9543 311.975 206.125 168.065
threshold=410.50000000000006 4516.5000000000009 4152.5000000000009 1983.5000000000002 1670.5000000000002 554.50000000000011 1680.5000000000002 5793.5000000000009 4168.5000000000009 4506.5000000000009 5836.5000000000009 1902.5000000000002 3761.5000000000005 3840.5000000000005 5595.5000000000009 5646.5000000000009 1005.5000000000001 1018.5000000000001 898.50000000000011 879.50000000000011 4447.5000000000009 4429.5000000000009 4542.5000000000009 4006.5000000000005 521.50000000000011 433.50000000000006 2128.5000000000005 2765.5000000000005 2908.5000000000005 2887.5000000000005
decision_type=2 2 2 2 2 2 2 2 2 2 2 2 2 2 2 2 2 2 2 2 2 2 2 2 2 2 2 2 2 2
left_child=-1 2 3 4 5 24 -6 14 -4 20 -9 -8 26 -14 22 -16 18 -18 19 -7 21 -10 -3 -15 25 -2 -5 -28 29 -29
right_child=1 7 8 12 6 16 11 10 9 -11 -12 -13 13 23 15 -17 17 -19 -20 -21 -22 -23 -24 -25 -26 -27 27 28 -30 -31
leaf_value=-0.050946112981495789 0.022062482200277556 -0.0089342046532616577 0.055670824204747164 -0.010045165609111116 0.053963540017588241 -0.035478350210466303 -0.032865565649608956 0.028984565964730681 -0.010390427626630184 0.052333360620762576 -0.039509176740250007 0.020049278581873008 0.014416264817129605 -0.059167634353119558 0.0030077581491468196 -0.056097546671705162 0.060199704549353056 -0.019611471088475215 -0.072253936515036296 0.047140013389178829 -0.059218593530839941 0.030792153064591078 -0.046998811718214933 -0.019690926225623746 0.03104352862277425 -0.048561924648171217 -0.061662908299916379 -0.035625251921989308 -0.028475679809259677 0.020153600507872304
leaf_weight=471.80681135583291 383.65434393908254 163.12835050121157 1335.4728291202337 775.41577329688698 1542.0838827136904 673.62093522925898 443.54579008353903 956.6860193531611 1123.8019862017036 832.72182333795354 300.44664856512281 973.6511228272866 1042.5892748375772 183.79432955921732 384.56965016982576 188.13626968050448 149.37968999272562 2099.0342003303722 217.35145783118242 129.09447881381493 73.539798252718356 313.71406750549795 1303.9216645950701 477.24736947527333 1245.2295348925982 96.273720032406345 543.75762517993917 189.54143305750131 1836.8793753381692 469.68922120833304
leaf_count=48896 2977 3395 3432 22691 3039 40730 32640 6107 35007 2938 25366 13207 13920 21838 8252 19705 3403 92635 12747 3340 8951 3113 129042 21966 6536 9779 66328 16127 117907 4153
internal_value=0 0.00117551 0.00468282 -0.00231882 0.0081624 -0.00465493 0.029791 -0.0170703 0.0303198 0.015875 0.012615 0.00348831 -0.0174226 -0.00307688 -0.0353657 -0.0164086 -0.0200982 -0.014309 -0.0328586 -0.0221915 -0.00421677 -0.00140301 -0.0427662 -0.0306669 0.0246038 0.0078952 -0.0238283 -0.0273442 -0.0198681 0.00411611
internal_weight=0 20448 17151.1 13471.8 7952.92 4993.64 2959.28 3296.89 3679.25 2343.78 1257.13 1417.2 5518.91 1703.63 2039.76 572.706 3268.48 2248.41 1020.07 802.715 1511.06 1437.52 1467.05 661.042 1725.16 479.928 3815.28 3039.87 2496.11 659.231
internal_count=800167 751271 559404 505963 221033 172147 48886 191867 53441 50009 31473 45847 284930 57724 160394 27957 152855 96038 56817 44070 47071 38120 132437 43804 19292 12756 227206 204515 138187 20280
is_linear=0
shrinkage=0.05


Tree=4
num_leaves=31
num_cat=0
split_feature=0 0 0 0 0 0 0 0 0 0 0 0 0 0 0 0 0 0 0 0 0 0 0 0 0 0 0 0 0 0
split_gain=448.254 506.333 984.954 907.293 630.857 588.569 630.742 571.215 441.669 572.234 297.328 234.631 247.77 198.741 297.177 158.734 150.313 323.472 271.93 369.837 83.3154 162.088 78.6906 87.3895 70.889 245.266 162.018 139.553 82.9838 78.3961
threshold=410.50000000000006 4516.5000000000009 4152.5000000000009 1983.5000000000002 5595.5000000000009 1670.5000000000002 1680.5000000000002 554.50000000000011 4168.5000000000009 4506.5000000000009 1924.5000000000002 5836.5000000000009 5793.5000000000009 3761.5000000000005 3840.5000000000005 5646.5000000000009 853.50000000000011 1018.5000000000001 1005.5000000000001 898.50000000000011 4447.5000000000009 4429.5000000000009 1942.5000000000002 1967.5000000000002 2128.5000000000005 2765.5000000000005 2908.5000000000005 2887.5000000000005 2050.5000000000005 3216.5000000000005
decision_type=2 2 2 2 2 2 2 2 2 2 2 2 2 2 2 2 2 2 2 2 2 2 2 2 2 2 2 2 2 2
left_child=-1 2 3 5 -3 7 -7 -2 -4 20 -8 12 15 24 -15 -6 -9 18 19 -18 21 -10 -12 -24 28 -26 27 -27 -5 -28
right_child=1 4 8 13 11 6 10 16 9 -11 22 -13 -14 14 -16 -17 17 -19 -20 -21 -22 -23 23 -25 25 26 29 -29 -30 -31
leaf_value=-0.049246957892139592 0.022043596376076776 -0.042253167462223684 0.050953262196698018 -0.036652398885009999 0.0024974946737748947 0.049081354721059768 -0.02474458110629725 -0.039198843718247556 -0.011608970470833308 0.048732438109746833 0.037786302935948396 -0.038618167448208437 0.026843804655546255 0.013533584773179336 -0.030616555887043342 -0.055199111827837967 0.031642120994016226 -0.019348993618341664 0.059327263283921863 -0.071169660493293693 -0.057005414899345352 0.027249999587986469 -0.028425437610291052 0.025104137672995443 -0.0592909434971787 -0.034761004215152956 -0.049375253711980066 0.017425684590888751 0.00064514295418899921 -0.023406211228260629
leaf_weight=451.62524403394127 1676.9578890487296 1398.9208299257548 1314.4534305278212 212.52551624056673 382.01324584016402 1524.3559938333933 584.88828051430801 501.4965558697254 1022.4898594124454 789.99979812838137 405.53457096497732 286.7002030093754 913.46239158438402 992.87607858790602 618.62306192098254 173.28284045126065 237.28780841161301 1984.951148517705 272.75264420940948 138.5413341622118 70.832834851714097 363.84643188762129 123.14252296087216 200.2027896969521 516.35388638527411 185.77934023097896 369.74562016866253 412.63046232762281 499.97039085407891 1357.9933823708236
leaf_count=48896 19292 132437 3432 9713 8252 3039 35785 37575 35007 2938 3708 25366 6107 13920 43804 19705 6495 92635 3403 12747 8951 3113 3156 3198 66328 16127 37962 4153 12978 79945
internal_value=0 0.00113867 0.00467157 -0.00179214 -0.0172049 0.00914041 0.0271989 -0.00151054 0.0279314 0.0144651 0.00180882 0.00275597 0.0108322 -0.0179801 -0.00341479 -0.015507 -0.0141099 -0.00933225 0.0213235 -0.00625723 -0.00411283 -0.00141036 0.0231166 0.00471798 -0.0245827 -0.0281176 -0.0211978 0.00122406 -0.0104801 -0.0289637
internal_weight=0 19532.6 16378.2 12816.6 3154.38 7650.11 2838.12 4811.99 3561.62 2247.17 1313.77 1755.46 1468.76 5166.5 1611.5 555.296 3135.03 2633.53 648.582 375.829 1457.17 1386.34 728.88 323.345 3555 2842.5 2326.15 598.41 712.496 1727.74
internal_count=800167 751271 559404 505963 191867 221033 48886 172147 53441 50009 45847 59430 34064 284930 57724 27957 152855 115280 22645 19242 47071 38120 10062 6354 227206 204515 138187 20280 22691 117907
is_linear=0
shrinkage=0.05


Tree=5
num_leaves=31
num_cat=0
split_feature=0 0 0 0 0 0 0 0 0 0 0 0 0 0 0 0 0 0 0 0 0 0 0 0 0 0 0 0 0 0
split_gain=402.819 884.935 713.275 673.497 546.565 461.232 364.91 490.249 342.957 405.079 307.068 245.241 292.057 200.564 198.592 177.576 419.074 169.934 260.201 142.063 70.9855 130.664 70.3261 135.056 68.0633 61.1641 204.515 127.297 119.929 69.2437
threshold=4516.5000000000009 4152.5000000000009 1983.5000000000002 1670.5000000000002 5595.5000000000009 1680.5000000000002 4168.5000000000009 4506.5000000000009 410.50000000000006 1018.5000000000001 1902.5000000000002 1005.5000000000001 554.50000000000011 5836.5000000000009 5793.5000000000009 879.50000000000011 898.50000000000011 3761.5000000000005 3840.5000000000005 5646.5000000000009 521.50000000000011 433.50000000000006 4447.5000000000009 4429.5000000000009 4006.5000000000005 2128.5000000000005 2765.5000000000005 2908.5000000000005 2887.5000000000005 3216.5000000000005
decision_type=2 2 2 2 2 2 2 2 2 2 2 2 2 2 2 2 2 2 2 2 2 2 2 2 2 2 2 2 2 2
left_child=1 2 3 8 -2 -5 -3 22 -1 11 -7 12 20 14 19 -14 -17 25 -19 -6 21 -10 23 -8 -20 -4 -27 28 -28 -29
right_child=4 6 17 5 13 10 7 -9 9 -11 -12 -13 15 -15 -16 16 -18 18 24 -21 -22 -23 -24 -25 -26 26 27 29 -30 -31
leaf_value=-0.04752869532684157 -0.040968930489326046 0.046499764189326914 -0.010841551207488191 0.044669273480612948 0.0027037499222981173 -0.031196839893444236 -0.011511248484448428 0.045383010409532361 0.01809756100424488 -0.018128250340611548 0.020286786797235321 0.054812858782317966 -0.035483967138722428 -0.037348635793191566 0.024014634744208816 0.046647462693091286 -0.068289851043121547 0.012256159962539766 -0.055344979152598922 -0.054079837446715122 0.025234131283852729 -0.047166909897883844 -0.054668296292094513 0.025180427336164886 -0.018929509519471775 -0.057025506478750744 -0.033379188913410254 -0.047501030961396989 0.016866284205016065 -0.022624177769970302
leaf_weight=425.59788757000024 1317.2806671579542 1300.5844953041524 677.74109307938852 1513.1094891671091 351.61098473866878 416.53718807468704 984.81014645578762 753.92082289396785 288.96981505630492 1950.8203824297216 950.58128352953645 293.63208067731466 516.48972737966915 270.02098245178695 888.04148731398163 249.13428303945693 116.34133079248568 947.61472210488137 176.9092839411569 160.39354347507424 1207.0516766019864 104.39724116149955 67.020631486833736 336.48590319298091 467.15004860148383 485.18592949959793 178.32119225150018 356.90221738166974 355.56224492460024 1293.5483601294072
leaf_count=48896 132437 3432 22691 3039 8252 32640 35007 2938 2977 92635 13207 3403 40730 25366 6107 3340 12747 13920 21838 19705 6536 9779 8951 3113 21966 66328 16127 37962 4153 79945
internal_value=0 0.00307351 -0.00290749 0.00628618 -0.0168879 0.0256504 0.0256082 0.0129247 -0.00453851 -0.000667729 0.00460062 0.0116025 0.0064913 0.00210632 0.00971583 -0.0166113 0.0100596 -0.01786 -0.00441035 -0.0150846 0.0192228 0.000776765 -0.00470169 -0.00216722 -0.0289321 -0.0242555 -0.0276611 -0.0211387 8.3908e-05 -0.0280037
internal_weight=0 16414.4 12971.6 8032.66 2987.35 2880.23 3442.82 2142.24 5152.43 4726.84 1367.12 2776.02 2482.38 1670.07 1400.05 881.965 365.476 4938.94 1591.67 512.005 1600.42 393.367 1388.32 1321.3 644.059 3347.26 2669.52 2184.33 533.883 1650.45
internal_count=800167 608300 554859 269929 191867 48886 53441 50009 221043 172147 45847 79512 76109 59430 34064 56817 16087 284930 57724 27957 19292 12756 47071 38120 43804 227206 204515 138187 20280 117907
is_linear=0
shrinkage=0.05


Tree=6
num_leaves=31
num_cat=0
split_feature=1 1 0 0 0 0 0 1 1 0 0 0 0 1 0 0 0 0 0 0 0 0 0 0 0 0 0 0 0 0
split_gain=366.229 823.338 224.018 244.351 505.447 390.099 319.148 213.018 273.144 166.864 236.098 193.636 170.82 158.721 155.818 272.774 137.772 175.511 115.028 124.852 85.4117 168.521 84.2674 91.6083 77.7049 73.9507 168.42 126.605 124.788 218.196
threshold=1297.5000000000002 838.50000000000011 410.50000000000006 4516.5000000000009 4152.5000000000009 1983.5000000000002 5595.5000000000009 1212.5000000000002 1058.5000000000002 1670.5000000000002 1018.5000000000001 1680.5000000000002 1902.5000000000002 863.50000000000011 4168.5000000000009 4506.5000000000009 1005.5000000000001 554.50000000000011 3761.5000000000005 3840.5000000000005 853.50000000000011 898.50000000000011 5836.5000000000009 5793.5000000000009 410.50000000000006 1680.5000000000002 1670.5000000000002 1018.5000000000001 4152.5000000000009 4168.5000000000009
decision_type=2 2 2 2 2 2 2 2 2 2 2 2 2 2 2 2 2 2 2 2 2 2 2 2 2 2 2 2 2 2
left_child=1 24 -2 4 5 9 -5 8 13 10 16 -11 -13 -3 -6 -16 17 -4 -7 -20 -19 -22 23 -8 -1 26 27 -26 -27 -30
right_child=2 7 3 6 14 18 22 -9 -10 11 -12 12 -14 -15 15 -17 -18 20 19 -21 21 -23 -24 -25 25 28 -28 -29 29 -31
leaf_value=-0.040483213346931508 -0.042561889152676599 -0.05682791198204612 0.023725696965173404 -0.036213706786036408 0.043577122054089333 -0.018454323800258757 -0.0093044763733319998 -0.0023117505240623916 -0.051661071915943796 0.045388178997794841 -0.011564358092235983 -0.026142090025938338 0.024187721191994103 -0.0089714311861262865 0.001910834170020474 0.048345048617200091 0.051383449097775237 -0.033616141803020465 0.01753599046543548 -0.020944325589101878 0.03225647306680831 -0.063636034039591824 -0.027136728115394384 0.025965323521604102 0.020782290056538606 -0.0096422935054116116 0.051447732544473539 -0.013981768215995796 0.044498457095322672 0.0002596033522458421
leaf_weight=90.139105710659351 237.63751593542111 212.86220850186169 965.15358704667187 722.10822771310109 1062.5142142064869 1932.4008738431703 279.04767236768566 603.69029250701169 1253.8698748510576 683.7204650240019 1217.7253448317479 239.92968298877713 566.98608045432775 931.21154680260224 904.53495633126295 486.32128699822351 252.00223342480604 248.2216793630173 564.90482927745325 336.27284216672706 181.75571004507947 61.258643786632092 147.06121408414197 541.11887261318043 674.22895615939069 1285.7617771543701 268.35669015347958 428.24145919637886 376.60219536069781 1072.4880513004728
leaf_count=10592 28532 14056 11120 75678 2111 132228 15768 26360 78762 1916 55141 19490 7966 43072 28215 1808 2079 22315 8427 26090 3864 7476 13927 3593 17038 70463 702 19600 746 51032
internal_value=0 -0.00886453 0.00548567 0.00648785 0.0095431 0.00290503 -0.0110618 -0.0288585 -0.0355417 0.0121946 0.00525808 0.0258109 0.00922257 -0.0178754 0.0291603 0.0181468 0.017249 0.0113426 -0.0115748 0.00317713 -0.0129871 0.00808405 0.00771605 0.0139654 0.0054389 0.0064471 0.0159253 0.00727861 0.00169623 0.0117568
internal_weight=0 7197.45 11630.7 11393 9703.7 7250.33 1689.34 3001.63 2397.94 4416.75 2926.12 1490.64 806.916 1144.07 2453.37 1390.86 1708.39 1456.39 2833.58 901.178 491.236 243.014 967.228 820.167 4195.82 4105.68 1370.83 1102.47 2734.85 1449.09
internal_count=800167 332423 467744 439212 330246 298112 108966 162250 135890 131367 101995 29372 27456 57128 32134 30023 46854 44775 166745 34517 33655 11340 33288 19361 170173 159581 37340 36638 122241 51778
is_linear=0
shrinkage=0.05


Tree=7
num_leaves=31
num_cat=0
split_feature=0 0 0 0 0 0 0 0 0 0 0 0 0 0 0 0 0 0 0 0 0 0 0 0 0 0 0 0 0 0
split_gain=397.201 738.202 662.323 465.041 458.226 405.772 331.479 433.261 314.043 427.34 315.012 274.004 261.672 228.588 161.323 317.739 149.552 246.077 74.7567 75.4382 73.1225 117.743 71.7273 169.954 80.6209 95.3183 65.8944 122.789 64.504 63.6773
threshold=4516.5000000000009 4152.5000000000009 1983.5000000000002 1670.5000000000002 5793.5000000000009 1680.5000000000002 4168.5000000000009 4506.5000000000009 410.50000000000006 1018.5000000000001 1005.5000000000001 5836.5000000000009 1924.5000000000002 554.50000000000011 879.50000000000011 898.50000000000011 3761.5000000000005 3840.5000000000005 1942.5000000000002 1967.5000000000002 5595.5000000000009 5646.5000000000009 2128.5000000000005 2765.5000000000005 2908.5000000000005 2887.5000000000005 521.50000000000011 433.50000000000006 2050.5000000000005 4447.5000000000009
decision_type=2 2 2 2 2 2 2 2 2 2 2 2 2 2 2 2 2 2 2 2 2 2 2 2 2 2 2 2 2 2
left_child=1 2 3 8 20 -5 -3 29 -1 10 13 -6 -7 26 -15 -16 22 -18 -14 -20 -2 -22 28 -24 25 -25 27 -10 -4 -8
right_child=4 6 16 5 11 12 7 -9 9 -11 -12 -13 18 14 15 -17 17 -19 19 -21 21 -23 23 24 -26 -27 -28 -29 -30 -31
leaf_value=-0.045110276412107353 -0.039790087994772017 0.043514799865134159 -0.03258316242252126 0.043370241883486857 0.022564644823056475 -0.023728571742835689 -0.0029739481336861335 0.04208343092472773 0.016639578139110968 -0.017351724594243372 0.049290391449985427 -0.03648309734437559 0.033778511021636391 -0.033673886628358678 0.040165072517179295 -0.063751203257519887 0.011331142218040909 -0.031149698096130014 -0.032825346527791781 0.019499431830552673 0.0012052455134642598 -0.051739021400367124 -0.054381206488543388 -0.031740642946569357 -0.026657248229374549 0.015254721341185724 0.023613932255660382 -0.04614201445520999 0.0014713511978213213 -0.052750758066390083
leaf_weight=397.62602207138207 1243.8463824261289 1303.4379039588384 200.76023724014522 1294.3208051177207 810.88659796964203 517.82364504486486 1283.3618143929689 742.2903943117708 292.32847736649228 1882.7760980059279 501.90152037398366 259.2901945104345 498.89364876045875 491.41015956848332 256.72213900714996 103.10299638705692 920.89260635404207 541.26531828153338 101.4679124509712 214.50581177213462 311.56258682330008 158.39997721453847 478.95827888035933 174.98813367465982 1558.9123409700348 281.41335968388012 1110.679710412136 106.16642652258633 452.38948003456244 67.635733801633251
leaf_count=48896 132437 3432 9713 3039 6107 35785 38120 2938 2977 92635 3403 25366 3708 40730 3340 12747 13920 43804 3156 3198 8252 19705 66328 16127 117907 4153 6536 9779 12978 8951
internal_value=0 0.0030727 -0.00259283 0.00631526 -0.0174121 0.0234303 0.0237206 0.0113953 -0.00242749 0.00114922 0.0133188 0.00825813 0.00406448 0.00567005 -0.015048 0.0103893 -0.017608 -0.00439452 0.0217261 0.0026965 -0.0334417 -0.0166395 -0.0237463 -0.0276089 -0.0212462 -0.00276369 0.0173558 -8.66015e-05 -0.00899607 -0.00546595
internal_weight=0 15776 12379.3 7769.73 2783.99 2627.01 3396.73 2093.29 5142.71 4745.09 2862.31 1070.18 1332.69 2360.41 851.235 359.825 4609.58 1462.16 814.867 315.974 1713.81 469.963 3147.42 2494.27 2015.31 456.401 1509.17 398.495 653.15 1351
internal_count=800167 608300 554859 269929 191867 48886 53441 50009 221043 172147 79512 31473 45847 76109 56817 16087 284930 57724 10062 6354 160394 27957 227206 204515 138187 20280 19292 12756 22691 47071
is_linear=0
shrinkage=0.05


Tree=8
num_leaves=31
num_cat=0
split_feature=0 0 0 0 0 0 0 0 0 0 0 0 0 0 0 0 0 0 0 0 0 0 0 0 0 0 0 0 0 0
split_gain=379.062 683.938 644.466 391.402 380.507 285.919 381.814 238.901 438.108 360.462 308.256 220.929 180.33 142.483 141.158 329.273 137.975 108.563 105.627 199.184 64.4454 61.8321 147.049 69.236 77.0217 60.3535 59.5542 59.2227 60.5477 91.5883
threshold=4516.5000000000009 4152.5000000000009 1983.5000000000002 410.50000000000006 5595.5000000000009 4168.5000000000009 4506.5000000000009 1670.5000000000002 1018.5000000000001 1680.5000000000002 1005.5000000000001 1924.5000000000002 898.50000000000011 5836.5000000000009 879.50000000000011 554.50000000000011 5793.5000000000009 5646.5000000000009 3761.5000000000005 3840.5000000000005 1942.5000000000002 2128.5000000000005 2765.5000000000005 2908.5000000000005 2887.5000000000005 1967.5000000000002 2050.5000000000005 4204.5000000000009 4447.5000000000009 4429.5000000000009
decision_type=2 2 2 2 2 2 2 2 2 2 2 2 2 2 2 2 2 2 2 2 2 2 2 2 2 2 2 2 2 2
left_child=1 2 3 -1 -2 -3 27 8 10 -9 12 -11 14 16 15 -5 17 -6 21 -20 -13 26 -23 24 -24 -22 -4 -7 29 -29
right_child=4 5 18 7 13 6 -8 9 -10 11 -12 20 -14 -15 -16 -17 -18 -19 19 -21 25 22 23 -25 -26 -27 -28 28 -30 -31
leaf_value=-0.043230193529413513 -0.038565010198171226 0.039950822075061759 -0.033165995860710715 0.015455568017081102 0.0017702201665551875 -0.058396848861490464 0.039755415156853137 0.041750046865122917 -0.016368727965931012 -0.022718487703467252 0.046300625441446711 0.031719062037861755 -0.06143606651874739 -0.034936316364509425 0.039232673584005867 -0.032738987044531591 0.019642620227094548 -0.049999171260514591 0.0087240135060398221 -0.031372031008655384 -0.030607092515413312 -0.052341732021338794 -0.030148264861196317 -0.025902258475690543 0.01261011350890558 0.016542857357723775 0.00088018962995021783 -0.0086776204016851752 -0.050692746749155207 0.024018032969867903
leaf_weight=382.4063713945925 1183.3640306468778 1412.1451886044815 181.31514316793573 1473.1393771927346 312.75958753423765 51.069444342057977 721.81570522277616 1152.2561823998108 1915.744756878245 500.43603425729134 600.47667670649389 463.77716919827799 94.647501802776787 249.27827549414997 330.04512812121538 466.67747207428511 760.10506717795215 149.76059430417081 832.61443259510997 493.21296648755333 95.892941699639778 454.81482921481279 169.15744850032343 1511.3496790284655 279.07811822953954 232.25084679637075 440.48890589734219 898.47877034100748 64.33918868542969 281.23448886955157
leaf_count=48896 132437 3432 9713 19292 8252 2908 2938 3039 92635 35785 3403 3708 12747 25366 3340 40730 6107 19705 13920 43804 3156 66328 16127 117907 4153 3198 12978 32099 8951 3113
internal_value=0 0.00299048 -0.00260796 0.00608366 -0.0174555 0.0226961 0.0106153 0.008658 0.00226761 0.0214166 0.014309 0.00328742 0.00618456 -0.000484177 0.00900416 0.00386101 0.00654019 -0.0149923 -0.0179661 -0.00619187 0.0197212 -0.0231077 -0.0267287 -0.020784 -0.00352626 0.0027643 -0.00904752 -0.00562556 -0.00345925 -0.00088323
internal_weight=0 15498.9 12069.8 7707.75 2655.27 3429.08 2016.94 7325.34 4880.73 2444.61 2964.99 1292.36 2364.51 1471.9 2269.86 1939.82 1222.63 462.52 4362.03 1325.83 791.921 3036.2 2414.4 1959.59 448.236 328.144 621.804 1295.12 1244.05 1179.71
internal_count=800167 608300 554859 269929 191867 53441 50009 221033 172147 48886 79512 45847 76109 59430 63362 60022 34064 27957 284930 57724 10062 227206 204515 138187 20280 6354 22691 47071 44163 35212
is_linear=0
shrinkage=0.05


Tree=9
num_leaves=31
num_cat=0
split_feature=0 0 0 0 0 0 0 0 0 0 0 0 0 0 0 0 0 0 0 0 0 0 0 0 0 0 0 0 0 0
split_gain=364.859 532.967 642.172 358.489 326.575 261.886 336.207 243.583 408.376 311.706 307.803 215.013 152.828 137.487 272.644 120.098 113.012 98.9026 95.9253 179.197 55.4932 102.803 54.6248 127.281 58.8066 66.8919 54.5301 54.0326 52.8806 50.9578
threshold=4516.5000000000009 4152.5000000000009 1983.5000000000002 410.50000000000006 5595.5000000000009 4168.5000000000009 4506.5000000000009 1670.5000000000002 1018.5000000000001 1005.5000000000001 1680.5000000000002 1924.5000000000002 898.50000000000011 879.50000000000011 554.50000000000011 5836.5000000000009 5793.5000000000009 5646.5000000000009 3761.5000000000005 3840.5000000000005 521.50000000000011 433.50000000000006 2128.5000000000005 2765.5000000000005 2908.5000000000005 2887.5000000000005 3216.5000000000005 3680.5000000000005 2050.5000000000005 1942.5000000000002
decision_type=2 2 2 2 2 2 2 2 2 2 2 2 2 2 2 2 2 2 2 2 2 2 2 2 2 2 2 2 2 2
left_child=1 2 3 -1 -2 -3 -7 8 9 12 -9 -12 13 14 20 16 17 -6 22 -20 21 -5 28 -24 25 -25 -26 -28 -4 -13
right_child=4 5 18 7 15 6 -8 10 -10 -11 11 29 -14 -15 -16 -17 -18 -19 19 -21 -22 -23 23 24 26 -27 27 -29 -30 -31
leaf_value=-0.041650016109168179 -0.037314872427028738 0.039610841184044385 -0.034876028492148416 0.013449255536289615 0.0017126273617873314 -0.0057551743693626638 0.037485008442495832 0.0381247861679853 -0.015577395390555752 0.042706357562717234 -0.021989577057625359 0.02919149690940398 -0.059334966138101734 0.036281891398160244 -0.031661631845099091 -0.033370903052703481 0.018137033698838647 -0.048323498707257335 0.00853021576925375 -0.030367471846579015 0.019121812996433975 -0.044857361768063528 -0.050524409281207439 -0.028999888345032195 -0.043130541210697218 0.011749277775320749 -0.016363504366745652 -0.05190652858093614 -0.00026566802493954754 0.0034181753814774675
leaf_weight=368.34344216654426 1146.0524720701119 1201.4283814085647 147.71205367737639 257.99978961687793 319.12976318362416 1240.0382561164079 705.19300033967011 1324.8425089269881 1938.6517144286204 714.32117184046365 496.23994655019442 519.42960619559017 89.171221137403336 347.42020464326197 453.14768880092333 241.63000488305352 694.45391290202679 143.0194819201638 783.10983525870688 476.10226493489063 1007.2865023276463 106.92975660325465 434.52988624495265 164.86477019500035 330.54892714779407 258.8093492462358 1024.3290338428374 119.38968587869931 436.47865525997986 304.03980647781282
leaf_count=48896 132437 3432 9713 2977 8252 47071 2938 3039 92635 3403 35785 3708 12747 3340 40730 25366 6107 19705 13920 43804 6536 9779 66328 16127 37962 4153 67718 12227 12978 6354
internal_value=0 0.00292436 -0.00184155 0.00651704 -0.0175285 0.0212565 0.00992043 0.00886403 0.00228041 0.0139124 0.0210998 0.00400852 0.00481935 0.00745225 0.00196512 -0.00131075 0.00538705 -0.0137719 -0.0177102 -0.00617682 0.0130697 -0.00363545 -0.0226895 -0.026114 -0.0205252 -0.00410749 -0.0252434 -0.0200737 -0.00901686 0.0196755
internal_weight=0 15250.4 12103.7 7927.82 2544.29 3146.66 1945.23 7559.48 4914.93 2976.28 2644.55 1319.71 2261.96 2172.78 1825.36 1398.23 1156.6 462.149 4175.87 1259.21 1372.22 364.93 2916.66 2332.47 1897.94 423.674 1474.27 1143.72 584.191 823.469
internal_count=800167 608300 554859 269929 191867 53441 50009 221033 172147 79512 48886 45847 76109 63362 60022 59430 34064 27957 284930 57724 19292 12756 227206 204515 138187 20280 117907 79945 22691 10062
is_linear=0
shrinkage=0.05


Tree=10
num_leaves=31
num_cat=0
split_feature=0 0 0 0 0 0 0 0 0 0 0 0 0 0 0 0 0 0 0 0 0 0 0 0 0 0 0 0 0 0
split_gain=324.507 456.17 559.692 314.077 285.462 235.319 312.725 196.07 388.999 300.326 276.775 194.214 132.72 126.104 236.881 104.877 98.8062 87.6159 75.1188 162.741 55.1818 50.5893 71.329 67.6315 91.5348 78.3955 54.7985 49.2402 83.8177 48.7867
threshold=4516.5000000000009 4152.5000000000009 1983.5000000000002 410.50000000000006 5595.5000000000009 4168.5000000000009 4506.5000000000009 1670.5000000000002 1018.5000000000001 1005.5000000000001 1680.5000000000002 1924.5000000000002 898.50000000000011 879.50000000000011 554.50000000000011 5836.5000000000009 5793.5000000000009 5646.5000000000009 3761.5000000000005 3840.5000000000005 4204.5000000000009 4447.5000000000009 4429.5000000000009 4276.5000000000009 4257.5000000000009 4301.5000000000009 4226.5000000000009 521.50000000000011 433.50000000000006 1942.5000000000002
decision_type=2 2 2 2 2 2 2 2 2 2 2 2 2 2 2 2 2 2 2 2 2 2 2 2 2 2 2 2 2 2
left_child=1 2 3 -1 -2 -3 20 8 9 12 -9 -12 13 14 27 16 17 -6 -4 -20 -7 22 23 24 26 -25 -22 28 -5 -13
right_child=4 5 18 7 15 6 -8 10 -10 -11 11 29 -14 -15 -16 -17 -18 -19 19 -21 21 -23 -24 25 -26 -27 -28 -29 -30 -31
leaf_value=-0.03978115754357589 -0.035812315988059361 0.036324572554202204 -0.021182387067527168 0.011869008383988962 0.0012097769209512988 -0.056364691727272855 0.035367737761260891 0.036361412320245909 -0.015074194643127646 0.041679124442431589 -0.02215342660525136 0.02711042381171036 -0.057094951671190108 0.033730795482101443 -0.030306395747771622 -0.032060740953775618 0.017009123502151651 -0.046714189028121474 0.0075635477415879815 -0.030072620352686694 0.0082493995345480197 -0.048129705976968411 0.022169674264904505 -0.073632623837324607 0.041102315115017593 -0.012703525575151496 -0.048498057596602771 0.018016509705327515 -0.04292504493065788 0.0016987650516069699
leaf_weight=355.07797578959344 1097.5832762442599 1264.1543216714635 2854.3866377255122 237.69876955227005 316.85642007621937 53.560900814210981 691.26691731088795 1251.1009905471001 1913.5850537053457 731.07611120058573 472.66560771214517 530.09818075168005 83.688112018215179 367.15561799169518 438.09457985723589 232.76124610472675 670.21554644864227 136.43801519098497 773.92834651523299 456.73581210526618 111.13853815006041 62.739903480769499 239.45291466655181 59.196048089899705 134.0154829833009 488.12529951456236 68.925048819204676 957.12484804574342 98.802719268815054 293.42239039905689
leaf_count=48896 132437 3432 227206 2977 8252 2908 2938 3039 92635 3403 35785 3708 12747 3340 40730 25366 6107 19705 13920 43804 3528 8951 3113 2934 3469 18947 3221 6536 9779 6354
internal_value=0 0.00275968 -0.00176063 0.00615079 -0.0168551 0.0195933 0.00851034 0.00836239 0.00243996 0.0139427 0.0195857 0.0033934 0.00465205 0.00711408 0.00147086 -0.0015137 0.00481483 -0.013215 -0.0167303 -0.00640435 -0.00674297 -0.00445885 -0.00196996 -0.00868032 0.00981422 -0.0192934 -0.0134725 0.0122324 -0.00421948 0.0180562
internal_weight=0 14987.2 11814.6 7729.59 2453.85 3172.58 1908.42 7374.51 4827.23 2913.64 2547.29 1296.19 2182.56 2098.88 1731.72 1356.27 1123.51 453.294 4085.05 1230.66 1217.15 1163.59 1100.85 861.4 314.079 547.321 180.064 1293.63 336.501 823.521
internal_count=800167 608300 554859 269929 191867 53441 50009 221033 172147 79512 48886 45847 76109 63362 60022 59430 34064 27957 284930 57724 47071 44163 35212 32099 10218 21881 6749 19292 12756 10062
is_linear=0
shrinkage=0.05


Tree=11
num_leaves=31
num_cat=0
split_feature=0 0 0 0 0 0 0 0 0 0 0 0 0 0 0 0 0 0 0 0 0 0 0 0 0 0 0 0 0 0
split_gain=305.2 443.65 507.211 280.673 265.002 191.387 220.223 186.629 364.772 265.816 240.257 183.688 117.903 114.861 211.404 91.549 87.9913 80.4748 155.497 77.4257 45.5012 61.0442 54.1357 126.184 57.3626 45.8697 44.0564 49.7202 43.0625 114.514
threshold=4542.5000000000009 4152.5000000000009 1983.5000000000002 410.50000000000006 5595.5000000000009 4168.5000000000009 4506.5000000000009 1670.5000000000002 1018.5000000000001 1005.5000000000001 1680.5000000000002 1924.5000000000002 898.50000000000011 879.50000000000011 554.50000000000011 5836.5000000000009 5793.5000000000009 3761.5000000000005 3840.5000000000005 5646.5000000000009 4447.5000000000009 4429.5000000000009 4276.5000000000009 4257.5000000000009 4301.5000000000009 4343.5000000000009 1942.5000000000002 1967.5000000000002 2128.5000000000005 2765.5000000000005
decision_type=2 2 2 2 2 2 2 2 2 2 2 2 2 2 2 2 2 2 2 2 2 2 2 2 2 2 2 2 2 2
left_child=1 2 3 -1 -2 -3 20 8 9 12 -9 -12 13 14 -5 16 19 28 -19 -6 21 22 23 -7 -24 -26 -13 -28 -4 -30
right_child=4 5 17 7 15 6 -8 10 -10 -11 11 26 -14 -15 -16 -17 -18 18 -20 -21 -22 -23 24 -25 25 -27 27 -29 29 -31
leaf_value=-0.038280692554697689 -0.035920237107983422 0.034361524654606089 -0.0083885161703697742 0.011709150181672692 0.00047737927939200156 -0.019154288998749699 0.030747521205192453 0.034374903032061331 -0.014774213922717862 0.039783933593123842 -0.021343054159931724 0.025441524126199697 -0.05518844938379483 0.03159365633068803 -0.029858665527708723 -0.03077774767673255 0.015849153630133127 0.0076967327786767407 -0.029437949944718558 -0.045337033599074976 -0.046306529297666134 0.020912437408663505 -0.070085556518484068 0.039788005770524604 0.0059268002235721836 -0.026104444528413789 -0.03020863481209048 0.015647175465518113 -0.047692254609904922 -0.018656112136118098
leaf_weight=346.27188378404117 1020.1313482586704 1260.3650504900143 541.01625884964415 1176.3219778576681 311.0104803566428 207.03364556301312 733.03173488059838 1246.9425214501102 1935.2804641264834 714.84878198229126 469.31137801831892 577.80427268968197 79.859493840336654 377.12407304701628 413.35209404726538 227.88513002360969 645.29291193568497 784.75321908917226 439.94512504211639 131.08878396528894 60.798030306179498 232.30495936713123 48.646706950919906 161.73361981121707 189.09059981285827 273.32718995141477 86.716554238999379 185.70500188591541 418.22956305622438 1805.268446021922
leaf_count=48896 129042 3432 22691 19292 8252 9657 6333 3039 92635 3403 35785 3708 12747 3340 40730 25366 6107 13920 43804 19705 8951 3113 2934 3469 6613 12334 3156 3198 66328 138187
internal_value=0 0.00265657 -0.00187183 0.00569865 -0.0167956 0.0192448 0.00924849 0.00779534 0.00187069 0.0135355 0.0186377 0.00376636 0.00436761 0.00678581 0.000900555 -0.00196244 0.00407639 -0.0163127 -0.00564306 -0.0131073 -0.00418744 -0.00188488 -0.00790413 0.00669657 -0.0184395 -0.0130063 0.0176264 0.00105047 -0.0210395 -0.0241177
internal_weight=0 14765.1 11598.8 7609.54 2335.41 3166.33 1905.97 7263.27 4696.79 2761.51 2566.48 1319.54 2046.66 1966.8 1589.67 1315.28 1087.39 3989.21 1224.7 442.099 1172.93 1112.14 879.832 368.767 511.064 462.418 850.226 272.422 2764.51 2223.5
internal_count=800167 611695 554859 269929 188472 56836 53404 221033 172147 79512 48886 45847 76109 63362 60022 59430 34064 284930 57724 27957 47071 38120 35007 13126 21881 18947 10062 6354 227206 204515
is_linear=0
shrinkage=0.05


Tree=12
num_leaves=31
num_cat=0
split_feature=0 0 0 0 0 0 0 0 0 0 0 0 0 0 0 0 0 0 0 0 0 0 0 0 0 0 0 0 0 0
split_gain=284.366 423.287 463.027 251.018 212.48 176.245 322.522 236.603 209.894 167.004 153.421 205.647 103.63 104.848 185.968 77.4941 75.4797 70.5 141.03 67.8803 42.0775 49.0392 52.9115 53.5678 76.9271 75.5706 41.693 41.6659 77.2318 41.2392
threshold=4516.5000000000009 4152.5000000000009 1983.5000000000002 410.50000000000006 5595.5000000000009 1670.5000000000002 1018.5000000000001 1005.5000000000001 1680.5000000000002 1924.5000000000002 4168.5000000000009 4506.5000000000009 898.50000000000011 879.50000000000011 554.50000000000011 5836.5000000000009 5793.5000000000009 3761.5000000000005 3840.5000000000005 5646.5000000000009 4447.5000000000009 4429.5000000000009 4343.5000000000009 4257.5000000000009 4276.5000000000009 4301.5000000000009 654.50000000000011 521.50000000000011 433.50000000000006 1465.5000000000002
decision_type=2 2 2 2 2 2 2 2 2 2 2 2 2 2 2 2 2 2 2 2 2 2 2 2 2 2 2 2 2 2
left_child=1 2 3 -1 -2 6 7 12 -7 -10 -3 20 13 14 27 16 19 -4 -19 -6 21 22 23 -12 -25 -26 -16 28 -5 -8
right_child=4 10 17 5 15 8 29 -9 9 -11 11 -13 -14 -15 26 -17 -18 18 -20 -21 -22 -23 -24 24 25 -27 -28 -29 -30 -31
leaf_value=-0.036977867495133626 -0.032869529836519966 0.032573662894539647 -0.020342748132696601 0.011575304187467751 -0.00026637058881355595 0.032674152725672312 -0.0095652521403771333 0.037924422857222216 -0.02039307649556384 0.017045722665923406 -0.019508450080196457 0.031763045522326568 -0.053534627387242517 0.029321915616976849 -0.065900376949036665 -0.029434824798184385 0.014200294872489387 0.0073884143676870078 -0.028776696545853249 -0.04400692202915743 -0.044506685151238332 0.019626553831843686 -0.025324664860049879 0.038495372266614293 -0.068103039172826466 0.0068042226862176499 -0.021978432395732668 0.016279346366671742 -0.041532590725734286 -0.025987772353713523
leaf_weight=334.41631834389773 1051.1979477163279 1249.8423672663048 2697.6313226690518 220.95336763477735 304.23136263654305 1238.072852659971 1427.3301939266967 691.97726667419192 457.8563403252333 852.44160228498367 198.29216477738373 673.44269795017317 75.156210468545396 394.77478556892311 64.565442234097191 221.01904623496603 625.93607260427962 748.03855861737952 421.44538379813571 125.20041134823737 58.078638492237587 230.92824639684113 256.91834594318243 164.90061928844807 40.542476519691263 198.6326817001609 331.13933933687531 851.71435465036484 99.188062594577787 522.10087976901605
leaf_count=48896 132437 3432 227206 2977 8252 3039 66106 3403 35785 10062 9657 2938 12747 3340 10303 25366 6107 13920 43804 19705 8951 3113 12334 3469 2934 6613 30427 6536 9779 26529
internal_value=0 0.00260409 -0.00182463 0.00537246 -0.0162229 0.00733208 0.00156971 0.0126638 0.017912 0.00396351 0.0190826 0.00982671 0.00408478 0.00629157 0.000491597 -0.00251327 0.00312474 -0.0158977 -0.00564436 -0.0130189 -0.00303835 -0.000829224 -0.0063266 0.00177634 0.0122214 -0.00589327 -0.029145 0.0104991 -0.00487889 -0.0139636
internal_weight=0 14500.4 11428.8 7561.69 2327.58 7227.27 4678.9 2729.47 2548.37 1310.3 3071.58 1821.74 2037.49 1962.34 1567.56 1276.39 1055.37 3867.12 1169.48 429.432 1148.29 1090.21 859.286 602.368 404.076 239.175 395.705 1171.86 320.141 1949.43
internal_count=800167 608300 554859 269929 191867 221033 172147 79512 48886 45847 53441 50009 76109 63362 60022 59430 34064 284930 57724 27957 47071 38120 35007 22673 13016 9547 40730 19292 12756 92635
is_linear=0
shrinkage=0.05


Tree=13
num_leaves=31
num_cat=0
split_feature=0 0 0 0 0 0 0 0 0 0 0 0 0 0 0 0 0 1 1 0 0 0 1 0 0 0 0 0 0 0
split_gain=269.037 385.798 439.009 226.523 182.702 148.382 288.238 205.471 192.628 146.605 134.963 174.873 93.2736 103.622 161.175 67.9239 66.7242 64.6531 88.2841 62.8965 71.1056 60.555 42.2565 39.5287 39.1924 39.2535 38.4721 37.4015 33.6237 195.121
threshold=4516.5000000000009 4152.5000000000009 1983.5000000000002 410.50000000000006 5595.5000000000009 1670.5000000000002 1018.5000000000001 1005.5000000000001 1680.5000000000002 1924.5000000000002 4168.5000000000009 4506.5000000000009 898.50000000000011 879.50000000000011 554.50000000000011 5836.5000000000009 5793.5000000000009 1309.5000000000002 991.50000000000011 3761.5000000000005 3840.5000000000005 5646.5000000000009 1212.5000000000002 538.50000000000011 4447.5000000000009 4204.5000000000009 5630.5000000000009 654.50000000000011 1465.5000000000002 1421.5000000000002
decision_type=2 2 2 2 2 2 2 2 2 2 2 2 2 2 2 2 2 2 2 2 2 2 2 2 2 2 2 2 2 2
left_child=1 2 3 -1 -2 6 7 12 -7 -10 -3 24 13 14 23 16 21 18 -4 -19 -21 26 -20 -5 25 -12 -6 -16 29 -8
right_child=4 10 17 5 15 8 28 -9 9 -11 11 -13 -14 -15 27 -17 -18 19 22 20 -22 -23 -24 -25 -26 -27 -28 -29 -30 -31
leaf_value=-0.035535337784063065 -0.031807258585870461 0.030927030189283555 -0.015100393110136124 0.0020443621729192558 -0.014714657836062732 0.031041306089350535 -0.017389395687377945 0.036022947646600086 -0.019478556391800177 0.01581011160597217 -0.05152251257485814 0.030027920348627599 -0.051873598748334186 0.026910361670915314 -0.064063738478589052 -0.028387428812818829 0.013596029700993634 -0.016091950518906148 -0.050428727252897911 0.012512072768701657 -0.020192905412066479 -0.04239942524812243 -0.018292386441428526 0.02110193339623638 -0.042959068787693351 0.0016672625447074166 0.022909920360125322 -0.021227645987873592 -0.025793381448763683 0.035244089622945438
leaf_weight=325.21634694509066 1016.5540926845483 1242.9068416953096 972.67667517267682 704.82998412858956 177.63675978192623 1230.3057472105138 1218.0477524350517 674.99557874468155 454.17755112378109 836.1943925170126 35.846683485499852 664.92070151213557 71.451027456336305 466.18595413662842 60.377942541159655 215.85912629858922 573.38229608201073 1579.3319082806747 350.24728799014747 494.98180511021928 250.20129283090318 121.68693136510637 144.49152674611196 443.17767702844867 55.913077325423728 1071.8224289493955 110.02522671954648 326.6046343736798 425.88470860598045 205.84102715714107
leaf_count=48896 132437 3432 73261 16086 5612 3039 59025 3403 35785 10062 2908 2938 12747 3340 10303 25366 6107 131405 35327 8369 25913 19705 10655 3206 8951 35212 2640 30427 26529 7081
internal_value=0 0.00251061 -0.00178237 0.00527209 -0.0162149 0.00713653 0.00179111 0.0120635 0.0168859 0.00338941 0.0182143 0.00957303 0.00426056 0.00626481 -5.37508e-06 -0.00299069 0.00258776 -0.0156298 -0.023847 -0.0104424 0.00153111 -0.0128317 -0.0410431 0.00940136 -0.00211577 -5.40792e-05 -0.000323974 -0.027911 -0.0134673 -0.00978056
internal_weight=0 14306.6 11235.2 7443.29 2215.14 7118.07 4597.4 2747.62 2520.68 1290.37 3071.41 1828.5 2072.63 2001.18 1534.99 1198.59 982.731 3791.93 1467.42 2324.52 745.183 409.349 494.739 1148.01 1163.58 1107.67 287.662 386.983 1849.77 1423.89
internal_count=800167 608300 554859 269929 191867 221033 172147 79512 48886 45847 53441 50009 76109 63362 60022 59430 34064 284930 119243 165687 34282 27957 45982 19292 47071 38120 8252 40730 92635 66106
is_linear=0
shrinkage=0.05


Tree=14
num_leaves=31
num_cat=0
split_feature=0 0 0 0 0 0 0 0 0 0 0 0 0 0 0 0 0 0 0 0 0 0 0 0 0 0 0 0 0 0
split_gain=250.421 343.187 411.521 207.957 166.447 123.794 256.248 186.816 178.038 144.454 131.472 122.231 155.166 62.0022 57.6024 56.8689 117.914 55.4978 37.0362 141.406 36.4626 70.1874 35.8733 36.3967 56.1041 51.6486 63.7091 66.3798 35.5964 173.918
threshold=4516.5000000000009 4152.5000000000009 1983.5000000000002 410.50000000000006 5595.5000000000009 1670.5000000000002 1018.5000000000001 879.50000000000011 1680.5000000000002 554.50000000000011 1902.5000000000002 4168.5000000000009 4506.5000000000009 5836.5000000000009 5793.5000000000009 3761.5000000000005 3840.5000000000005 5646.5000000000009 1005.5000000000001 898.50000000000011 521.50000000000011 433.50000000000006 4447.5000000000009 4429.5000000000009 4343.5000000000009 4257.5000000000009 4276.5000000000009 4301.5000000000009 1465.5000000000002 1421.5000000000002
decision_type=2 2 2 2 2 2 2 2 2 2 2 2 2 2 2 2 2 2 2 2 2 2 2 2 2 2 2 2 2 2
left_child=1 2 3 -1 -2 6 7 9 -7 20 -10 -3 22 14 17 -4 -17 -6 19 -9 21 -5 23 24 25 -13 -27 -28 29 -8
right_child=4 11 15 5 13 8 28 18 10 -11 -12 12 -14 -15 -16 16 -18 -19 -20 -21 -22 -23 -24 -25 -26 26 27 -29 -30 -31
leaf_value=-0.034241826949368108 -0.03084079181843807 0.029395567957391122 -0.019094144178617049 0.010902478817450779 -0.00019435417848090325 0.029611932739944183 -0.016431557863087597 0.025988684777360341 -0.022515879332108676 -0.026792035702883927 0.013039477785374749 -0.018126192551431955 0.0284032510824789 -0.027561477368952397 0.012569643177273935 0.0064776301191077192 -0.027241990400386551 -0.040985719676574342 0.03424266834030805 -0.050508728453182397 0.015238715704083083 -0.040234071359150553 -0.041573436664997167 0.018056011314695208 -0.024495032512855425 0.0362463855377545 -0.066007251379172391 0.0073592215535360555 -0.025643802281272162 0.033144823250956398
leaf_weight=317.97807439927328 995.7609073574165 1237.7022305950522 2639.0819186200201 213.3863686754712 283.51126928029407 1225.586436915677 1148.5635942748718 507.08522685839125 363.11320839728251 381.00125950621396 915.52437914555048 192.77779219555669 657.48915941012092 212.10382269473325 565.69536763738142 719.75603122646862 405.22908758345284 118.12503987605487 657.67199147329666 68.581100517395498 735.19207367173658 97.882519148060965 54.623882808591588 221.45329745618801 252.99611406766962 175.2690164897067 35.794458400960139 222.31580281527567 407.63707519156833 209.10977405522135
leaf_count=48896 132437 3432 227206 2977 8252 3039 59025 3340 32640 40730 13207 9657 2938 25366 6107 13920 43804 19705 3403 12747 6536 9779 8951 3113 12334 3469 2934 6613 26529 7081
internal_value=0 0.00244204 -0.00166888 0.00529635 -0.015788 0.00711045 0.00208392 0.0118832 0.0159946 -0.000431667 0.00294231 0.0172829 0.00901257 -0.00307931 0.00228882 -0.0150815 -0.00566846 -0.0121915 0.0261364 0.0168753 0.00916576 -0.00517807 -0.00202347 -6.05724e-05 -0.00462403 0.00340477 0.0129823 -0.00281516 -0.0126862 -0.00879577
internal_weight=0 14062.8 11012.4 7248.31 2175.2 6930.34 4426.11 2660.8 2504.22 1427.46 1278.64 3050.42 1812.72 1179.44 967.332 3764.07 1124.99 401.636 1233.34 575.666 1046.46 311.269 1155.23 1100.61 879.153 626.157 433.379 258.11 1765.31 1357.67
internal_count=800167 608300 554859 269929 191867 221033 172147 79512 48886 60022 45847 53441 50009 59430 34064 284930 57724 27957 19490 16087 19292 12756 47071 38120 35007 22673 13016 9547 92635 66106
is_linear=0
shrinkage=0.05


Tree=15
num_leaves=31
num_cat=0
split_feature=0 0 0 0 0 0 0 0 0 0 0 0 0 0 1 1 0 0 0 0 0 0 0 0 0 0 0 0 0 0
split_gain=226.903 305.171 381.981 187.752 160.589 114.244 121.332 103.877 223.933 168.688 167.611 128.679 113.396 55.8475 54.6148 77.6971 52.604 50.4326 55.9905 49.7647 35.9016 176.779 73.624 62.3007 35.4823 124.358 34.2168 34.0882 32.9332 32.657
threshold=4542.5000000000009 4152.5000000000009 1983.5000000000002 410.50000000000006 5595.5000000000009 4168.5000000000009 4506.5000000000009 1670.5000000000002 1018.5000000000001 879.50000000000011 1680.5000000000002 554.50000000000011 1865.5000000000002 5836.5000000000009 1309.5000000000002 838.50000000000011 5793.5000000000009 3761.5000000000005 3840.5000000000005 5646.5000000000009 1465.5000000000002 1421.5000000000002 1322.5000000000002 1585.5000000000002 1005.5000000000001 898.50000000000011 654.50000000000011 538.50000000000011 5630.5000000000009 4447.5000000000009
decision_type=2 2 2 2 2 2 2 2 2 2 2 2 2 2 2 2 2 2 2 2 2 2 2 2 2 2 2 2 2 2
left_child=1 2 3 -1 -2 -3 29 8 9 11 -9 27 -12 16 15 -4 19 -16 -19 28 21 22 -10 -22 25 -11 -13 -5 -6 -7
right_child=4 5 14 7 13 6 -8 10 20 24 12 26 -14 -15 17 -17 -18 18 -20 -21 23 -23 -24 -25 -26 -27 -28 -29 -30 -31
leaf_value=-0.032895512850587352 -0.031002803941611836 0.028025941809228558 -0.012285136127721724 0.0012210003631018783 -0.014578355012545228 8.181596396670766e-05 0.024703128239582345 0.028248826278988823 -0.0096506657578312172 0.023830980457767825 -0.025788414355708646 -0.061758642266002521 0.010313818885920124 -0.026409786826700705 -0.014959983537739342 -0.035978281550810794 0.012137785650799014 0.010806576331694582 -0.018701832194104647 -0.039669516411514415 -0.048434300743411027 0.032515926695737114 -0.042091417356084362 -0.0081713536395633911 0.032938844917213342 -0.049075392604201649 -0.019403013585963629 0.019973690536580758 0.020635379329848838 -0.04023794494490654
leaf_weight=310.94071448342129 920.83341507184991 1230.1852919156659 810.41384839376065 617.18795602474074 164.6957489611159 1078.6935570371065 698.82247364981231 1216.6806083777919 911.68445005546346 554.82239259139897 281.23053657142646 56.188178595402405 959.89756331381795 208.28590569661833 1561.0815237793936 603.83477077670364 551.59657529099786 483.80552006111975 240.74793004370986 113.86213232547198 164.36261971249041 226.6608992346446 216.4106176249029 231.25956971912547 638.15825893124565 65.382712014070421 314.97745446167846 399.00154444228974 111.24606527129072 52.672647450021032
leaf_count=48896 129042 3432 60895 16086 5612 38120 6333 3039 46147 3340 26279 10303 19568 25366 131405 58348 6107 8369 25913 19705 12608 7081 12878 13921 3403 12747 30427 3206 2640 8951
internal_value=0 0.0022963 -0.00163214 0.00510495 -0.0154436 0.0162428 0.00832259 0.00682891 0.00222633 0.0114052 0.0150612 -0.000618801 0.00213332 -0.00298157 -0.0146785 -0.0224013 0.00220195 -0.00990005 0.00100179 -0.0118579 -0.0116477 -0.00777801 -0.015874 -0.0248987 0.0246618 0.0161451 -0.0258149 0.00858415 -0.000381922 -0.00179534
internal_weight=0 13925.1 10864.7 7164.85 2070.52 3060.37 1830.19 6853.91 4396.1 2645.72 2457.81 1387.36 1241.13 1149.69 3699.88 1414.25 941.401 2285.63 724.553 389.804 1750.38 1354.76 1128.1 395.622 1258.36 620.205 371.166 1016.19 275.942 1131.37
internal_count=800167 611695 554859 269929 188472 56836 53404 221033 172147 79512 48886 60022 45847 59430 284930 119243 34064 165687 34282 27957 92635 66106 59025 26529 19490 16087 40730 19292 8252 47071
is_linear=0
shrinkage=0.05


Tree=16
num_leaves=31
num_cat=0
split_feature=0 0 0 0 0 0 0 0 0 0 0 0 0 0 0 0 0 0 0 0 0 0 0 0 0 0 0 0 0 0
split_gain=204.77 276.083 362.219 172.961 142.361 105.359 121.938 88.2494 184.481 156.83 149.369 116.45 101.354 62.1901 52.3628 52.7661 60.8826 78.2934 51.105 80.3526 49.8044 36.696 52.0325 34.3803 61.621 34.0175 169.354 56.8887 55.1144 33.097
threshold=4516.5000000000009 4152.5000000000009 1983.5000000000002 410.50000000000006 5630.5000000000009 4168.5000000000009 4506.5000000000009 1670.5000000000002 1018.5000000000001 879.50000000000011 1680.5000000000002 554.50000000000011 1924.5000000000002 5836.5000000000009 3216.5000000000005 2128.5000000000005 2765.5000000000005 2908.5000000000005 3840.5000000000005 3778.5000000000005 2887.5000000000005 1942.5000000000002 1967.5000000000002 521.50000000000011 433.50000000000006 1465.5000000000002 1421.5000000000002 1585.5000000000002 1322.5000000000002 2050.5000000000005
decision_type=2 2 2 2 2 2 2 2 2 2 2 2 2 2 2 2 2 2 2 2 2 2 2 2 2 2 2 2 2 2
left_child=1 2 3 -1 -2 -3 -7 8 9 11 -9 23 -12 -6 15 29 -17 20 19 -16 -18 -14 -23 24 -5 26 28 -27 -10 -4
right_child=4 5 14 7 13 6 -8 10 25 -11 12 -13 21 -15 18 16 17 -19 -20 -21 -22 22 -24 -25 -26 27 -28 -29 -30 -31
leaf_value=-0.031726638434600128 -0.026763150583372915 0.027550354191554539 -0.028906399141776951 0.0094557322168853861 0.0055147512210766978 -0.0017432061581768004 0.025650983080974757 0.026160119740952861 -0.0099443673971642312 0.023791803323172725 -0.0175915966762932 -0.025032730559279123 0.020525957129591391 -0.025464210875980914 -0.012965331915879031 -0.04321376587487552 -0.021896161357686347 -0.03644293069937584 -0.025669657614087737 0.0099499446092014242 0.016971888665227655 -0.03508642181315641 0.012275240421006346 0.014383686918677719 -0.039058949423742162 -0.047627464305222716 0.030188561503629464 -0.0079966645053363358 -0.039792709993631444 0.00095556059633582235
leaf_weight=304.95253519027756 1114.9468491884254 1162.1765655130148 128.87894999401442 206.60873537175894 796.98365418407593 1124.4923711142474 635.95939287729561 1280.3914116802625 906.67829446526048 1232.2594819437936 436.79510456623757 364.55441250523336 503.11686558718793 203.33750274988961 1201.5136376945511 394.10451277394577 155.88791994582152 305.83958650801287 390.07253539356407 561.24753127331496 174.87423806413426 83.641362773894798 189.09874984776252 672.81470132079266 95.800811995157346 148.0471319335611 255.37012858655362 233.16980750510083 186.46028108386508 331.3409133264322
leaf_count=48896 138049 3432 9713 2977 28452 47071 2938 3039 46147 19490 35785 40730 3708 25366 83083 66328 16127 37962 43804 10782 4153 3156 3198 6536 9779 12608 7081 13921 12878 12978
internal_value=0 0.00224073 -0.00146591 0.0051112 -0.0144767 0.0158662 0.00815289 0.0067645 0.0024266 0.0109179 0.0142496 -0.000922898 0.00167368 -0.000782411 -0.0142812 -0.0214837 -0.0277691 -0.0182078 -0.00929318 -0.00566931 -0.00134659 0.0125197 -0.00224919 0.00808974 -0.00591331 -0.0101996 -0.00647148 -0.0233874 -0.0150357 -0.00740692
internal_weight=0 13666.1 10743.5 7099.76 2115.27 2922.63 1760.45 6794.81 4301.76 2572.04 2493.04 1339.78 1212.65 1000.32 3643.76 1490.93 1030.71 636.602 2152.83 1762.76 330.762 775.857 272.74 975.224 302.41 1729.73 1348.51 381.217 1093.14 460.22
internal_count=800167 608300 554859 269929 191867 53441 50009 221033 172147 79512 48886 60022 45847 53818 284930 147261 124570 58242 137669 93865 20280 10062 6354 19292 12756 92635 66106 26529 59025 22691
is_linear=0
shrinkage=0.05


Tree=17
num_leaves=31
num_cat=0
split_feature=0 0 0 0 0 0 0 0 0 0 0 0 0 0 0 0 0 0 0 0 0 0 0 0 0 0 0 0 0 0
split_gain=195.26 260.394 316.416 155.994 124.532 88.0242 110.952 72.0234 161.025 142.84 138.289 106.747 94.8039 47.9713 48.0976 70.2322 47.5844 56.3026 69.3766 44.9833 48.0337 46.9386 43.1152 31.8133 31.7501 41.8146 64.8649 45.1738 44.3513 31.3214
threshold=4516.5000000000009 4152.5000000000009 1983.5000000000002 410.50000000000006 5595.5000000000009 4168.5000000000009 4506.5000000000009 1670.5000000000002 1018.5000000000001 1680.5000000000002 879.50000000000011 554.50000000000011 1865.5000000000002 3216.5000000000005 3840.5000000000005 3778.5000000000005 2128.5000000000005 2765.5000000000005 2908.5000000000005 5836.5000000000009 5793.5000000000009 5646.5000000000009 2887.5000000000005 2050.5000000000005 4204.5000000000009 4276.5000000000009 4257.5000000000009 4301.5000000000009 4226.5000000000009 654.50000000000011
decision_type=2 2 2 2 2 2 2 2 2 2 2 2 2 2 2 2 2 2 2 2 2 2 2 2 2 2 2 2 2 2
left_child=1 2 3 -1 -2 -3 24 8 10 -9 11 -5 -11 16 15 -15 23 -18 22 20 21 -6 -19 -4 -7 26 28 -27 -26 -13
right_child=4 5 13 7 19 6 -8 9 -10 12 -12 29 -14 14 -16 -17 17 18 -20 -21 -22 -23 -24 -25 25 27 -28 -29 -30 -31
leaf_value=-0.030664091462896167 -0.027806178617742136 0.024614496034322537 -0.028411040766533766 0.0078690970824140932 -0.00070310491199998375 -0.048818379030434039 0.024400799380921549 0.026523244687881409 -0.0094849785683565561 -0.024502122581339596 0.02265630500878316 -0.059845299717846245 0.0091539070748370959 -0.012214417345169417 -0.024959122223571897 0.0092694761237865561 -0.041914173190181175 -0.021069951737219955 -0.035088075475211256 -0.024627414198372541 0.011364953088778764 -0.038773114780728368 0.015244668309384783 0.0010903030321799789 0.0093636124482774537 -0.063383479338782162 0.034397121520641942 -0.004255688239087646 -0.047469585103722067 -0.017937888798899983
leaf_weight=297.79837932752071 936.19213136507824 1335.4427811331116 126.9656364353566 978.35247002649794 280.91825672278355 34.863205142253719 627.7541616181843 1095.5041625997983 1690.2101926544783 270.67265599561961 1211.1248354068302 52.21558595499846 921.87401533495358 1188.1217488397806 380.18949272160535 559.5697882323002 378.55251243458611 152.97067696544309 294.46616925959825 199.89756447526452 529.92915911601449 113.75173187801738 175.5158929793397 326.07258087967057 102.86625888287381 33.830044627342431 183.11504958001751 715.65237882194015 51.520428550498764 305.14471411326122
leaf_count=48896 132437 3432 9713 19292 8252 2908 2938 3039 92635 26279 19490 10303 19568 83083 43804 10782 66328 16127 37962 25366 6107 19705 4153 12978 3528 2934 3469 31011 3221 30427
internal_value=0 0.00218973 -0.00159274 0.0047252 -0.0143352 0.0149474 0.00756861 0.00634033 0.00248009 0.0134888 0.0104207 -0.000673617 0.00151499 -0.0136256 -0.00884189 -0.00533578 -0.0206237 -0.0267062 -0.0174647 -0.00311994 0.00152996 -0.0116756 -0.00166644 -0.00717756 -0.0018502 -0.000343779 0.0142701 -0.00692459 -0.00960221 -0.0240612
internal_weight=0 13490.4 10405.3 6822.9 2060.69 3085.04 1749.6 6525.1 4237.05 2288.05 2546.84 1335.71 1192.55 3582.42 2127.88 1747.69 1454.54 1001.51 622.953 1124.5 924.599 394.67 328.487 453.038 1121.85 1086.98 337.502 749.482 154.387 357.36
internal_count=800167 608300 554859 269929 191867 53441 50009 221033 172147 48886 79512 60022 45847 284930 137669 93865 147261 124570 58242 59430 34064 27957 20280 22691 47071 44163 10218 33945 6749 40730
is_linear=0
shrinkage=0.05


Tree=18
num_leaves=31
num_cat=0
split_feature=0 0 0 0 0 0 0 0 0 0 0 0 0 0 1 1 0 0 1 0 0 0 0 0 0 0 0 0 0 0
split_gain=176.37 216.634 296.126 139.348 117.71 94.9994 86.3162 75.0728 147.79 125.955 123.942 91.5339 85.477 48.6168 47.5374 72.4455 39.8059 34.0872 32.871 31.6519 54.6368 30.3582 121.605 29.8948 30.7836 28.8174 27.626 147.207 48.8538 46.5891
threshold=4542.5000000000009 4152.5000000000009 1983.5000000000002 410.50000000000006 5630.5000000000009 4168.5000000000009 4506.5000000000009 1670.5000000000002 1018.5000000000001 879.50000000000011 1680.5000000000002 554.50000000000011 1865.5000000000002 5836.5000000000009 1309.5000000000002 991.50000000000011 3216.5000000000005 2128.5000000000005 1212.5000000000002 521.50000000000011 433.50000000000006 1005.5000000000001 898.50000000000011 4447.5000000000009 4204.5000000000009 654.50000000000011 1465.5000000000002 1421.5000000000002 1585.5000000000002 1322.5000000000002
decision_type=2 2 2 2 2 2 2 2 2 2 2 2 2 2 2 2 2 2 2 2 2 2 2 2 2 2 2 2 2 2
left_child=1 2 3 -1 -2 -3 23 8 9 11 -9 19 -12 -6 15 -4 17 -16 -17 20 -5 22 -11 24 -7 -13 27 29 -28 -10
right_child=4 5 14 7 13 6 -8 10 26 21 12 25 -14 -15 16 18 -18 -19 -20 -21 -22 -23 -24 -25 -26 -27 28 -29 -30 -31
leaf_value=-0.029375106876043292 -0.025756298836577929 0.025325188256670496 -0.012594881360548024 0.0079895159755977632 0.0043908379314342395 -0.049696578679581209 0.020974461097092369 0.024012002659510756 -0.0095785349407945773 0.021781516187723178 -0.023661194235525276 -0.058514372092964333 0.0086539164407455366 -0.023644860643067294 -0.0025238673319013163 -0.046728293214727087 -0.0032117225519474909 -0.024004060101081637 -0.016357209938162216 0.012998124177247281 -0.038217152231625286 0.029427448296713815 -0.048834689703133476 -0.038917358663869903 0.0015216751953401797 -0.017072278203618989 -0.045971690405408647 0.028482189447819786 -0.0077644721955204433 -0.038029879863580383
leaf_weight=287.55961967527946 1020.178204191353 1146.4308490473777 909.882815550337 202.35461572359827 759.13939451861916 30.209544993387681 670.81596381032432 1265.2141642854549 886.4147420344425 517.00782744575554 262.32588712550387 48.794433092732561 930.47658133046571 194.18917324699487 272.72750632917064 296.90903000167418 1339.605647705147 572.18978138765146 127.28334658208769 673.90272507973714 93.553444371580554 604.03240895096678 69.115314222986854 51.673955726459099 1015.257619304457 298.96314828198319 131.50835766467753 249.7204719397123 229.97748724626126 171.76828087934791
leaf_count=48896 134654 3432 73261 2977 28452 2908 6333 3039 46147 3340 26279 10303 19568 25366 13457 35327 80665 71565 10655 6536 9779 3403 12747 8951 35212 30427 12608 7081 13921 12878
internal_value=0 0.00206162 -0.0013027 0.00470045 -0.013952 0.0141148 0.00684551 0.00617725 0.00209743 0.00977093 0.0131104 -0.000879132 0.00154705 -0.00131992 -0.0131136 -0.0205505 -0.00857196 -0.0170706 -0.0376151 0.00701254 -0.00661905 0.0215611 0.0134545 -0.00179324 4.1686e-05 -0.0228871 -0.00942956 -0.00604807 -0.0216642 -0.0141969
internal_weight=0 13355.7 10441.3 6922.69 1973.51 2914.39 1767.96 6635.13 4177.11 2507.72 2458.02 1317.57 1192.8 953.329 3518.6 1334.08 2184.52 844.917 424.192 969.811 295.908 1190.16 586.123 1097.14 1045.47 347.758 1669.39 1307.9 361.486 1058.18
internal_count=800167 611695 554859 269929 188472 56836 53404 221033 172147 79512 48886 60022 45847 53818 284930 119243 165687 85022 45982 19292 12756 19490 16087 47071 38120 40730 92635 66106 26529 59025
is_linear=0
shrinkage=0.05


Tree=19
num_leaves=31
num_cat=0
split_feature=0 0 0 0 0 0 0 0 0 0 0 0 0 1 1 0 0 0 0 0 0 0 0 0 0 1 0 0 0 0
split_gain=166.466 194.625 287.583 129.803 106.179 79.9795 92.9477 61.6716 113.939 112.923 113.403 85.2072 78.103 45.8428 65.9634 45.4632 36.6158 36.2343 152.459 41.3759 39.0907 142.285 75.1852 34.8506 31.7713 29.2962 27.6508 47.7101 27.0623 108.479
threshold=4516.5000000000009 4152.5000000000009 1983.5000000000002 410.50000000000006 5630.5000000000009 4168.5000000000009 4506.5000000000009 1670.5000000000002 1680.5000000000002 1018.5000000000001 879.50000000000011 554.50000000000011 1865.5000000000002 1309.5000000000002 991.50000000000011 5836.5000000000009 3216.5000000000005 1421.5000000000002 1465.5000000000002 1585.5000000000002 1194.5000000000002 1178.5000000000002 1149.5000000000002 1070.5000000000002 2128.5000000000005 1212.5000000000002 521.50000000000011 433.50000000000006 1005.5000000000001 898.50000000000011
decision_type=2 2 2 2 2 2 2 2 2 2 2 2 2 2 2 2 2 2 2 2 2 2 2 2 2 2 2 2 2 2
left_child=1 2 3 -1 -2 -3 -7 9 -9 10 11 26 -10 14 -4 -6 24 20 -19 -20 21 22 23 -11 -15 -16 27 -5 29 -12
right_child=4 5 13 7 15 6 -8 8 12 17 28 -13 -14 16 25 -17 -18 18 19 -21 -22 -23 -24 -25 -26 -27 -28 -29 -30 -31
leaf_value=-0.028492770066718499 -0.024403059299758688 0.023237278429317956 -0.012776361611996169 0.0074105638704892937 0.004458968786864274 -0.0023472591994459099 0.022134461711353345 0.023480192063560706 -0.022908304244608282 -0.032634195799008274 0.020748887135229536 -0.022361682408189448 0.008333028219189147 -0.0026363459175791173 -0.04585305657419958 -0.022993338339881056 -0.0032915713889088644 0.027736759504825098 -0.044497162455058463 -0.0082467606373164051 -0.023256976530946168 0.050938881626667092 -0.07701665299555023 0.00059422999434366247 -0.023486762124628732 -0.016548541362426988 0.012496211058768636 -0.036692415683616801 0.028195525683570966 -0.047671726698571643
leaf_weight=280.82574674470288 1051.4641147109696 1215.8088680175133 917.44734383447349 200.92952719552 734.86451385775399 1083.1953559230606 603.81914212973788 1201.0183983100578 254.5203335313663 110.63241763923725 507.92660478977632 339.15023284996983 934.86340922860472 271.81160131455522 282.57901326462934 189.75774583794646 1344.6639081422554 302.69299899002363 120.36873204124458 227.47359342099116 502.96960213760485 96.984394133407477 45.312773088557151 275.19560752281359 557.30382226350252 122.15506319414999 659.01694733255863 88.256868971047879 590.55950995231979 65.388669438834768
leaf_count=48896 138049 3432 73261 2977 28452 47071 2938 3039 26279 6667 3340 40730 19568 13457 35327 25366 80665 7081 12608 13921 32175 3154 3335 13694 71565 10655 6536 9779 3403 12747
internal_value=0 0.00202572 -0.00119702 0.00479164 -0.0135345 0.013461 0.00641528 0.00622453 0.012617 0.00252718 0.00937275 -0.000852999 0.00164759 -0.0128526 -0.0201941 -0.00117499 -0.00838719 -0.00745125 0.00178889 -0.020791 -0.013281 -0.00378022 -0.0160892 -0.0089337 -0.0166513 -0.0370085 0.00684016 -0.00604924 0.0206834 0.0129453
internal_weight=0 13202.9 10300 6804.09 1976.09 2902.82 1687.01 6523.26 2390.4 4132.86 2451.23 1287.35 1189.38 3495.96 1322.18 924.622 2173.78 1681.63 650.535 347.842 1031.09 528.125 431.141 385.828 829.115 404.734 948.203 289.186 1163.87 573.315
internal_count=800167 608300 554859 269929 191867 53441 50009 221033 48886 172147 79512 60022 45847 284930 119243 53818 165687 92635 33610 26529 59025 26850 23696 20361 85022 45982 19292 12756 19490 16087
is_linear=0
shrinkage=0.05


Tree=20
num_leaves=31
num_cat=0
split_feature=0 0 0 0 0 0 0 0 0 0 0 0 0 1 1 0 0 0 0 0 0 0 0 0 0 0 0 0 0 0
split_gain=151.322 171.757 268.171 120.935 103.199 77.6492 72.0551 52.0958 106.835 93.135 107.144 77.2015 71.0275 41.8082 59.3742 34.703 39.9623 47.2823 32.9247 44.4573 30.4177 135.415 39.5804 35.97 118.481 58.0664 27.6886 26.9783 40.2531 26.6394
threshold=4542.5000000000009 4152.5000000000009 1983.5000000000002 410.50000000000006 5595.5000000000009 4168.5000000000009 4506.5000000000009 1670.5000000000002 1680.5000000000002 1018.5000000000001 879.50000000000011 554.50000000000011 1865.5000000000002 1309.5000000000002 838.50000000000011 5836.5000000000009 5793.5000000000009 5646.5000000000009 3761.5000000000005 3840.5000000000005 1421.5000000000002 1465.5000000000002 1585.5000000000002 1194.5000000000002 1178.5000000000002 1149.5000000000002 1132.5000000000002 521.50000000000011 433.50000000000006 4447.5000000000009
decision_type=2 2 2 2 2 2 2 2 2 2 2 2 2 2 2 2 2 2 2 2 2 2 2 2 2 2 2 2 2 2
left_child=1 2 3 -1 -2 -3 29 9 -9 10 11 27 -10 14 -4 16 17 -6 -15 -20 23 -22 -23 24 25 26 -11 28 -5 -7
right_child=4 5 13 7 15 6 -8 8 12 20 -12 -13 -14 18 -16 -17 -18 -19 19 -21 21 22 -24 -25 -26 -27 -28 -29 -30 -31
leaf_value=-0.027612306623178623 -0.026446503976079845 0.022267828359149529 -0.010764786545014846 0.0055579426234324729 0.00074834298786474447 -0.0004199114226624411 0.018871683288715635 0.022503608907925042 -0.022331611090881845 -0.01582379251790025 0.019967672304973916 -0.021817518034047072 0.0076447118317549039 -0.012332272726021869 -0.032736424795423075 -0.022383451321132009 0.010506804984347069 -0.03810777562888909 0.010209827476759614 -0.016900103996550116 0.026748059047051076 -0.043525752927322997 -0.0075914539985839791 -0.022134191535931009 0.047560317056612102 -0.072654950945351834 0.017329774907433544 0.01182040179796642 -0.035517200084562092 -0.037487320984539045
leaf_weight=277.87113320426124 829.12617910392601 1209.189743028488 761.07475890819069 201.63054231792148 254.78419940540334 1029.7055362177834 653.08424041694525 1194.0360862170346 250.41724028104636 284.03362267803095 1139.7507481091061 333.22777043732412 937.09333917856202 1522.9105013766239 515.90483825776619 187.63981133936886 501.53412262603524 113.02321087936434 442.80351237983996 229.65899430075751 294.01229043651256 113.80493146475601 234.59600898874851 473.3608869413556 94.349961528427229 39.006635617246502 80.918286822790833 651.66214059630875 84.702632996852117 50.865205780793985
leaf_count=48896 129042 3432 60895 2977 8252 38120 6333 3039 26279 16681 19490 40730 19568 131405 58348 25366 6107 19705 8369 25913 7081 12608 13921 32175 3154 3335 3680 6536 9779 8951
internal_value=0 0.00190649 -0.00117529 0.00468035 -0.0132412 0.0125428 0.00575986 0.00608097 0.0119425 0.0026128 0.0088359 -0.0011446 0.00132343 -0.0124477 -0.0196414 -0.00288265 0.00132643 -0.0111917 -0.00826341 0.00095126 -0.00668273 0.00175882 -0.0193294 -0.0122638 -0.00288758 -0.0146704 -0.00847288 0.00619956 -0.00659284 -0.00216477
internal_weight=0 13099.7 10156.8 6684.47 1886.11 2942.84 1733.65 6406.6 2381.55 4025.06 2410.97 1271.22 1187.51 3472.35 1276.98 1056.98 869.342 367.807 2195.37 672.463 1614.08 642.413 348.401 971.669 498.309 403.959 364.952 937.995 286.333 1080.57
internal_count=800167 611695 554859 269929 188472 56836 53404 221033 48886 172147 79512 60022 45847 284930 119243 59430 34064 27957 165687 34282 92635 33610 26529 59025 26850 23696 20361 19292 12756 47071
is_linear=0
shrinkage=0.05


Tree=21
num_leaves=31
num_cat=0
split_feature=0 0 0 0 0 0 0 0 0 0 0 0 0 1 1 0 0 0 0 0 0 0 0 0 0 0 0 0 0 0
split_gain=140.248 156.295 248.476 112.898 93.1962 71.8482 67.8435 62.5633 78.6054 93.5138 76.4224 90.5115 70.8734 38.941 82.1791 37.6636 27.5232 115.074 38.7412 100.994 39.802 35.3771 28.9276 27.2103 80.4621 36.8345 26.0666 27.594 27.1967 24.286
threshold=4542.5000000000009 4152.5000000000009 1942.5000000000002 410.50000000000006 5630.5000000000009 4168.5000000000009 4506.5000000000009 1670.5000000000002 1018.5000000000001 879.50000000000011 1680.5000000000002 1924.5000000000002 554.50000000000011 1259.5000000000002 1097.5000000000002 5836.5000000000009 1465.5000000000002 1421.5000000000002 1194.5000000000002 1178.5000000000002 1149.5000000000002 1585.5000000000002 1070.5000000000002 4276.5000000000009 4257.5000000000009 4301.5000000000009 654.50000000000011 769.50000000000011 824.50000000000011 4226.5000000000009
decision_type=2 2 2 2 2 2 2 2 2 2 2 2 2 2 2 2 2 2 2 2 2 2 2 2 2 2 2 2 2 2
left_child=1 2 3 -1 -2 -3 23 8 9 12 -9 -12 -5 14 -4 -6 17 18 19 20 22 -18 -10 24 29 -25 -14 -28 -29 -7
right_child=4 5 13 7 15 6 -8 10 16 -11 11 -13 26 -15 -16 -17 21 -19 -20 -21 -22 -23 -24 25 -26 -27 27 28 -30 -31
leaf_value=-0.026624319334823322 -0.023828166429634662 0.021424707895018727 -0.012555453531834366 0.0060244758613059394 0.0037182452047159979 -0.0043220880146850015 0.018288839004180147 0.021672998479631934 -0.031124460764942352 0.018825567328613343 -0.014098000411890164 0.017539617526931488 -0.0566367120907788 -0.007712695602631177 -0.045754575195710051 -0.021598958120124242 -0.04211236431397692 0.024862856263279731 -0.021388798682021558 0.045041898461333586 -0.067997832642180261 -0.0079365028419657452 0.00091288291776628729 -0.062210624807049836 0.031405985704303467 -0.0055720788446883551 -0.0023350117619124543 -0.061893857780246468 -0.013012727093931024 -0.046402777403239739
leaf_weight=271.89169518836843 947.3075204327838 1199.4800847074948 1036.8772498241246 928.65304414139814 724.48258369624455 126.63450214851036 643.90380575270683 1184.4845929550938 96.776971138708177 1128.1743069147642 434.0421804032112 471.79722023414797 44.508619514507473 2441.9616405152146 227.25487345040756 184.26633596133752 107.55780502395282 294.64557366809458 456.68143265127492 95.280206483774236 29.754094446725503 255.83000187619837 259.09879010750683 29.979309693368123 189.39971790996788 675.79346765722039 165.23558524752571 50.14523969077527 65.789948476845893 47.017153260334453
leaf_count=48896 134654 3432 84966 19292 28452 6436 6333 3039 6667 19490 35785 3708 10303 176764 29554 25366 12608 7081 32175 3154 3335 13921 13694 2934 3469 31011 17289 6658 6480 3221
internal_value=0 0.00184115 -0.00111528 0.00489656 -0.0128545 0.0120401 0.00546782 0.00630882 0.00262874 0.00838056 0.0133125 0.00238013 -0.00101392 -0.0114003 -0.0185237 -0.00141531 -0.00595959 -0.0023935 -0.010959 -0.0010547 -0.0124441 -0.0180521 -0.00779936 -0.0022561 0.00886716 -0.00797793 -0.0210834 -0.0154554 -0.0341552 -0.0157157
internal_weight=0 12958.6 10046.4 6340.35 1856.06 2912.21 1712.73 6068.46 3978.13 2382.51 2090.32 905.839 1254.33 3706.09 1264.13 908.749 1595.62 1232.24 937.591 480.91 385.63 363.388 355.876 1068.82 363.051 705.773 325.679 281.171 115.935 173.652
internal_count=800167 611695 554859 263575 188472 56836 53404 214679 172147 79512 42532 39493 60022 291284 114520 53818 92635 66106 59025 26850 23696 26529 20361 47071 13126 33945 40730 30427 13138 9657
is_linear=0
shrinkage=0.05


Tree=22
num_leaves=31
num_cat=0
split_feature=0 0 0 0 0 0 0 0 0 0 0 0 0 0 0 0 0 0 0 0 0 0 0 0 0 0 0 0 0 0
split_gain=130.243 148.538 237.127 104.211 78.2197 61.8429 70.9672 46.1518 77.9737 72.4696 75.8337 70.586 84.6723 40.6174 81.6193 33.0326 32.8444 31.5307 36.3397 53.2227 46.1295 36.4572 28.6847 98.8204 43.6296 95.1704 34.5617 30.1423 26.8324 25.457
threshold=4516.5000000000009 4152.5000000000009 1942.5000000000002 521.50000000000011 5630.5000000000009 4168.5000000000009 4506.5000000000009 1670.5000000000002 1018.5000000000001 1005.5000000000001 898.50000000000011 1680.5000000000002 1924.5000000000002 879.50000000000011 554.50000000000011 5836.5000000000009 172.50000000000003 4099.5000000000009 3761.5000000000005 3840.5000000000005 4006.5000000000005 3680.5000000000005 1465.5000000000002 1421.5000000000002 1194.5000000000002 1178.5000000000002 1149.5000000000002 1585.5000000000002 1132.5000000000002 433.50000000000006
decision_type=2 2 2 2 2 2 2 2 2 2 2 2 2 2 2 2 2 2 2 2 2 2 2 2 2 2 2 2 2 2
left_child=1 2 3 16 -2 -3 -7 8 9 10 13 -9 -13 14 -5 -6 -1 18 21 -20 -21 -4 23 24 25 26 28 -24 -10 -18
right_child=4 5 17 7 15 6 -8 11 22 -11 -12 12 -14 -15 -16 -17 29 -19 19 20 -22 -23 27 -25 -26 -27 -28 -29 -30 -31
leaf_value=-0.041364496262888059 -0.021882588960036507 0.020584530119755588 -0.012418828472757087 0.010938231876354523 0.0032821037542488684 -0.0020609484896703853 0.019696518523603435 0.020861111479339878 -0.014795071984266812 0.025008964540775197 -0.047566653842440916 -0.013598921280117207 0.017295489589071324 0.018443808684973986 -0.020037919775459153 -0.020587672836303725 -0.0043021395913267644 -0.053011499790957387 0.0062163953089309169 -0.040105008554691783 -0.0018405183735820557 -0.042524426007626237 -0.0404122443769264 0.023362105968251053 -0.021031923329003596 0.040808522022414931 -0.066225275892658642 -0.0081212891165839407 0.018392337600693844 -0.034953687977057273
leaf_weight=103.42847542710342 996.02614637228817 1191.7273990083486 2583.353068349747 635.7439536760794 717.47018165873578 1061.6979880833551 579.26850390294567 1176.8081215214916 266.30372375008847 571.00017316092271 67.86285583904646 434.08202642602737 453.45969236688688 476.87143132530036 319.54352117218332 181.63131783296922 359.78192255363911 44.402629107594294 629.98033537960873 141.79714052047666 177.18434963323216 104.63391199449961 102.05518751769341 304.82183037308278 433.01525536952704 113.79457908056065 26.724484202175518 247.61698001236346 78.964503853580027 83.451675300062561
leaf_count=19659 138049 3432 221333 6536 28452 47071 2938 3039 16681 3403 12747 35785 3708 3340 40730 25366 32214 6228 13920 21838 15738 12227 12608 7081 32175 3154 3335 13921 3680 9779
internal_value=0 0.00181529 -0.00106398 0.00486142 -0.0122315 0.0119154 0.00561953 0.00685849 0.00347488 0.00984942 0.00407877 0.0128318 0.00218554 0.00652599 0.000576714 -0.00153993 -0.0159935 -0.0111324 -0.0106211 -0.00220945 -0.0188503 -0.0135907 -0.0049163 -0.00130723 -0.00949152 0.000795227 -0.0114451 -0.0175457 -0.00720495 -0.0100732
internal_weight=0 12769.4 9936.68 6255.33 1895.13 2832.69 1640.97 5708.67 3644.32 2071.02 1500.02 2064.35 887.542 1432.16 955.287 899.101 546.662 3681.35 3636.95 948.962 318.981 2687.99 1573.3 1223.62 918.803 485.787 371.993 349.672 345.268 443.234
internal_count=800167 608300 554859 263575 191867 53441 50009 201923 159391 66756 63353 42532 39493 50606 47266 53818 61652 291284 285056 51496 37576 233560 92635 66106 59025 26850 23696 26529 20361 41993
is_linear=0
shrinkage=0.05


Tree=23
num_leaves=31
num_cat=0
split_feature=1 1 1 1 1 1 1 1 0 0 0 0 1 0 0 0 1 0 0 0 0 0 0 0 1 1 0 1 1 0
split_gain=131.745 381.851 110.474 124.083 83.9928 65.2118 69.4271 44.3013 36.2388 55.5603 64.5756 34.3906 33.7914 30.327 29.9293 48.4269 26.7761 26.463 25.9669 25.3097 23.511 31.9522 30.1913 35.488 23.1929 21.9643 21.8578 20.8273 59.9803 20.2672
threshold=1309.5000000000002 838.50000000000011 1212.5000000000002 1058.5000000000002 863.50000000000011 2357.5000000000005 2170.5000000000005 49.500000000000007 4542.5000000000009 4152.5000000000009 1942.5000000000002 1697.5000000000002 1406.5000000000002 5775.5000000000009 4152.5000000000009 4276.5000000000009 2160.5000000000005 1670.5000000000002 3370.5000000000005 410.50000000000006 1680.5000000000002 410.50000000000006 4152.5000000000009 4542.5000000000009 1178.5000000000002 1.0000000180025095e-35 1924.5000000000002 2197.5000000000005 2214.5000000000005 5595.5000000000009
decision_type=2 2 2 2 2 2 2 2 2 2 2 2 2 2 2 2 2 2 2 2 2 2 2 2 2 2 2 2 2 2
left_child=1 7 3 4 -3 6 12 25 9 10 19 17 -2 -10 -13 -16 20 -9 -12 -7 21 -14 -22 -24 -5 -1 -21 -8 -29 -25
right_child=5 2 -4 24 -6 8 27 11 13 -11 18 14 16 -15 15 -17 -18 -19 -20 26 22 -23 23 29 -26 -27 -28 28 -30 -31
leaf_value=-0.068412292224271962 0.020974717495851086 -0.050875559456195513 -0.0021446954286770798 -0.048314494315478324 -0.0078842808122306304 -0.023827234501830597 0.036414255696494924 0.0080851727015173441 -0.022231408159112009 0.011516917044155332 -0.018480951494593001 -0.0048518700627560515 -0.02921417796769793 0.002249518450172034 0.023303928739898783 -0.00052782450256722469 -0.037523698626567743 0.024605423997336517 -0.0038848627026712977 0.0029950605812498919 -0.0057466153462497746 0.011160990330960477 0.01431492146482724 -0.018994194906839627 -0.028115218259183679 -0.010164242132408831 0.022232403564974346 -0.012625111989354676 0.023117242496927176 0.0043153570767659093
leaf_weight=17.084475248645958 292.86709956080813 137.93647929586723 478.57917365665435 603.94713120495135 644.23411536037565 81.630304025415398 160.17708575291908 840.37777459403969 325.59824093543466 985.48853694850368 604.99856825148868 861.32986897991987 51.262297517773959 206.89206936714436 334.32073772698641 588.20930239271047 39.810277242058874 340.67485222125833 613.9066438515174 1775.8595571816977 989.57962966716195 1111.2509550870402 593.36458340750687 157.04406523700527 185.83781836699563 307.17874606121086 161.04816019674763 143.33510537784605 648.12538797208072 229.57800110660901
leaf_count=1626 12631 14056 29322 62327 43072 15288 5977 41708 45980 18276 54373 61604 9771 9422 3018 42641 2781 1245 36097 67200 66008 35308 11236 25767 16435 18331 1212 8867 26217 12371
internal_value=0 -0.00624381 -0.0231781 -0.0295817 -0.0154658 0.00363506 0.00800994 0.00431338 -0.000427918 0.00112201 -0.00204224 0.00623239 0.00472445 -0.0127197 0.00185074 0.0081087 0.00322403 0.0128504 -0.0111296 0.0034452 0.00374195 0.0093806 0.000413807 0.00663453 -0.0435616 -0.0132332 0.00459459 0.0199719 0.0166442 -0.00515287
internal_weight=0 5339.71 2050.53 1571.96 782.171 9171.82 4416.39 3289.18 4755.42 4222.93 3237.44 2964.91 3464.76 532.49 1783.86 922.53 3171.89 1181.05 1218.91 2018.54 3132.08 1162.51 1969.57 979.987 789.785 324.263 1936.91 951.638 791.46 386.622
internal_count=800167 335385 165212 135890 57128 464782 216934 170173 247848 192446 174170 150216 175873 55402 107263 45659 163242 42953 90470 83700 160461 45079 115382 49374 78762 19957 68412 41061 35084 38138
is_linear=0
shrinkage=0.05


Tree=24
num_leaves=31
num_cat=0
split_feature=0 0 0 0 0 0 0 0 0 0 0 0 0 0 0 0 0 0 1 1 0 0 0 0 0 0 0 0 0 0
split_gain=118.302 147.952 217.678 95.6311 77.6837 72.7086 72.1895 60.6488 87.045 81.153 59.0337 51.8927 50.2021 96.9217 48.982 40.295 62.2823 58.7627 29.4751 49.5226 27.934 26.643 31.022 49.1494 26.5977 38.8177 25.1176 25.3675 24.3022 24.285
threshold=4516.5000000000009 4152.5000000000009 1942.5000000000002 410.50000000000006 4168.5000000000009 5595.5000000000009 4506.5000000000009 1670.5000000000002 1680.5000000000002 1924.5000000000002 1194.5000000000002 1178.5000000000002 1421.5000000000002 1465.5000000000002 1149.5000000000002 879.50000000000011 1018.5000000000001 554.50000000000011 1309.5000000000002 838.50000000000011 1551.5000000000002 5836.5000000000009 5793.5000000000009 5646.5000000000009 3778.5000000000005 3840.5000000000005 654.50000000000011 769.50000000000011 1132.5000000000002 5811.5000000000009
decision_type=2 2 2 2 2 2 2 2 2 2 2 2 2 2 2 2 2 2 2 2 2 2 2 2 2 2 2 2 2 2
left_child=1 2 3 -1 -3 -2 -6 10 -9 -10 11 14 -12 -14 15 17 -17 -5 19 -4 -15 22 23 -7 -20 -26 -19 -28 -18 -24
right_child=5 4 18 7 6 21 -8 8 9 -11 12 -13 13 20 -16 16 28 26 24 -21 -22 -23 29 -25 25 -27 27 -29 -30 -31
leaf_value=-0.024705635225514239 -0.022500070063614638 0.021813003921288602 -0.0091428645619967951 0.0053518584260078533 -0.0026536693598771203 0.0025746632756255567 0.019116758487012667 0.023313642590189837 -0.01378369511207393 0.016838424237094404 -0.020831000504595781 0.038328067408921987 0.0214556302766498 -0.044459427560166069 -0.063980646602085467 0.016917500871462873 -0.014683004300257914 -0.055207929754923217 -0.010673302721918784 -0.029167894053085387 -0.0096693067647413838 -0.020011897363724475 0.019100955328658839 -0.037131159216278235 0.011149369126159041 -0.014815312040708135 -0.0018337388670835995 -0.032523083061395973 0.016862197723311455 -0.0034787641864982943
leaf_weight=265.44320272385903 851.80541842098728 1152.0575129664503 800.14834716927498 900.52147512124475 1090.7108450679498 243.43806537153432 585.02864350331947 1013.1667513675056 427.28150504755104 438.2931112164224 427.64616844240118 120.56304156128317 309.77429625624791 73.698383435170399 25.63900988547357 1101.2857183744118 265.5953543394271 42.718221053657089 1720.1527303509788 502.72159221444781 265.76018975255829 183.30610377482162 273.53068553181947 114.64119310755541 385.03590702312067 229.89485300520028 169.06860689536188 111.90330004914904 79.279239449238958 210.89087137510069
leaf_count=48896 132437 3432 62328 19292 47071 8252 2938 3039 35785 3708 32175 3154 7081 9425 3335 19490 16681 10303 137027 59481 17104 25366 3087 19705 6535 25913 17289 13138 3680 3020
internal_value=0 0.00175736 -0.00118302 0.00463846 0.0118181 -0.0117026 0.00494675 0.0059879 0.013366 0.00172215 0.00242768 0.00623461 -0.00752935 0.00123237 0.00479942 0.0054598 0.0111109 -0.00121579 -0.0108445 -0.0168697 -0.0172224 -0.00273661 0.00102204 -0.0101374 -0.00748272 0.00144235 -0.0194873 -0.0140565 -0.00743144 0.00927097
internal_weight=0 12503.4 9675.59 6037.64 2827.8 1877.61 1675.74 5772.19 1878.74 865.575 3893.45 2816.57 1076.88 649.233 2696.01 2670.37 1446.16 1224.21 3637.95 1302.87 339.459 1025.81 842.501 358.079 2335.08 614.931 323.69 280.972 344.875 484.422
internal_count=800167 608300 554859 263575 53441 191867 50009 214679 42532 39493 172147 106362 65785 33610 103208 99873 39851 60022 291284 121809 26529 59430 34064 27957 169475 32448 40730 30427 20361 6107
is_linear=0
shrinkage=0.05


Tree=25
num_leaves=31
num_cat=0
split_feature=1 1 1 1 1 1 1 1 0 0 0 0 0 0 0 0 0 1 1 0 1 0 0 0 0 0 0 0 0 0
split_gain=108.344 350.602 94.8586 107.186 67.7508 66.6025 70.5833 38.114 32.1301 32.3513 31.2027 47.7719 30.7486 50.3086 62.6803 26.198 25.4118 24.5363 23.5558 21.9763 21.0938 19.602 45.8152 25.3052 23.56 18.8402 19.8155 18.7699 20.0251 21.9892
threshold=1297.5000000000002 838.50000000000011 1212.5000000000002 1097.5000000000002 863.50000000000011 2357.5000000000005 2170.5000000000005 49.500000000000007 1697.5000000000002 1670.5000000000002 4152.5000000000009 4276.5000000000009 4542.5000000000009 4152.5000000000009 1942.5000000000002 3370.5000000000005 5630.5000000000009 1406.5000000000002 1178.5000000000002 410.50000000000006 2160.5000000000005 1983.5000000000002 3778.5000000000005 410.50000000000006 4542.5000000000009 274.50000000000006 1465.5000000000002 1924.5000000000002 1697.5000000000002 1670.5000000000002
decision_type=2 2 2 2 2 2 2 2 2 2 2 2 2 2 2 2 2 2 2 2 2 2 2 2 2 2 2 2 2 2
left_child=1 7 3 4 -3 6 17 -1 9 25 -10 -12 13 14 19 -16 -14 -2 -5 -7 21 23 -23 -19 -24 -9 -27 28 29 -21
right_child=5 2 -4 18 -6 12 -8 8 10 -11 11 -13 16 -15 15 -17 -18 20 -20 27 -22 22 24 -25 -26 26 -28 -29 -30 -31
leaf_value=-0.012946415326145808 0.01677537738923749 -0.049886042930108794 -0.0017841307449196445 -0.049120406103766889 -0.01043756946221679 -0.022566256994345227 0.019505777555023328 -0.029693923061662165 -0.005187561689082824 0.026042063867697425 0.022288925158311254 -0.00076948742906308596 -0.023343031686771723 0.010546546075569414 -0.019204566104020701 -0.0044037480825761454 -0.0012871156275991594 -0.027191717648557764 -0.027840884954199653 0.0014216625511157411 -0.036699340696930143 -0.012617258071243698 0.0098604472735857561 0.0091222992729553237 -0.0050908860992696136 0.011077833303699708 -0.017047914381522752 0.020746033029201808 -0.016415631790257176 0.017023985645300495
leaf_weight=296.56833805678434 355.31093639130268 128.96346316612107 421.47833097992952 492.98129734674922 697.57280115671074 79.588269547559776 979.83409660909274 33.117472587269731 866.29207386899361 313.51542011907441 360.22856161962409 596.69697589817088 262.27375026286973 956.1540471415683 575.62850294219743 622.07921630376495 260.11377066770001 49.780143884757535 176.65323941925271 1224.1243903345403 33.251739009476296 519.82513179782927 830.48455567546625 1321.8428770820176 385.92707217564703 761.19884347594052 68.237150000659312 157.89448505162727 126.49068389057811 276.90720131962371
leaf_count=19957 15593 14056 26360 55446 49953 15288 41061 6264 61604 1245 3018 42641 40585 18276 54373 36097 14817 9771 16435 54547 2781 45570 22499 44483 38138 30466 4978 1212 10610 2043
internal_value=0 -0.00573764 -0.0227362 -0.0286385 -0.0165927 0.00331723 0.00764538 0.00415275 0.00584351 0.012287 0.00168713 0.00791071 -0.000948969 0.000534368 -0.00259135 -0.0115171 -0.0123607 0.00432164 -0.0435068 0.0031408 0.00291292 0.00333674 -0.000192675 0.00780436 0.00511688 0.00728737 0.00876395 0.00428674 0.00268994 0.00429995
internal_weight=0 5213.5 1917.65 1496.17 826.536 9017.51 4476.26 3295.85 2999.29 1176.07 1823.22 956.926 4541.25 4018.87 3062.71 1197.71 522.388 3496.42 669.635 1865.01 3141.11 3107.86 1736.24 1371.62 1216.41 862.553 829.436 1785.42 1627.52 1501.03
internal_count=800167 332423 162250 135890 64009 467744 219896 170173 150216 42953 107263 45659 247848 192446 174170 90470 55402 178835 71881 83700 163242 160461 106207 54254 60637 41708 35444 68412 67200 56590
is_linear=0
shrinkage=0.05


Tree=26
num_leaves=31
num_cat=0
split_feature=0 0 0 0 0 0 0 0 0 0 0 0 0 0 0 0 0 0 0 0 0 0 0 0 0 0 0 0 0 0
split_gain=100.979 125.452 197.153 79.6769 79.4196 69.0622 65.8771 37.5769 37.0846 45.414 51.2487 34.8253 47.7515 31.9085 96.4191 60.4763 52.3501 49.8393 91.0047 47.882 45.8009 30.2241 29.0394 32.4967 27.7315 26.5108 62.5171 71.6995 33.1297 67.9934
threshold=4516.5000000000009 4152.5000000000009 1983.5000000000002 521.50000000000011 4168.5000000000009 4506.5000000000009 5595.5000000000009 3216.5000000000005 2128.5000000000005 2765.5000000000005 2908.5000000000005 3840.5000000000005 3778.5000000000005 1670.5000000000002 1680.5000000000002 1194.5000000000002 1865.5000000000002 1421.5000000000002 1465.5000000000002 1178.5000000000002 1149.5000000000002 2887.5000000000005 3991.5000000000005 4099.5000000000009 172.50000000000003 1018.5000000000001 1005.5000000000001 898.50000000000011 879.50000000000011 554.50000000000011
decision_type=2 2 2 2 2 2 2 2 2 2 2 2 2 2 2 2 2 2 2 2 2 2 2 2 2 2 2 2 2 2
left_child=1 2 3 24 -3 -6 -2 8 -4 -10 21 12 -9 15 -15 19 -16 -17 -19 20 25 -11 -13 -24 -1 26 27 28 29 -5
right_child=6 4 7 13 5 -7 -8 11 9 10 -12 22 -14 14 16 17 -18 18 -20 -21 -22 -23 23 -25 -26 -27 -28 -29 -30 -31
leaf_value=-0.038685958025658995 -0.021330146014824532 0.021461675202348856 -0.0046698831319527583 0.0099427381583871016 -0.0032130439628531775 0.018185504623072727 -0.0023395519124601075 -0.0093973967014717615 -0.037184500778814897 -0.016281330661357993 -0.029923395943999915 -0.041093598463927454 0.0087976910730354959 0.022050943919090182 -0.019830149661097671 -0.02045415173710283 0.0064232833907984233 0.020725845463271348 -0.016605443689852756 0.036585517977861956 -0.063393425176881277 0.015932420578568127 -0.0025800739075814258 -0.050561486646322318 -0.0089780096684687911 -0.0064431113250030874 0.022673791781887609 -0.04677843883981584 0.016539942853121922 -0.018463290722156543
leaf_weight=95.759715427089247 832.38455674027364 1096.6902042981246 392.12067127633065 608.85687845406778 1096.4958349427243 574.68122394592501 1011.7111577519477 1124.4503757150267 350.35795308791762 141.49106693060651 270.46607162406849 117.54582633741745 530.81984240553379 998.0823051689656 244.36938008138191 415.85498158397002 851.60890415785707 320.14931681131202 333.11515755110906 131.96562263186934 23.782510281916529 150.01078053067681 203.74327041870004 42.680920882914506 437.1958703930091 346.21450617441633 563.53586581849959 68.751659189200836 458.01390928809997 322.11061959530139
leaf_count=19659 132437 3432 22691 6536 47071 2938 59430 83083 66328 16127 37962 18705 10782 3039 26279 32175 19568 7081 26529 3154 3335 4153 18871 6228 41993 20361 3403 12747 3340 40730
internal_value=0 0.00163447 -0.0010838 0.0041699 0.0110065 0.00414545 -0.0109115 -0.0109147 -0.0175292 -0.0230562 -0.014248 -0.0066416 -0.00356251 0.00590247 0.0108081 0.00304284 0.000569577 -0.00692357 0.00168973 0.00726572 0.00564766 0.0002963 -0.0206447 -0.0108905 -0.0143158 0.00634121 0.00853098 0.0030636 0.00553068 0.000114378
internal_weight=0 12310.9 9543.05 6219.37 2767.87 1671.18 1844.1 3323.69 1304.45 912.326 561.968 2019.24 1655.27 5686.41 2094.06 3592.35 1095.98 1069.12 653.264 2523.23 2391.27 291.502 363.97 246.424 532.956 2367.48 2021.27 1457.73 1388.98 930.967
internal_count=800167 608300 554859 269929 53441 50009 191867 284930 147261 124570 58242 137669 93865 208277 48886 159391 45847 65785 33610 93606 90452 20280 43804 25099 61652 87117 66756 63353 50606 47266
is_linear=0
shrinkage=0.05


Tree=27
num_leaves=31
num_cat=0
split_feature=0 0 0 0 0 0 0 0 0 0 0 0 0 0 0 0 0 0 0 0 0 0 0 0 0 0 0 0 0 0
split_gain=92.6518 107.278 178.643 78.5124 74.949 64.6653 55.8228 50.2323 42.2677 69.2528 66.8339 53.2925 46.277 84.9655 45.2743 39.8355 26.638 41.8434 49.6897 35.6492 33.9334 25.3059 25.6986 25.1887 32.3816 43.7844 41.5137 25.1504 24.1612 56.1317
threshold=4542.5000000000009 4152.5000000000009 1942.5000000000002 4168.5000000000009 521.50000000000011 5775.5000000000009 4506.5000000000009 5811.5000000000009 1670.5000000000002 1680.5000000000002 1924.5000000000002 1194.5000000000002 1421.5000000000002 1465.5000000000002 1178.5000000000002 1149.5000000000002 4204.5000000000009 4276.5000000000009 4257.5000000000009 4226.5000000000009 4301.5000000000009 172.50000000000003 433.50000000000006 4099.5000000000009 3778.5000000000005 3840.5000000000005 4006.5000000000005 1551.5000000000002 1018.5000000000001 1005.5000000000001
decision_type=2 2 2 2 2 2 2 2 2 2 2 2 2 2 2 2 2 2 2 2 2 2 2 2 2 2 2 2 2 2
left_child=1 2 4 -3 21 -2 16 -7 11 -10 -11 14 -13 -14 15 28 -5 18 19 -18 -19 -1 -23 24 -4 -26 -27 -15 29 -6
right_child=5 3 23 6 8 7 -8 -9 9 10 -12 12 13 27 -16 -17 17 20 -20 -21 -22 22 -24 -25 25 26 -28 -29 -30 -31
leaf_value=-0.037532811532137014 -0.018341753665541048 0.020649690418736776 -0.012180050045524457 -0.047674456464904889 0.0027696985045056969 0.017013868706992043 0.015329126549129244 -0.010539328194924393 0.021204359677243965 -0.012601898680354391 0.015659698932068266 -0.019790937770614137 0.019896527825459375 -0.043092858152991881 0.034960021451286509 -0.062005383700153127 0.0072433384489841565 -0.060695539878114914 0.029193439274341978 -0.045541467803858621 -0.0066715460973626271 -0.0027189007780398147 -0.033506241358166662 -0.049465486721056939 0.0078005224065241796 -0.036930074122891517 -0.00026712040091646954 -0.0090745991995097013 -0.006347172265817845 0.021425216097941475
leaf_weight=91.796022945390746 1078.8533583979174 1087.3781164623786 2643.1307367156805 33.003100598839637 1438.3950637444427 291.95389173405317 625.77954494295659 381.65801685337703 990.06732918275509 414.36828517578954 422.47451083626947 404.84074672276358 324.06593221817775 68.661488903604095 135.74157648179971 21.803147849818743 101.70809073928831 30.376481158345882 191.43794069884461 46.661863053616457 674.07127877720518 351.9480512547841 83.947839575284547 39.776441440564668 532.44414855044511 133.16401851210901 183.75424549613433 260.35446149774896 343.98558997368809 560.26634099718649
leaf_count=19659 154132 3432 236698 2908 63353 5954 6333 28386 3039 35785 3708 32175 7081 9425 3154 3335 3528 2934 3469 3221 31011 32214 9779 6228 10782 21838 15738 17104 20361 3403
internal_value=0 0.00154006 -0.00100473 0.0101536 0.00431018 -0.0107524 0.00345196 0.00140266 0.00607239 0.0122544 0.00166578 0.00289822 -0.00650882 0.00172468 0.00687868 0.00526655 -0.00344748 -0.00204971 0.0123611 -0.00935731 -0.00900111 -0.0136728 -0.00864814 -0.00990143 -0.00945083 -0.000957776 -0.0156723 -0.0161738 0.00589266 0.00799923
internal_weight=0 12235.4 9444.99 2790.42 5912.72 1752.47 1703.04 673.612 5385.02 1826.91 836.843 3558.11 1057.92 653.082 2500.19 2364.45 1077.26 1044.26 339.808 148.37 704.448 527.692 435.896 3532.27 3492.49 849.362 316.918 329.016 2342.65 1998.66
internal_count=800167 611695 554859 56836 263575 188472 53404 34340 201923 42532 39493 159391 65785 33610 93606 90452 47071 44163 10218 6749 33945 61652 41993 291284 285056 48358 37576 26529 87117 66756
is_linear=0
shrinkage=0.05


Tree=28
num_leaves=31
num_cat=0
split_feature=1 1 1 1 1 1 1 1 1 0 0 0 0 1 0 0 0 0 1 1 1 1 0 0 1 0 0 0 0 0
split_gain=85.6625 306.882 80.2118 96.2495 61.6214 59.235 62.1061 31.9658 27.1911 23.0813 38.4383 52.1103 21.0686 20.5113 20.2938 18.3771 22.1053 17.8764 17.8123 17.1456 55.2503 17.0495 16.8407 38.023 16.1191 15.189 25.2142 28.7653 20.8033 14.9667
threshold=1297.5000000000002 838.50000000000011 1212.5000000000002 1058.5000000000002 882.50000000000011 2357.5000000000005 2170.5000000000005 49.500000000000007 230.50000000000003 4542.5000000000009 4152.5000000000009 1942.5000000000002 3370.5000000000005 1406.5000000000002 5775.5000000000009 1680.5000000000002 1670.5000000000002 1924.5000000000002 1.0000000180025095e-35 2197.5000000000005 2214.5000000000005 2160.5000000000005 4152.5000000000009 4276.5000000000009 1178.5000000000002 1680.5000000000002 4152.5000000000009 4168.5000000000009 410.50000000000006 1670.5000000000002
decision_type=2 2 2 2 2 2 2 2 2 2 2 2 2 2 2 2 2 2 2 2 2 2 2 2 2 2 2 2 2 2
left_child=1 7 3 4 -3 6 13 18 -9 10 11 17 -13 -2 -11 16 -10 -7 -1 -8 -21 25 -17 -24 -5 28 -27 -28 -15 -30
right_child=5 2 -4 24 -6 9 19 8 15 14 -12 12 -14 21 -16 22 -18 -19 -20 20 -22 -23 23 -25 -26 26 27 -29 29 -31
leaf_value=-0.067001628177555325 0.015427263894540123 -0.041780454551856284 -0.0021720680903016157 -0.044881163087307802 -0.0066315929741015914 0.0011500448185759542 0.032794732280317929 0.014500856656738035 0.0042335226935647603 -0.019381062762654458 0.0090996884091896473 -0.018026475035103556 -0.0044955712437885131 -0.024838664474849215 0.001118550934975811 -0.006269201330457711 0.022845680457490705 0.018869540588763483 -0.0090659888292845547 -0.013849875689575911 0.021225490813529792 -0.035176883985348316 0.019456857246334929 -0.0042419491965797517 -0.027109365844027553 -0.0054613517079758799 0.020730143008152527 0.0010166307671491685 0.0060549509325636495 0.020635969258131295
leaf_weight=13.951858469387956 348.87450240453427 160.35467543056188 412.49725332235766 523.51665348860888 560.72912803579129 1702.0272286677059 168.62640529647695 669.85975282018808 663.02175713835186 302.03785520016572 925.1589088326009 545.97251519359452 608.1302876699001 47.096331522985338 201.1200042773512 667.26263767780404 210.07760928012431 155.32608301262371 270.22305426257833 135.38256553673284 657.68266241361425 29.526282677257768 272.96747649720055 445.44984921372304 168.70715488826841 953.8906086367416 246.55068167857826 741.79547695391773 836.40891681391417 222.88953113742173
leaf_count=1626 15593 17237 26360 62327 39891 82488 5977 30962 32984 45980 18276 54373 36097 9771 9422 49341 481 1212 18331 8867 26217 2781 2410 34038 16435 66008 665 48709 34645 663
internal_value=0 -0.00520188 -0.0215706 -0.0272324 -0.014448 0.00296883 0.00708816 0.0041003 0.00565387 -0.00110314 0.000185729 -0.00255276 -0.0108966 0.00393732 -0.011187 0.00303022 0.00871182 0.00263188 -0.0119104 0.0183163 0.0152378 0.00263506 -0.000549687 0.00476257 -0.0405499 0.00300127 0.000337565 0.00593432 0.00767732 0.00912298
internal_weight=0 5038.62 1825.8 1413.31 721.084 8828.5 4388.72 3212.81 2928.64 4439.77 3936.62 3011.46 1154.1 3427.03 503.158 2258.78 873.099 1857.35 284.175 961.692 793.065 3078.16 1385.68 718.417 692.224 3048.63 1942.24 988.346 1106.39 1059.3
internal_count=800167 332423 162250 135890 57128 467744 219896 170173 150216 247848 192446 174170 90470 178835 55402 119254 33465 83700 19957 41061 35084 163242 85789 36448 78762 160461 115382 49374 45079 35308
is_linear=0
shrinkage=0.05


Tree=29
num_leaves=31
num_cat=0
split_feature=0 0 0 0 0 0 0 0 0 0 0 0 0 0 0 0 0 0 0 0 0 0 0 0 0 0 0 0 0 0
split_gain=81.809 106.257 160.792 74.4421 65.1334 54.9681 54.9186 48.4463 35.5293 90.1404 44.2429 43.7589 34.5472 82.6118 45.8858 34.5136 32.3945 46.9196 42.0116 31.575 31.1372 43.3466 48.7583 29.0645 27.2743 25.2426 25.0228 70.3473 29.2239 24.7792
threshold=4516.5000000000009 4152.5000000000009 1983.5000000000002 4168.5000000000009 410.50000000000006 4506.5000000000009 5775.5000000000009 5811.5000000000009 1670.5000000000002 1680.5000000000002 1465.5000000000002 1924.5000000000002 1421.5000000000002 1194.5000000000002 1178.5000000000002 1149.5000000000002 879.50000000000011 554.50000000000011 1018.5000000000001 3216.5000000000005 2128.5000000000005 2765.5000000000005 2908.5000000000005 2887.5000000000005 4099.5000000000009 2050.5000000000005 4276.5000000000009 4257.5000000000009 4301.5000000000009 676.50000000000011
decision_type=2 2 2 2 2 2 2 2 2 2 2 2 2 2 2 2 2 2 2 2 2 2 2 2 2 2 2 2 2 2
left_child=1 2 4 -3 -1 26 -2 -8 10 -10 12 -11 13 14 15 16 17 -6 -18 20 25 -22 23 -23 -21 -4 27 -5 -28 -19
right_child=6 3 19 5 8 -7 7 -9 9 11 -12 -13 -14 -15 -16 -17 18 29 -20 24 21 22 -24 -25 -26 -27 28 -29 -30 -31
leaf_value=-0.021233727597457928 -0.016746851526526621 0.020751822131380038 -0.024645424125386062 -0.015164915059467925 0.0041716180075265672 0.016418183917854656 0.016436432063254954 -0.010575708069874484 0.021855162326804137 -0.01239852980381824 -0.015765944078269617 0.0084363954236450541 0.019178472372018585 -0.01929408184121436 0.033102216353758464 -0.060771427090674693 0.014143045352360767 -0.046515785831437208 -0.0059115499057617489 -0.0052792080507757253 -0.035534591630593165 -0.01458342032352007 -0.028289283286015252 0.017589756747464432 -0.048105892486505569 0.0037778814161345863 -0.058954212314183102 0.027368273941221447 -0.0064239638289217459 -0.011393223806781191
leaf_weight=249.2978775495958 1119.7592327629009 1035.9730376279902 109.20444727744859 184.01013547597677 868.82500628319394 558.83263257355429 296.64186580603268 376.87681093795914 911.1026837259999 409.17733042283703 319.33359863708483 656.11331839060131 325.89555395859679 395.56099326165895 139.25499308189319 20.626563614931911 1074.320262178564 61.968360099525398 345.00931675473112 1968.6549309395582 334.80415995333385 137.90742396924293 258.82199149503708 142.9690721224847 37.89171987865484 274.36483865941614 27.553621409505013 206.09878288247273 677.22596516807357 264.81954080050718
leaf_count=48896 157527 3432 9713 9657 19292 2938 5954 28386 3039 35785 26529 10062 7081 32175 3154 3335 19490 13336 20361 131441 66328 16127 37962 4153 6228 12978 2934 3469 31011 27394
internal_value=0 0.00148908 -0.00104085 0.0102423 0.00379056 0.00365854 -0.00996078 0.00132141 0.00486765 0.0103088 0.00204924 0.000433716 0.00367639 0.00208288 0.00513024 0.00365229 0.00416046 -0.001903 0.00926819 -0.00998157 -0.0161917 -0.0214012 -0.0126335 0.00179306 -0.00608795 -0.0043144 -0.002854 0.00730583 -0.00847765 -0.0180535
internal_weight=0 11995.6 9305.92 2689.69 6041.31 1653.72 1793.28 673.519 5792.01 1976.39 3815.61 1065.29 3496.28 3170.39 2774.82 2635.57 2614.94 1195.61 1419.33 3264.62 1258.07 874.503 539.698 280.876 2006.55 383.569 1094.89 390.109 704.78 326.788
internal_count=800167 608300 554859 53441 269929 50009 191867 34340 221033 48886 172147 45847 145618 138537 106362 103208 99873 60022 39851 284930 147261 124570 58242 20280 137669 22691 47071 13126 33945 40730
is_linear=0
shrinkage=0.05


Tree=30
num_leaves=31
num_cat=0
split_feature=0 0 0 0 0 0 0 0 0 0 0 0 0 0 0 0 0 0 0 0 0 0 0 0 0 0 0 0 1 1
split_gain=76.6527 94.1789 146.195 71.9281 61.3272 51.7325 43.73 42.4057 34.7311 35.0166 26.8207 68.4836 65.8136 55.5973 26.2399 63.0934 27.4388 37.8675 35.4041 32.3412 25.144 24.552 59.3541 40.4954 66.454 23.135 45.4875 22.2233 21.4447 36.9298
threshold=4542.5000000000009 4152.5000000000009 1942.5000000000002 4168.5000000000009 879.50000000000011 5775.5000000000009 5811.5000000000009 4506.5000000000009 172.50000000000003 769.50000000000011 1670.5000000000002 1018.5000000000001 1680.5000000000002 1924.5000000000002 4276.5000000000009 4257.5000000000009 4407.5000000000009 4447.5000000000009 4343.5000000000009 4301.5000000000009 824.50000000000011 1465.5000000000002 1421.5000000000002 1194.5000000000002 1178.5000000000002 5646.5000000000009 5630.5000000000009 1551.5000000000002 1309.5000000000002 991.50000000000011
decision_type=2 2 2 2 2 2 2 2 2 2 2 2 2 2 2 2 2 2 2 2 2 2 2 2 2 2 2 2 2 2
left_child=1 2 4 -3 8 25 -7 14 -1 -10 11 -6 -12 -14 15 -5 18 -18 19 -16 -11 22 23 24 -13 26 -2 -23 29 -4
right_child=5 3 28 7 10 6 -8 -9 9 20 12 21 13 -15 16 -17 17 -19 -20 -21 -22 27 -24 -25 -26 -27 -28 -29 -30 -31
leaf_value=-0.035758430093746109 -0.018357530262323681 0.020164906480855282 -0.0090466034603161743 -0.014653964328291866 0.013395530703185761 0.015238628429043888 -0.010478412390635725 0.013922748504369668 -0.00071328359894022358 -0.058787628690057631 0.020847343085198537 -0.0086245307927150308 -0.011786526830435596 0.014209246547643429 -0.057069472511388497 0.025223144814837853 0.010294513216803806 -0.036173800810314814 -0.03484638165931165 0.0031278914459083721 -0.01008322753287765 -0.041691945394360878 0.018151753480485928 -0.018695115794826054 0.031800694807837662 -0.041430860771768593 0.017304238148724067 -0.0088087583688201739 -0.0062169183754704318 -0.028500405813105745
leaf_weight=86.731052881837286 852.29879798488128 1011.5854080349668 876.72039262454268 177.68706302752855 1061.7714210932918 297.23936747810751 372.40547902307742 607.58846423293562 1234.9853836981647 45.224370032738193 918.39544248627521 360.70273912778123 406.19335401524745 416.65209836055874 25.322152396591719 224.53818822212634 260.94079682837037 52.696055637326708 165.65588721858137 187.70413736947626 64.002064391172667 64.713785300473887 331.55160377715856 390.66431870670829 141.55878979427507 87.860231005410469 99.899079931773713 249.38637022442515 2251.6622264092457 338.00729103381423
leaf_count=19659 134654 3432 74942 9657 19490 5954 28386 6333 76121 6658 3039 23696 35785 3708 2934 3469 6189 8951 9258 6613 6480 9425 7081 32175 3154 16838 2640 17104 169475 46867
internal_value=0 0.00141644 -0.000988952 0.00960568 0.00388499 -0.00990245 0.000936768 0.00333028 -0.00509192 -0.00311326 0.00684369 0.00362785 0.0116462 0.00137657 -0.00254967 0.00760703 -0.00845054 0.00248709 -0.0175094 -0.00402769 -0.0302489 -0.00311283 8.61627e-05 -0.00662176 0.00276903 -0.0168813 -0.0146161 -0.0155837 -0.00910546 -0.0144598
internal_weight=0 11952.6 9238.92 2713.72 5772.53 1709.7 669.645 1702.13 1430.94 1344.21 4341.59 2600.35 1741.24 822.845 1094.54 402.225 692.319 313.637 378.682 213.026 109.226 1538.58 1224.48 892.926 502.262 1040.06 952.198 314.1 3466.39 1214.73
internal_count=800167 611695 554859 56836 263575 188472 34340 53404 108918 89259 154657 112125 42532 39493 47071 13126 33945 15140 18805 9547 13138 92635 66106 59025 26850 154132 137294 26529 291284 121809
is_linear=0
shrinkage=0.05


Tree=31
num_leaves=31
num_cat=0
split_feature=1 1 1 1 1 1 1 1 1 1 1 1 1 0 0 0 0 1 1 0 1 1 1 1 1 0 1 1 1 0
split_gain=76.8716 266.603 75.8419 87.9435 56.8667 55.6911 60.4242 29.589 27.6416 24.9214 69.3044 58.5719 26.2539 18.175 38.0408 42.1053 18.0117 17.7762 37.5899 16.4457 15.4637 46.8983 14.8076 14.776 14.6659 14.6173 14.3582 13.8451 13.7974 13.2391
threshold=1309.5000000000002 838.50000000000011 1212.5000000000002 1058.5000000000002 863.50000000000011 2357.5000000000005 2170.5000000000005 49.500000000000007 1366.5000000000002 505.50000000000006 600.50000000000011 573.50000000000011 579.50000000000011 4542.5000000000009 4152.5000000000009 1942.5000000000002 3370.5000000000005 368.50000000000006 230.50000000000003 5775.5000000000009 2197.5000000000005 2214.5000000000005 419.50000000000006 1.0000000180025095e-35 1178.5000000000002 521.50000000000011 527.50000000000011 2160.5000000000005 2227.5000000000005 1680.5000000000002
decision_type=2 2 2 2 2 2 2 2 2 2 2 2 2 2 2 2 2 2 2 2 2 2 2 2 2 2 2 2 2 2
left_child=1 7 3 4 -3 6 8 23 -2 17 11 26 -13 14 15 25 -17 18 -9 -15 -8 -22 -19 -1 -5 -7 -11 29 -23 -10
right_child=5 2 -4 24 -6 13 20 9 27 10 -12 12 -14 19 -16 16 -18 22 -20 -21 21 28 -24 -25 -26 -27 -28 -29 -30 -31
leaf_value=-0.064595149818883091 0.024035417896474176 -0.046823996748719718 -0.0025924837223320401 -0.043790034606515704 -0.0077799615168082162 -0.012000452913312955 0.031576554615340716 0.013793951029835889 0.0072471645326307585 -0.013642212498279986 0.010066831809971115 -0.057145194544758283 -0.019167244438859626 -0.017895001319211724 0.0087837774103355724 -0.017108593176109754 -0.004408569753750047 0.028747149958884295 -0.0033977137504514229 0.00064307516492323198 -0.012641504408348783 0.037716980589031779 0.010957625719094101 -0.0093068538118819388 -0.026322977940637218 0.0034245598162111418 0.010265000010585935 -0.032540747177683953 0.017346379716924789 0.00048054136639315417
leaf_weight=12.667453675567229 158.94154092027202 110.78098578881691 452.70735976419382 489.70642744265388 589.59978555617636 169.65631994382193 170.5497134812922 663.07375178178336 1145.0946777145214 114.60387112406534 606.01023395044467 88.92205547345111 93.203617268358357 287.21558172226014 938.54333464700358 528.06120524095468 592.3482669613968 166.29769424782353 610.91116039573353 205.04494676922695 128.75650055376536 97.326470442281789 394.40400076006517 262.60269803972915 159.25492192310776 1621.5968608031917 138.94645562165897 27.68430481784344 569.66963466958987 1960.3790987048583
leaf_count=1626 6221 14056 29322 62327 43072 19285 5977 30962 46914 7447 29888 7566 6224 45980 18276 54373 36097 6468 35615 9422 8867 2981 19136 18331 16435 64415 6910 2781 23236 119957
internal_value=0 -0.00496154 -0.0203015 -0.0262429 -0.0139557 0.00285761 0.00692052 0.00380953 0.00369372 0.00530826 -0.000868291 -0.0160787 -0.0377098 -0.00112664 2.99894e-05 -0.0027917 -0.0103942 0.00881514 0.00555007 -0.0101732 0.0179139 0.0149857 0.0162338 -0.0118511 -0.0395036 0.0019636 -0.000540977 0.00266181 0.0203188 0.00297563
internal_weight=0 4953.69 1802.05 1349.34 700.381 8600.87 4258.4 3151.64 3292.1 2876.37 1041.69 435.676 182.126 4342.47 3850.21 2911.66 1120.41 1834.69 1273.98 492.261 966.302 795.753 560.702 275.27 648.961 1791.25 253.55 3133.16 666.996 3105.47
internal_count=800167 335385 165212 135890 57128 464782 216934 170173 175873 150216 58035 28147 13790 247848 192446 174170 90470 92181 66577 55402 41061 35084 25604 19957 78762 83700 14357 169652 26217 166871
is_linear=0
shrinkage=0.05


Tree=32
num_leaves=31
num_cat=0
split_feature=0 0 0 0 0 0 0 0 0 0 0 0 0 0 0 0 0 0 0 0 0 0 0 0 0 0 0 0 0 0
split_gain=65.45 94.4661 135.392 65.6114 58.2251 46.8544 45.123 39.1062 34.5011 63.9009 51.2031 41.5626 25.7037 65.4761 25.5674 75.5343 39.5435 31.4349 22.7295 39.7139 21.26 20.7012 24.3513 34.4447 39.4453 20.2691 23.391 20.091 18.9076 23.3095
threshold=4516.5000000000009 4152.5000000000009 1942.5000000000002 4168.5000000000009 521.50000000000011 5775.5000000000009 4506.5000000000009 5811.5000000000009 1670.5000000000002 1680.5000000000002 1924.5000000000002 1465.5000000000002 4276.5000000000009 4257.5000000000009 1421.5000000000002 1194.5000000000002 1178.5000000000002 1149.5000000000002 5646.5000000000009 5630.5000000000009 4301.5000000000009 4099.5000000000009 3778.5000000000005 3840.5000000000005 4006.5000000000005 172.50000000000003 433.50000000000006 1551.5000000000002 4226.5000000000009 4204.5000000000009
decision_type=2 2 2 2 2 2 2 2 2 2 2 2 2 2 2 2 2 2 2 2 2 2 2 2 2 2 2 2 2 2
left_child=1 2 4 -3 25 18 12 -7 11 -10 -11 14 13 28 15 16 17 -6 19 -2 -14 22 -4 -24 -25 -1 -27 -13 29 -5
right_child=5 3 21 6 8 7 -8 -9 9 10 -12 27 20 -15 -16 -17 -18 -19 -20 -21 -22 -23 23 24 -26 26 -28 -29 -30 -31
leaf_value=-0.034848784057206698 -0.016674176189727073 0.019837338016136248 -0.010941221470334944 -0.044877507668626505 0.0047024971700565139 0.014624610174194294 0.015491140154219374 -0.0095650018144046133 0.020313881950827783 -0.011687587423630017 0.013313471832206365 -0.040489420035109858 -0.055011860932883544 0.0246376292142708 0.017064584225862899 -0.018128995926762134 0.031044619620505854 -0.05935572926207483 -0.040377653660801482 0.016530563795338318 -0.00649207492155801 -0.046658259177779993 0.0070324803192681751 -0.035244386257580057 0.00047183073820072756 -0.0023090350291625913 -0.031632988415051938 -0.0087099681653534499 -0.043200586984722754 0.0054514305434989439
leaf_weight=83.730000763606768 897.72719912540015 992.30025514261797 2556.7253114450896 29.661079023997445 2292.928580056142 304.16985350493633 533.73929903190583 370.7180788484402 892.12858652113937 404.39666340063377 414.91812060485245 62.240999869969528 23.369063118570921 239.67059805899044 339.25136073675822 382.44172492693542 145.46004180423915 19.312801235617371 84.320892062825806 100.08961863382137 666.10720793525616 35.970976482236438 507.49794218192983 129.25077182235691 192.34592141228495 351.19545739242039 84.336237610848912 247.486486479409 45.532124427638337 102.53219821878884
leaf_count=19659 138049 3432 236698 2908 87117 5954 2938 28386 3039 35785 3708 9425 2934 3469 7081 32175 3154 3335 16838 2640 31011 6228 10782 21838 15738 32214 9779 17104 3221 3528
internal_value=0 0.00134329 -0.00106021 0.00968835 0.00364621 -0.00900189 0.00354988 0.00133718 0.00524025 0.0110551 0.000973471 0.00238803 -0.00220826 0.00758448 0.00409129 0.00254164 0.00575819 0.00416746 -0.01545 -0.0133435 -0.0081366 -0.0089274 -0.00852654 -0.00108026 -0.0138826 -0.0123187 -0.00798732 -0.0150962 -0.0154124 -0.00584121
internal_weight=0 11774.5 9141.62 2632.91 5719.83 1757.03 1640.61 674.888 5200.57 1711.44 819.315 3489.12 1106.87 417.396 3179.39 2840.14 2457.7 2312.24 1082.14 997.817 689.476 3421.79 3385.82 829.095 321.597 519.262 435.532 309.727 177.725 132.193
internal_count=800167 608300 554859 53441 263575 191867 50009 34340 201923 42532 39493 159391 47071 13126 132862 125781 93606 90452 157527 140689 33945 291284 285056 48358 37576 61652 41993 26529 9657 6436
is_linear=0
shrinkage=0.05


Tree=33
num_leaves=31
num_cat=0
split_feature=1 1 1 1 1 1 1 1 1 1 1 1 1 1 1 1 1 0 0 0 0 1 0 0 0 1 1 1 1 1
split_gain=62.6923 251.737 63.7554 83.2643 51.6949 57.6754 48.2115 25.9838 20.321 19.1191 19.0266 55.5476 46.6401 20.8925 17.7476 31.7596 15.7618 15.6353 34.284 36.6744 15.5062 15.5018 14.2856 16.3608 18.679 14.1578 87.6803 48.0331 38.2362 15.88
threshold=1297.5000000000002 838.50000000000011 1212.5000000000002 1058.5000000000002 2357.5000000000005 2170.5000000000005 902.50000000000011 49.500000000000007 954.50000000000011 1433.0000000000002 505.50000000000006 600.50000000000011 573.50000000000011 579.50000000000011 368.50000000000006 230.50000000000003 527.50000000000011 4542.5000000000009 4152.5000000000009 1942.5000000000002 3370.5000000000005 419.50000000000006 1902.5000000000002 1697.5000000000002 1670.5000000000002 1788.5000000000002 1733.5000000000002 1820.5000000000002 1593.5000000000002 1848.5000000000002
decision_type=2 2 2 2 2 2 2 2 2 2 2 2 2 2 2 2 2 2 2 2 2 2 2 2 2 2 2 2 2 2
left_child=1 7 3 6 5 9 -3 -1 -8 -2 14 12 16 -14 15 -9 -12 18 19 22 -21 -16 23 24 -6 26 28 -27 -11 -29
right_child=4 2 -4 -5 17 -7 8 10 -10 25 11 -13 13 -15 21 -17 -18 -19 -20 20 -22 -23 -24 -25 -26 27 -28 29 -30 -31
leaf_value=-0.01098077150728299 0.013311498536142871 -0.035431013517760346 -0.0024674088352070263 -0.038745430345307974 -0.0011895408909674563 0.017071319169057738 0.013466974925488224 0.012497017538086838 -0.010772010019745159 -0.0029384760956969367 -0.014961954098775189 0.0094310494718580773 -0.054268249308693089 -0.018434629598482709 0.028166975273184566 -0.0033803071350007362 0.010411377176945737 -0.0097668796291495042 0.0080878626898421985 -0.016554178144939754 -0.0046355377903763879 0.010196055043246452 0.014975713357989411 -0.02006675355197091 0.013843645305979306 0.030471755282180425 -0.029112971273452432 -0.010799570012044298 0.016762503750032819 0.0042116195885394314
leaf_weight=269.37232995664544 415.80791964744913 182.28301630686747 394.25270978425942 616.55724753792038 1264.5259643801351 982.15029108307863 111.04975052303234 668.29504707794149 390.62575833028859 683.1344195108004 109.13711978210995 604.37321360258829 76.118225639151206 87.363478664552531 172.42921403060973 595.72614034714297 139.36144213972511 486.33182791214676 932.16607684265 506.43277409157827 591.77149038702828 394.656975543925 176.72017950576264 95.550633977436519 246.98813729449466 165.96401059329946 242.96893607175207 205.66675140386451 385.13567459142541 1228.8970554787575
leaf_count=19957 18790 20272 26360 78762 69835 41061 6382 30962 30474 39723 7447 29888 7566 6224 6468 35615 6910 55402 18276 54373 36097 19136 2159 9663 2043 6448 17194 13130 18464 65086
internal_value=0 -0.00457123 -0.0200808 -0.0254204 0.00255452 0.00642461 -0.0134084 0.00386206 -0.00540652 0.00328218 0.0052662 -0.000219808 -0.0143776 -0.035119 0.00831121 0.00501412 -0.000732238 -0.00132388 -0.000247341 -0.00294332 -0.0101318 0.0156603 0.00148231 -1.48108e-06 0.00126695 0.00184996 -0.00200199 0.00500569 0.00416418 0.00205954
internal_weight=0 4811.6 1694.77 1300.52 8610.21 4309.73 683.959 3116.83 501.676 3327.57 2847.46 1016.35 411.98 163.482 1831.11 1264.02 248.499 4300.49 3814.16 2881.99 1098.2 567.086 1783.78 1607.06 1511.51 2911.77 1311.24 1600.53 1068.27 1434.56
internal_count=800167 332423 162250 135890 467744 219896 57128 170173 36856 178835 150216 58035 28147 13790 92181 66577 14357 247848 192446 174170 90470 25604 83700 81541 71878 160045 75381 84664 58187 78216
is_linear=0
shrinkage=0.05


Tree=34
num_leaves=31
num_cat=0
split_feature=0 0 0 0 0 0 0 0 0 0 0 0 0 0 0 0 0 0 0 0 0 0 0 0 0 0 0 0 0 0
split_gain=59.9895 84.844 122.461 59.5769 51.6296 45.3476 33.8483 30.629 62.1453 24.6385 46.8964 36.8483 37.6068 22.5892 22.0678 21.8955 65.4423 38.0155 37.0417 23.5582 68.4251 36.0245 27.929 20.392 25.2938 21.0558 34.8625 20.0583 54.9472 28.1485
threshold=4542.5000000000009 4152.5000000000009 1983.5000000000002 4168.5000000000009 521.50000000000011 5595.5000000000009 4506.5000000000009 4276.5000000000009 4257.5000000000009 2887.5000000000005 2128.5000000000005 2908.5000000000005 3216.5000000000005 2050.5000000000005 4099.5000000000009 1670.5000000000002 1680.5000000000002 1465.5000000000002 1865.5000000000002 1421.5000000000002 1194.5000000000002 1178.5000000000002 1149.5000000000002 5836.5000000000009 5949.5000000000009 5793.5000000000009 5646.5000000000009 5393.5000000000009 5304.5000000000009 5110.5000000000009
decision_type=2 2 2 2 2 2 2 2 2 2 2 2 2 2 2 2 2 2 2 2 2 2 2 2 2 2 2 2 2 2
left_child=1 2 4 -3 -1 27 7 8 -5 10 13 -11 -13 -4 -14 17 -17 19 -18 20 21 22 -6 25 -25 26 -7 28 29 -2
right_child=5 3 9 6 15 23 -8 -9 -10 11 -12 12 14 -15 -16 16 18 -19 -20 -21 -22 -23 -24 24 -26 -27 -28 -29 -30 -31
leaf_value=-0.011994682998087322 -0.014445366018862073 0.018836686801526024 -0.02334674058646543 -0.014277444048782315 0.0043637166554599633 0.0035070006861713833 0.013139141946491104 -0.0083478449635965551 0.024461801701822217 0.018673603614106121 -0.027313797894711042 -0.02631526643613168 -0.0049016307075245083 0.0041974172455165387 -0.045172095079646674 0.019016613891674312 -0.01706927010071908 -0.014555122510832547 0.0055249417197745397 0.016150193669026831 -0.017546564357667143 0.029151454437260554 -0.058092094687189538 -0.037170360017673147 0.00047120470451626523 0.0085911471370339713 -0.031678551544823776 -0.035893892027254001 0.024005088185132153 -0.043591862830434626
leaf_weight=510.65289247100827 396.30061136906033 987.63647476024926 102.54616375793012 174.43610704961247 2274.5007768460946 212.67182412029069 582.63776452040474 679.75625761520496 254.66464098385768 138.13401361340948 449.70227988990609 247.35600636313029 1912.3585206157004 271.5395934698754 34.635525146484724 874.68711289996281 233.41845081772044 306.15542350581018 813.97534167500999 348.97531320505368 373.72899185167626 150.16290069182287 18.041847484348182 83.031753132959238 96.494548293107073 460.30192388835712 105.2349358763804 133.19436903947144 80.33734597264538 104.72741537044749
leaf_count=61652 70126 3432 9713 9657 87117 8252 6333 33945 3469 4153 82455 37962 131441 12978 6228 3039 26279 26529 19568 7081 32175 3154 3335 13215 12151 6107 19705 25914 12497 20505
internal_value=0 0.00126209 -0.00104929 0.00907896 0.00320076 -0.00885999 0.00338157 -0.00174544 0.0087137 -0.00899968 -0.0164331 -0.00637433 -0.00795109 -0.00335312 -0.00561801 0.00463941 0.00892079 0.00226897 0.000489676 0.00389618 0.00237783 0.00542622 0.0038722 -0.00174806 -0.0169382 0.00175618 -0.00814028 -0.0183922 -0.0143825 -0.0205377
internal_weight=0 11739.7 9060.57 2679.13 5904.3 1672.29 1691.49 1108.86 429.101 3156.27 823.788 2332.48 2194.35 374.086 1946.99 5393.65 1922.08 3471.57 1047.39 3165.41 2816.43 2442.71 2292.54 957.735 179.526 778.209 317.907 714.56 581.365 501.028
internal_count=800167 611695 554859 56836 269929 188472 53404 47071 13126 284930 105146 179784 175631 22691 137669 208277 48886 159391 45847 132862 125781 93606 90452 59430 25366 34064 27957 129042 103128 90631
is_linear=0
shrinkage=0.05


Tree=35
num_leaves=31
num_cat=0
split_feature=1 1 1 1 1 1 1 1 1 1 1 1 1 1 1 1 1 1 1 1 1 1 1 1 1 1 1 1 1 1
split_gain=53.7762 221.087 60.4119 78.4953 50.2632 45.2553 44.4915 24.5182 24.3709 18.5706 16.8105 50.4453 39.7622 17.8018 16.4755 28.6486 16.7073 14.4937 26.5652 38.4041 14.1175 13.8522 45.8119 13.3076 23.3518 24.1408 16.2947 14.879 13.2454 12.5114
threshold=1309.5000000000002 838.50000000000011 1212.5000000000002 1058.5000000000002 2357.5000000000005 2170.5000000000005 902.50000000000011 1366.5000000000002 49.500000000000007 954.50000000000011 505.50000000000006 600.50000000000011 573.50000000000011 579.50000000000011 368.50000000000006 230.50000000000003 419.50000000000006 144.50000000000003 101.50000000000001 107.50000000000001 527.50000000000011 2197.5000000000005 2214.5000000000005 2511.5000000000005 2633.5000000000005 2969.5000000000005 2460.5000000000005 2931.5000000000005 2160.5000000000005 2426.5000000000005
decision_type=2 2 2 2 2 2 2 2 2 2 2 2 2 2 2 2 2 2 2 2 2 2 2 2 2 2 2 2 2 2
left_child=1 8 3 6 5 7 -3 -2 -1 -8 14 12 20 -14 15 17 -16 18 -10 -20 -12 -7 -23 26 -25 27 29 -26 -9 -6
right_child=4 2 -4 -5 23 21 9 28 10 -11 11 -13 13 -15 16 -17 -18 -19 19 -21 -22 22 -24 24 25 -27 -28 -29 -30 -31
leaf_value=-0.010810831593315777 0.022179216914233912 -0.034465580306741378 -0.0027884868350731753 -0.037713847105179346 -0.008530979380536154 0.02831961143917185 0.012683731027879378 0.0026808013012657272 0.017113956284690732 -0.01031873811726927 -0.015246109458924455 0.0089428259889750648 -0.052195956066381034 -0.018085125390710003 0.027800751784443731 -0.003390551847129079 0.0092657581891046163 0.018087408784291052 -0.050398577947823875 0.0063955988277962245 0.0090696775632083219 -0.014513161211238022 0.017955093517489612 0.010469752589961188 -0.0054435387705834915 0.0013963497495444671 -0.018552634045610659 -0.022541411070364989 -0.0328803404774042 0.011662475887453269
leaf_weight=264.13783117157345 164.66397397907258 173.62158656515385 439.72344199246254 584.93263027135708 218.66165606125469 175.63226450239017 113.63824051358279 3043.1276838204722 157.59364396759338 385.06319511922629 104.86084750455302 606.42911338197973 71.222496092377696 82.616869171135477 175.61913793331405 583.08449483996719 395.11254829462814 385.57086589995015 45.614019344391636 85.667181241411527 138.57955522653356 128.93256042428766 690.37510864897195 440.43838858187883 1013.5108565079072 2103.9851206140829 237.3285932336712 145.50932167748397 26.41233082918734 118.15201571777288
leaf_count=19957 6221 20272 29322 78762 13577 5977 6382 166871 6643 30474 7447 29888 7566 6224 6468 35615 19136 16814 3439 4066 6910 8867 26217 24126 61905 116575 16292 9694 2781 5679
internal_value=0 -0.00423561 -0.0187405 -0.0243197 0.00238654 0.00625187 -0.0126665 0.00338312 0.00371452 -0.0050772 0.0050693 -0.000129839 -0.0139788 -0.0338773 0.0079236 0.00472598 0.0149691 0.011743 0.00327499 -0.0133377 -0.00140424 0.0155772 0.0128456 -0.00143502 -0.000336954 -0.00179564 -0.00851796 -0.00759009 0.00237481 -0.00144725
internal_weight=0 4793.09 1696.98 1257.26 8506.73 4229.14 672.323 3234.2 3096.11 498.701 2831.97 1003.71 397.28 153.839 1828.26 1257.53 570.732 674.446 288.875 131.281 243.44 994.94 819.308 4277.59 3703.44 3263.01 574.142 1159.02 3069.54 336.814
internal_count=800167 335385 165212 135890 464782 216934 57128 175873 170173 36856 150216 58035 28147 13790 92181 66577 25604 30962 14148 7505 14357 41061 35084 247848 212300 188174 35548 71599 169652 19256
is_linear=0
shrinkage=0.05


Tree=36
num_leaves=31
num_cat=0
split_feature=0 0 0 0 0 0 0 0 0 0 0 0 0 0 0 0 0 0 1 1 1 1 0 0 0 0 1 1 1 1
split_gain=51.0834 82.4627 113.486 75.7884 54.5143 47.7199 39.4418 41.5424 37.4086 29.0732 56.4056 21.552 35.2262 32.2678 26.5471 20.3067 36.2717 18.4112 18.1934 57.8933 64.9113 19.6115 18.0921 20.2093 17.743 20.4898 16.7499 13.3543 27.2275 13.3323
threshold=4516.5000000000009 4152.5000000000009 2128.5000000000005 2765.5000000000005 4168.5000000000009 521.50000000000011 5775.5000000000009 5811.5000000000009 4506.5000000000009 4276.5000000000009 4257.5000000000009 4407.5000000000009 4343.5000000000009 4447.5000000000009 4321.5000000000009 5646.5000000000009 5630.5000000000009 4099.5000000000009 505.50000000000006 1212.5000000000002 1058.5000000000002 2357.5000000000005 172.50000000000003 433.50000000000006 4226.5000000000009 4204.5000000000009 2181.5000000000005 1788.5000000000002 1820.5000000000002 3368.5000000000005
decision_type=2 2 2 2 2 2 2 2 2 2 2 2 2 2 2 2 2 2 2 2 2 2 2 2 2 2 2 2 2 2
left_child=1 2 5 -4 29 22 15 -8 9 10 24 12 14 -13 -11 16 -2 27 -7 20 -20 26 -1 -24 25 -6 -21 -5 -29 -3
right_child=6 4 3 17 8 18 7 -9 -10 11 -12 13 -14 -15 -16 -17 -18 -19 19 21 -22 -23 23 -25 -26 -27 -28 28 -30 -31
leaf_value=-0.033786741749218217 -0.01535363891229328 0.020582883403805222 -0.032832702520964263 -0.010032304427147956 -0.042917856848819921 0.010310733289166638 0.015033298378960214 -0.0099980624199985831 0.014591789505967654 -0.020472531404490978 0.023312297589561343 0.0090601326558951249 -0.034131262097696118 -0.03431684623022984 0.015024914689022579 -0.038510739410021116 0.016201333051291955 -0.043635849437355261 -0.0010975969702155541 0.006569565681145537 -0.032066048386220763 0.0016173735384577036 -0.0026288315230463552 -0.030509972181596609 -0.041347466120367007 0.0060514877840351922 0.018045283986468725 0.03821939437153235 -0.003871393595127494 -8.7355226757975115e-05
leaf_weight=80.780521270956342 876.59420178523214 853.81042920588516 309.1881442279082 1124.9924238314488 27.117771735154747 944.92009373106521 306.2734589378997 361.27246905114498 521.62773727928288 106.36348303573504 257.34082124070846 252.75207526166196 157.89161556764884 51.631931871501365 104.33561300286965 78.473092631716099 101.62737163554993 33.031653938887757 714.04204050995304 1660.9388556396379 221.75886999411705 1799.7022584462911 340.39787333417007 80.331530838933759 43.399320812619408 100.63169293750252 393.26182158447955 39.641523788075574 1248.3240936446491 85.854935418814421
leaf_count=19659 138049 3114 66328 100823 2908 32378 5954 28386 2938 6275 3469 6189 9258 8951 3272 16838 2640 6228 32601 60209 21167 73662 32214 9779 3221 3528 10951 1620 87240 318
internal_value=0 0.00119804 -0.0010571 -0.0095082 0.00911008 0.00267667 -0.00802799 0.00148645 0.00356145 -0.00166226 0.00851803 -0.00814416 -0.0162753 0.0017022 -0.00289463 -0.0140386 -0.0120754 -0.00655984 0.00397012 0.00271923 -0.00843626 0.00542799 -0.0121136 -0.00795229 -0.0137268 -0.00434339 0.00876651 -0.0060523 -0.00257591 0.0186943
internal_weight=0 11554.1 8991.31 2755.18 2562.76 6236.13 1724.24 667.546 1623.09 1101.46 428.49 672.975 368.591 304.384 210.699 1056.69 978.222 2445.99 5734.62 4789.7 935.801 3853.9 501.51 420.729 171.149 127.749 2054.2 2412.96 1287.97 939.665
internal_count=800167 608300 554859 262239 53441 292620 191867 34340 50009 47071 13126 33945 18805 15140 9547 157527 140689 195911 230968 198590 53768 144822 61652 41993 9657 6436 71160 189683 88860 3432
is_linear=0
shrinkage=0.05


Tree=37
num_leaves=31
num_cat=0
split_feature=0 0 0 0 0 0 0 0 0 0 0 0 0 0 0 0 0 0 0 0 0 0 0 0 0 0 0 0 0 0
split_gain=47.3027 78.6729 104.218 52.9677 47.1611 39.9565 28.6884 29.4629 27.1894 25.7674 49.4022 23.6327 20.4416 44.3103 61.6734 34.5784 27.4576 46.9714 33.6398 58.0347 23.9358 88.3695 19.5763 40.4156 32.411 34.4563 19.404 50.8004 26.0911 36.5484
threshold=4542.5000000000009 4152.5000000000009 1983.5000000000002 4168.5000000000009 879.50000000000011 5595.5000000000009 769.50000000000011 172.50000000000003 4506.5000000000009 4276.5000000000009 4257.5000000000009 824.50000000000011 1018.5000000000001 1644.5000000000002 1680.5000000000002 1865.5000000000002 1465.5000000000002 1421.5000000000002 1194.5000000000002 1178.5000000000002 1005.5000000000001 898.50000000000011 2887.5000000000005 2128.5000000000005 2908.5000000000005 3216.5000000000005 5393.5000000000009 5304.5000000000009 5110.5000000000009 5007.5000000000009
decision_type=2 2 2 2 2 2 2 2 2 2 2 2 2 2 2 2 2 2 2 2 2 2 2 2 2 2 2 2 2 2
left_child=1 2 4 -3 6 26 7 -1 9 10 -5 -8 20 16 -15 -16 17 18 19 -14 21 -6 23 -4 -24 -26 27 28 29 -2
right_child=5 3 22 8 12 -7 11 -9 -10 -11 -12 -13 13 14 15 -17 -18 -19 -20 -21 -22 -23 24 -25 25 -27 -28 -29 -30 -31
leaf_value=-0.032844402841303071 -0.021939744813049833 0.018159128423657318 -0.0033122266894308576 -0.012940528183302503 0.01257235218324477 -0.0012825458045258174 -0.057706107230143827 -0.0011222441942964775 0.012167878879725808 -0.0073880127438801738 0.021749902855928357 -0.010910121391216027 -0.008740634647351626 0.018571957583383134 -0.016547337645207973 0.005312241887194237 -0.017973085205166824 0.015315201839119073 -0.017611995614069165 0.027496892070284881 0.019182657558615684 -0.046877932561866537 0.017229262345951162 -0.025738688833462243 -0.025454870197699049 -0.005420527715014202 -0.034711298337132442 0.023312039846980114 -0.042104717724205598 0.014176000899132122
leaf_weight=77.923557335892838 295.02522642390431 951.20262605929747 378.45974173893933 167.73715226426066 422.79196873842739 955.57814240259995 44.474547236881335 1206.5879539824882 578.03315332400234 667.1683404313444 264.39644058683189 68.586455182014106 369.97213944312898 853.46935886204665 232.33498489801241 817.33186286058844 251.22629045330905 362.59401401884679 368.22445452376633 157.53148565733864 513.45337998805917 73.352671943720452 139.12790643198241 428.18251278115645 241.78008037203108 1910.0944542605948 126.94921922470894 82.00963981500081 99.219030917435703 91.863347273349973
leaf_count=19659 54897 3432 22691 9657 3340 59430 6658 76121 6333 33945 3469 6480 23696 6320 26279 19568 23248 7081 32175 3154 3403 12747 4153 82455 37962 137669 25914 12497 20505 15229
internal_value=0 0.00113186 -0.00110894 0.0087339 0.00283453 -0.00791718 -0.00517195 -0.00304664 0.00338893 -0.0012272 0.00828445 -0.0293182 0.00536482 0.00351585 0.00859 0.000473807 -0.00288129 0.000131817 -0.00601447 0.00208119 0.0116148 0.0037829 -0.00851793 -0.0152167 -0.00615937 -0.00767154 -0.0170385 -0.0130894 -0.0192305 -0.0133644
internal_weight=0 11546 8917.5 2628.54 5819.86 1650.64 1397.57 1284.51 1677.34 1099.3 432.134 113.061 4422.28 3412.68 1903.14 1049.67 1509.55 1258.32 895.728 527.504 1009.6 496.145 3097.64 806.642 2291 2151.87 695.066 568.117 486.108 386.889
internal_count=800167 611695 554859 56836 269929 188472 108918 95780 53404 47071 13126 13138 161011 141521 52167 45847 89354 66106 59025 26850 19490 16087 284930 105146 179784 175631 129042 103128 90631 70126
is_linear=0
shrinkage=0.05


Tree=38
num_leaves=31
num_cat=0
split_feature=1 1 1 1 1 1 1 1 1 1 1 1 1 1 1 1 1 1 1 1 1 1 1 1 1 1 1 1 1 1
split_gain=44.7324 188.046 51.7378 67.9953 41.8319 40.8984 43.3329 23.4452 22.3968 15.985 14.9412 31.5655 14.9095 17.4363 85.2452 35.9131 28.1348 19.4682 29.6981 18.4606 14.5353 14.4319 21.5741 29.8739 14.2531 37.9023 13.4782 13.4406 13.0423 12.93
threshold=1309.5000000000002 838.50000000000011 1212.5000000000002 1058.5000000000002 863.50000000000011 2357.5000000000005 2170.5000000000005 1366.5000000000002 49.500000000000007 230.50000000000003 358.50000000000006 419.50000000000006 2096.5000000000005 1788.5000000000002 1733.5000000000002 1820.5000000000002 1593.5000000000002 1848.5000000000002 1873.5000000000002 1900.5000000000002 1476.5000000000002 144.50000000000003 101.50000000000001 107.50000000000001 2197.5000000000005 2214.5000000000005 396.50000000000006 1485.5000000000002 1.0000000180025095e-35 600.50000000000011
decision_type=2 2 2 2 2 2 2 2 2 2 2 2 2 2 2 2 2 2 2 2 2 2 2 2 2 2 2 2 2 2
left_child=1 8 3 4 -3 6 7 -2 28 21 -11 26 13 14 16 -15 20 -17 -19 -20 -9 22 -10 -24 -8 -26 -12 -22 -1 -13
right_child=5 2 -4 -5 -6 -7 24 12 9 10 11 29 -14 15 -16 17 -18 18 19 -21 27 -23 23 -25 25 -27 -28 -29 -30 -31
leaf_value=-0.06320042831041274 0.021014776282878223 -0.043032869723622275 -0.0028705261067188716 -0.035985440873719028 -0.0069904359677802896 -0.0013267960847529727 0.027363917922300703 0.0061096352462041894 0.015145379706821407 -0.0046702679877367844 0.011985025644349613 -0.0020607897792929088 -0.0092325395084288837 0.028326962609159831 -0.029567919077131851 -0.0104422642319578 0.015308195416429913 0.033813834895641152 -0.016383867686392471 0.0066370909317511042 -0.031184333068505411 0.017664272021406257 -0.048056656409820118 0.0042950381647595178 -0.01333358123142012 0.016461287710908146 0.036817427375715216 -0.0039109214764663017 -0.0082286761571904298 0.0077392175233551011
leaf_weight=11.279980728791086 167.83445369485526 93.843020378688379 440.33914251760143 544.1327164965287 566.38172730636143 4166.6432381871418 182.17443648596418 399.69409891311261 156.53743378441504 529.19687674432043 130.13403000089238 777.76351503159549 277.3862397934754 173.3349858617712 219.21991033196582 195.99076023632915 393.19147859607801 92.306765033676129 98.651350751775681 742.69724623034199 50.844045957133403 391.24583648871885 40.432920133358493 83.58024169849341 125.97873547318341 698.90601587588117 94.19536580287604 405.01583997069156 248.30624265603819 593.35259920010958
leaf_count=1626 6221 14056 29322 78762 43072 247848 5977 20859 6643 32649 6301 47283 17925 6448 17194 13130 18464 3448 6325 37388 4324 16814 3439 4066 8867 26217 3133 24147 18331 29888
internal_value=0 -0.00390478 -0.0175366 -0.0228989 -0.0121134 0.00218779 0.00565529 0.00282119 0.00343163 0.00473577 0.00261008 0.00502491 0.0018195 0.00292586 -0.000810893 0.00713577 0.00423746 0.00388415 0.00689152 0.0039378 -0.00085037 0.0114585 0.00280423 -0.0127736 0.0147063 0.0119109 0.0224121 -0.00695284 -0.0106174 0.00218018
internal_weight=0 4700.72 1644.7 1204.36 660.225 8389.87 4223.23 3216.17 3056.03 2796.44 2124.64 1595.45 3048.33 2770.95 1467.97 1302.98 1248.75 1129.65 933.655 841.349 855.554 671.796 280.551 124.013 1007.06 824.885 224.329 455.86 259.586 1371.12
internal_count=800167 335385 165212 135890 57128 464782 216934 175873 170173 150216 119254 86605 169652 151727 84988 66739 67794 60291 47161 43713 49330 30962 14148 7505 41061 35084 9434 28471 19957 77171
is_linear=0
shrinkage=0.05


Tree=39
num_leaves=31
num_cat=0
split_feature=0 0 0 0 0 0 0 0 0 0 0 0 0 0 0 0 0 0 0 0 0 0 0 0 0 0 0 0 0 0
split_gain=42.4977 71.9434 98.6686 50.2802 44.6254 35.1846 43.0455 25.0316 54.2423 24.2013 27.0674 24.0683 23.7533 25.1323 22.2422 18.3951 39.2076 31.6216 54.1245 28.0787 39.5054 38.8763 54.5304 20.9134 78.7209 19.3585 22.0085 18.5851 18.367 25.3453
threshold=4542.5000000000009 4152.5000000000009 1983.5000000000002 4168.5000000000009 879.50000000000011 5793.5000000000009 5811.5000000000009 4429.5000000000009 4343.5000000000009 769.50000000000011 172.50000000000003 4257.5000000000009 4276.5000000000009 4321.5000000000009 824.50000000000011 1018.5000000000001 1421.5000000000002 1194.5000000000002 1178.5000000000002 1697.5000000000002 1808.5000000000002 1670.5000000000002 1465.5000000000002 1005.5000000000001 898.50000000000011 1070.5000000000002 1149.5000000000002 1551.5000000000002 4636.5000000000009 4732.5000000000009
decision_type=2 2 2 2 2 2 2 2 2 2 2 2 2 2 2 2 2 2 2 2 2 2 2 2 2 2 2 2 2 2
left_child=1 2 4 -3 9 28 -7 8 11 10 -1 -5 -13 -14 -11 23 17 18 25 21 -21 22 -18 24 -6 -17 -27 -24 -2 -30
right_child=5 3 -4 7 15 6 -8 -9 -10 14 -12 12 13 -15 -16 16 19 -19 -20 20 -22 -23 27 -25 -26 26 -28 -29 29 -31
leaf_value=-0.032139398021338146 -0.043611434198015935 0.017797222325639957 -0.0082945023185727693 -0.011827569633515113 0.012025102101596734 0.015946845293050932 -0.01012134573118828 0.0095876426276833709 -0.024155328442021146 -0.056538270484679923 -0.0012706859668000412 0.020220853149261895 -0.019983998001652525 0.014717521806051723 -0.010028565808504843 -0.028556020261380068 0.014920743603504259 -0.017070814568721438 0.025718551599870583 -0.025461458289268591 0.0040664154672692123 0.018345684983704837 -0.038930552770444243 0.018334385637583602 -0.045381954735124831 0.0017194519722554412 -0.056940540755503921 -0.0075749059158529272 0.016151851981412318 -0.014235374274832563
leaf_weight=75.473254566539708 47.838519618295322 920.52505374676548 3076.7495544659732 164.62648040813656 419.34933968691621 288.42756785388337 351.16701185659895 801.40685076434602 219.34036414856746 41.318105291107713 1202.1688108917238 267.31703103560722 102.30593633840544 106.48342692863298 68.030356227829543 91.322165824949479 372.76444755258854 355.48545348750031 167.45334547788661 130.06631378474594 877.4027834068329 822.52216317448256 58.735384184065879 508.23850273690186 69.633270196019112 255.30454047163221 17.058269522269256 241.83618385588488 74.434274973235006 878.58366035526797
leaf_count=19659 9619 3432 284930 9657 3340 3087 28386 18397 12334 6658 76121 3469 6275 3272 6480 6667 7081 32175 3154 15850 26515 6521 9425 3403 12747 13694 3335 17104 12292 135088
internal_value=0 0.00107985 -0.00106241 0.00842333 0.00279119 -0.00752585 0.0016342 0.00322983 -0.00269431 -0.00502638 -0.00309417 0.00465239 0.0103508 -0.00228608 -0.0276026 0.0052627 0.00350668 -0.00552871 0.0021963 0.00670682 0.000254307 0.0110526 0.00214371 0.0112321 0.00385009 -0.00863418 -0.00195446 -0.0137022 -0.0133796 -0.011862
internal_weight=0 11432.9 8850.91 2582.01 5774.16 1640.45 639.595 1661.48 860.073 1386.99 1277.64 640.733 476.106 208.789 109.348 4387.17 3389.95 886.624 531.138 2503.33 1007.47 1495.86 673.336 997.221 488.983 363.685 272.363 300.572 1000.86 953.018
internal_count=800167 611695 554859 56836 269929 188472 31473 53404 35007 108918 95780 22673 13016 9547 13138 161011 141521 59025 26850 82496 42365 40131 33610 19490 16087 23696 17029 26529 156999 147380
is_linear=0
shrinkage=0.05


Tree=40
num_leaves=31
num_cat=0
split_feature=0 0 0 0 0 0 0 0 0 0 0 0 0 0 0 0 0 0 0 0 0 0 0 0 0 0 0 0 0 0
split_gain=39.7175 69.7328 90.1196 43.7665 43.0513 30.3455 39.0003 26.3584 23.4223 40.4008 21.4857 24.2795 20.3855 18.3861 43.7543 18.4848 18.3556 18.9136 18.2467 17.3067 17.0253 31.468 28.3146 16.9117 32.3971 22.1314 54.0883 32.7352 29.1523 27.1835
threshold=4516.5000000000009 4152.5000000000009 1983.5000000000002 4168.5000000000009 879.50000000000011 5793.5000000000009 5811.5000000000009 4506.5000000000009 4276.5000000000009 4257.5000000000009 769.50000000000011 172.50000000000003 824.50000000000011 2810.5000000000005 2128.5000000000005 2050.5000000000005 4226.5000000000009 4204.5000000000009 4301.5000000000009 4099.5000000000009 4447.5000000000009 4429.5000000000009 4343.5000000000009 1018.5000000000001 1070.5000000000002 1644.5000000000002 1680.5000000000002 1465.5000000000002 1924.5000000000002 1421.5000000000002
decision_type=2 2 2 2 2 2 2 2 2 2 2 2 2 2 2 2 2 2 2 2 2 2 2 2 2 2 2 2 2 2
left_child=1 2 4 -3 10 -2 -7 8 9 16 11 -1 -12 14 15 -4 17 -5 -10 -15 21 22 -20 -6 -25 27 -27 29 -28 -26
right_child=5 3 13 7 23 6 -8 -9 18 -11 12 -13 -14 19 -16 -17 -18 -19 20 -21 -22 -23 -24 24 25 26 28 -29 -30 -31
leaf_value=-0.03123949222877628 -0.012380564187059986 0.017163831315383196 -0.021631944373119636 -0.041430105675463555 0.01083809834193053 0.014805280182031101 -0.0099410855125419643 0.012871778925184849 -0.052761961859525842 0.019867775374779989 -0.055623454665097709 -0.0015395289647719846 -0.010091790189752488 -0.0053196197812403426 -0.027948606013825705 0.003455120954818819 -0.041301725771755407 0.0076833353014355704 0.0035524983830103429 -0.042726043802398458 -0.033233030158085652 0.014364625479362129 -0.023115442963827389 -0.026441815823601878 -0.0023091742761041311 0.017250069238569341 -0.010463452255101124 -0.017227407697183946 0.0067788832333487772 0.013911134026040252
leaf_weight=73.019191451469851 1049.8692538784853 912.39489147253335 100.0376699562039 24.498535863549478 989.07646127214775 294.46215005090926 346.64633242516356 504.13362719397992 21.03401688588383 270.85676764379605 38.651139247624087 1194.4671705703768 67.539908558574098 2296.8586545248145 341.05354198477107 276.03452678603935 39.561154466427979 98.089301278756466 184.90191016042081 31.343637303640207 50.619878730311029 180.03290333304903 215.58470835324079 88.537130134100153 797.36706805581434 835.01828410590315 398.33837704186226 242.44674168036454 637.42597369590294 382.07142151225707
leaf_count=19659 160394 3432 9713 2908 19490 3087 28386 2938 2934 3469 6658 76121 6480 183449 72562 12978 3221 3528 6613 6228 8951 3113 12334 6667 52358 6320 35785 23248 10062 7081
internal_value=0 0.00107027 -0.00102608 0.00843541 0.00266042 -0.00714641 0.00142496 0.00342458 -0.000964229 0.00805082 -0.00506051 -0.00325053 -0.0266643 -0.00797939 -0.0149796 -0.0032182 -0.0116884 -0.00213173 -0.00694971 -0.00582321 -0.00542292 -0.00299795 -0.010803 0.00508728 0.00340504 0.0042076 0.00778132 -0.000494373 0.000147757 0.00294529
internal_weight=0 11291 8789.29 2501.71 5743.96 1690.98 641.108 1589.31 1085.18 433.006 1373.68 1267.49 106.191 3045.33 717.126 376.072 162.149 122.588 652.173 2328.2 631.139 580.52 400.487 4370.28 3381.2 3292.67 1870.78 1421.89 1035.76 1179.44
internal_count=800167 608300 554859 53441 269929 191867 31473 50009 47071 13126 108918 95780 13138 284930 95253 22691 9657 6436 33945 189677 31011 22060 18947 161011 141521 134854 52167 82687 45847 59439
is_linear=0
shrinkage=0.05


Tree=41
num_leaves=31
num_cat=0
split_feature=1 1 1 1 1 1 1 1 1 1 1 1 1 1 1 1 1 1 1 1 1 1 1 1 1 0 1 1 1 1
split_gain=37.7478 170.045 47.7936 62.3594 41.0467 39.4539 32.0119 20.55 17.9964 16.3351 14.4058 33.1384 14.3755 29.2764 12.754 63.6075 13.7579 12.6007 12.342 15.1116 75.5858 32.6111 24.2346 13.5921 12.4821 12.0775 12.0409 11.9236 16.3036 23.7015
threshold=1309.5000000000002 838.50000000000011 1212.5000000000002 1097.5000000000002 2357.5000000000005 2170.5000000000005 863.50000000000011 1366.5000000000002 49.500000000000007 230.50000000000003 2197.5000000000005 2214.5000000000005 358.50000000000006 419.50000000000006 600.50000000000011 573.50000000000011 579.50000000000011 396.50000000000006 2096.5000000000005 1788.5000000000002 1733.5000000000002 1806.5000000000002 1593.5000000000002 1476.5000000000002 1714.5000000000002 538.50000000000011 1173.5000000000002 144.50000000000003 101.50000000000001 107.50000000000001
decision_type=2 2 2 2 2 2 2 2 2 2 2 2 2 2 2 2 2 2 2 2 2 2 2 2 2 2 2 2 2 2
left_child=1 8 3 6 5 7 -3 -2 -1 27 -7 -12 -11 17 15 -15 -17 -14 19 20 22 -21 23 -9 -24 -23 -5 28 -10 -30
right_child=4 2 -4 26 -6 10 -8 18 9 12 11 -13 13 14 -16 16 -18 -19 -20 21 -22 25 24 -25 -26 -27 -28 -29 29 -31
leaf_value=-0.0093434982126038655 0.019777582832395502 -0.040773540590682757 -0.0027138128035102682 -0.041975409637320972 -0.0015216400578242093 0.026932486967791526 -0.0085508340189747369 0.0059565248434512788 0.014032169203931586 -0.0048869416353315509 -0.012658339112623072 0.01559358087271346 0.011317386549892368 0.0046604555225905819 0.0074396900502563534 -0.048966106538768261 -0.017965437591019387 0.035287817178983959 -0.0084132906759292209 0.035855858920711484 -0.028735477587033556 -0.018279432129597283 0.017826789523350175 -0.0067920026240004807 -0.0083502037702813704 0.0056910962345146227 -0.024884754234190426 0.016957540143722787 -0.04396364182090598 0.0042736861745978844
leaf_weight=255.31947656216062 168.54069064900159 88.300681662632996 436.07213091009726 310.65658285077052 4111.7913977367725 181.62951226205587 606.41572521800845 395.38483569058917 156.27881043054003 515.75473275414515 122.08722943202156 692.74363479776002 129.81085109049673 615.56511982249049 594.4308192171884 66.367055492619329 77.677110109334535 94.911182836309308 267.59041611998964 89.635376454203652 205.82157626420121 55.071248146652579 337.65155474089261 443.70534635232434 52.638803399802782 1147.2738850113647 154.21862595471157 391.26024940874959 36.679178775564651 83.293673236659743
leaf_count=19957 6221 14056 29322 51173 247848 5977 49953 20859 6643 32649 8867 26217 6301 33493 29888 7566 6224 3133 17925 2840 17194 5029 15331 28471 3133 58870 20708 16814 3439 4066
internal_value=0 -0.00362395 -0.0168248 -0.0221313 0.00202106 0.00552289 -0.0126464 0.0027899 0.00335706 0.00453108 0.0141989 0.0113606 0.00236036 0.00472793 0.00195412 -0.0023386 -0.0322487 0.0214413 0.00183386 0.00283931 -0.000692036 0.00676212 0.00400297 -0.000784812 0.0142963 0.00459317 -0.0363057 0.0113424 0.00338949 -0.0104739
internal_weight=0 4613.01 1595.66 1159.59 8271.57 4159.77 694.716 3163.31 3017.35 2762.03 996.46 814.831 2094.52 1578.76 1354.04 759.609 144.044 224.722 2994.77 2727.18 1435.2 1291.98 1229.38 839.09 390.29 1202.35 464.875 667.512 276.252 119.973
internal_count=800167 335385 165212 135890 464782 216934 64009 175873 170173 150216 41061 35084 119254 86605 77171 47283 13790 9434 169652 151727 84988 66739 67794 49330 18464 63899 71881 30962 14148 7505
is_linear=0
shrinkage=0.05


Tree=42
num_leaves=31
num_cat=0
split_feature=0 0 0 0 0 0 0 0 0 0 0 0 0 0 0 0 0 0 0 0 0 0 0 0 0 0 0 0 0 0
split_gain=36.5423 64.3625 80.5595 41.3016 37.2259 27.9121 32.3042 24.1879 21.6045 22.1644 21.1662 36.8571 19.3021 23.8361 28.8026 20.9117 19.6696 19.5152 19.2093 30.3781 18.1781 17.4411 17.007 16.8751 16.2629 47.6432 15.9691 28.0422 27.0252 15.9113
threshold=4516.5000000000009 4152.5000000000009 1942.5000000000002 879.50000000000011 4168.5000000000009 5775.5000000000009 5811.5000000000009 4506.5000000000009 1967.5000000000002 1983.5000000000002 4276.5000000000009 4257.5000000000009 172.50000000000003 554.50000000000011 676.50000000000011 521.50000000000011 769.50000000000011 824.50000000000011 5646.5000000000009 5630.5000000000009 433.50000000000006 4226.5000000000009 4204.5000000000009 4301.5000000000009 2765.5000000000005 2128.5000000000005 4447.5000000000009 4429.5000000000009 4343.5000000000009 2050.5000000000005
decision_type=2 2 2 2 2 2 2 2 2 2 2 2 2 2 2 2 2 2 2 2 2 2 2 2 2 2 2 2 2 2
left_child=1 2 3 12 -3 18 -7 10 -4 -10 11 21 -1 15 -15 20 -16 -18 19 -2 -14 22 -6 -12 25 29 27 28 -25 -11
right_child=5 4 8 -5 7 6 -8 -9 9 24 23 -13 13 14 16 -17 17 -19 -20 -21 -22 -23 -24 26 -26 -27 -28 -29 -30 -31
leaf_value=-0.030290253497822828 -0.013261797565264261 0.016331950700966782 -0.034685891708228833 0.0052280192893895683 -0.040654694698785333 0.012467757150354799 -0.0095919799117777822 0.012603850368014391 0.011535469858055423 -0.020216948611766559 -0.051703181132632836 0.018955762820303798 -0.0027064617817177082 -0.045219722568380097 0.002431169156192051 0.0071681231173963238 -0.054599930669669942 -0.009206825536329042 -0.036636479929807245 0.015934730069327163 -0.029415845107793461 -0.040941555152275301 0.0070478119194405803 0.0038333312977567495 -0.0056335033408200031 -0.030018471920670094 -0.032367250139453456 0.013596918470377535 -0.022406580199758542 0.0032540025650775978
leaf_weight=70.575368194490693 840.70647684693995 890.23184445942752 70.009611272981147 4101.5133829576225 23.082894014187332 321.66645447216433 342.84104951314293 503.09298357949592 159.90217905683676 97.553881258259935 19.933518365614873 274.75365864476771 332.26843879035823 63.215250218636356 174.46869598610465 535.17793497612001 36.327200336732858 67.995906486014064 73.936206071767629 99.652462818077765 78.813148185023238 37.807593259436544 98.060266605192737 184.33780752659004 2369.1819612659738 282.76529829323999 49.019593385648477 181.94074162372272 209.81279633221675 277.91974224791738
leaf_count=19659 138049 3432 3156 154657 2908 5954 28386 2938 3198 9713 2934 3469 32214 13336 14256 6536 6658 6480 16838 2640 9779 3221 3528 6613 195911 66328 8951 3113 12334 12978
internal_value=0 0.00103203 -0.000987295 0.00272505 0.00815311 -0.00687881 0.00108642 0.00355021 -0.0072104 -0.0066069 -0.000672108 0.00786929 -0.00482989 -0.00343509 -0.0147479 0.000653726 -0.00783856 -0.0250135 -0.0120972 -0.0101678 -0.00782722 -0.0112942 -0.00204153 -0.00641503 -0.00756514 -0.0145176 -0.00497089 -0.00263973 -0.0101346 -0.00284412
internal_weight=0 11189.8 8717.69 5460.36 2472.07 1678.8 664.508 1581.84 3257.33 3187.32 1078.75 433.704 1358.84 1288.27 342.007 946.26 278.792 104.323 1014.3 940.359 411.082 158.951 121.143 645.044 3027.42 658.239 625.111 576.091 394.151 375.474
internal_count=800167 608300 554859 263575 53441 191867 34340 50009 291284 288128 47071 13126 108918 89259 40730 48529 27394 13138 157527 140689 41993 9657 6436 33945 284930 89019 31011 22060 18947 22691
is_linear=0
shrinkage=0.05


Tree=43
num_leaves=31
num_cat=0
split_feature=1 1 1 1 1 1 1 1 1 1 1 1 1 1 1 1 1 1 1 1 1 1 1 1 1 1 1 1 1 0
split_gain=34.4857 154.225 45.624 58.4973 41.1966 46.3018 30.9316 17.9901 17.7808 15.4971 14.7903 13.9925 26.5823 33.6611 30.1992 13.6998 17.0497 18.5426 12.8043 12.2505 11.243 11.2039 15.5456 20.8893 11.0889 10.8605 10.3315 13.2181 13.0446 9.82745
threshold=1309.5000000000002 838.50000000000011 1212.5000000000002 1097.5000000000002 2329.5000000000005 2170.5000000000005 882.50000000000011 1366.5000000000002 49.500000000000007 230.50000000000003 991.50000000000011 358.50000000000006 505.50000000000006 600.50000000000011 573.50000000000011 971.50000000000011 954.50000000000011 932.50000000000011 579.50000000000011 2160.5000000000005 527.50000000000011 144.50000000000003 101.50000000000001 107.50000000000001 1173.5000000000002 1.0000000180025095e-35 2987.0000000000005 3039.5000000000005 2848.5000000000005 410.50000000000006
decision_type=2 2 2 2 2 2 2 2 2 2 2 2 2 2 2 2 2 2 2 2 2 2 2 2 2 2 2 2 2 2
left_child=1 8 3 6 5 7 -3 -2 25 21 15 -11 -13 14 20 16 17 -8 -16 29 -14 22 -10 -24 -5 -1 28 -28 -6 -9
right_child=4 2 -4 24 26 -7 10 19 9 11 -12 12 13 -15 18 -17 -18 -19 -20 -21 -22 -23 23 -25 -26 -27 27 -29 -30 -31
leaf_value=-0.060173871016556205 0.018456912988465485 -0.035684667800174173 -0.0024386542331557206 -0.041280416602944847 -0.0019947099900595056 0.015816127672393383 -0.010726438238305554 -0.020902606982992546 0.013466207047440198 -0.0050288012839097562 -0.015319928419571853 0.012682402576667227 -0.014500625132703844 0.0067275224919797309 -0.048296641002638419 0.02289415205701225 -0.025241271971016773 0.025055398156653558 -0.01745941260796955 -0.033289179100174864 0.00775228859675224 0.016336900123989615 -0.043883002858668536 0.0028221261490414848 -0.024562018142018617 -0.0074885732006495778 0.013488274382008815 -0.00023561061043105526 -0.011716020627672793 0.0024913207510053213
leaf_weight=10.199469365258208 172.24824385600186 117.52200937762063 432.41924925169042 295.00610277509395 1813.8694086069881 863.36117718018977 83.428331446215452 45.596635908601456 156.16756801275915 508.38366425734966 291.59668909865832 609.56979735527148 97.752368236534494 591.70358340648363 60.754758271439641 56.115832314564614 69.485406299132592 63.966633199265743 75.488223028314678 24.616198299956523 135.35648300928187 393.82269842561072 33.659539762526947 82.913214752996282 149.41852864214343 238.75070381784553 194.59471729656525 1783.4492855403287 426.15618938880107 2907.2811051149693
leaf_count=1626 6221 17237 29322 51173 110869 35090 6329 10170 6643 32649 27798 28570 7447 29888 7566 3206 6351 3088 6224 2781 6910 16814 3439 4066 20708 18331 10706 103314 28930 156701
internal_value=0 -0.00349144 -0.0162447 -0.0215441 0.00193146 0.00555795 -0.0123474 0.00274613 0.00314797 0.00430814 -0.00748964 0.00218112 0.00451485 -0.000665601 -0.0125094 0.00087417 -0.0048233 0.0048022 -0.0312106 0.00183726 -0.0015793 0.0109423 0.0031528 -0.0106636 -0.0356596 -0.00964709 -0.00151881 0.00111451 -0.00384415 0.00213009
internal_weight=0 4553.48 1558.96 1126.54 8231.17 4013.1 682.115 3149.74 2994.52 2745.57 564.593 2079.01 1570.63 961.055 369.352 272.996 216.88 147.395 136.243 2977.49 233.109 666.563 272.74 116.573 444.425 248.95 4218.07 1978.04 2240.03 2952.88
internal_count=800167 335385 165212 135890 464782 210963 64009 175873 170173 150216 46772 119254 86605 58035 28147 18974 15768 9417 13790 169652 14357 30962 14148 7505 71881 19957 253819 114020 139799 166871
is_linear=0
shrinkage=0.05


Tree=44
num_leaves=31
num_cat=0
split_feature=0 0 0 0 0 0 0 0 0 0 0 0 0 0 0 0 0 0 0 0 0 0 0 0 0 0 0 0 0 0
split_gain=33.4909 63.9719 72.1166 55.6373 34.9327 31.8433 27.3895 19.07 23.065 34.9592 17.9379 23.1579 17.5324 23.5833 16.086 29.572 25.7015 20.87 15.8289 27.0972 38.1791 25.7543 18.8543 27.9052 48.4889 20.4247 20.1078 18.7354 17.9566 15.8172
threshold=4542.5000000000009 4152.5000000000009 2128.5000000000005 2765.5000000000005 4168.5000000000009 521.50000000000011 5630.5000000000009 4506.5000000000009 4276.5000000000009 4257.5000000000009 5836.5000000000009 5949.5000000000009 5962.5000000000009 6002.5000000000009 4407.5000000000009 4343.5000000000009 4447.5000000000009 4321.5000000000009 4636.5000000000009 4732.5000000000009 4714.5000000000009 4938.5000000000009 5110.5000000000009 5304.5000000000009 5393.5000000000009 5095.5000000000009 5073.5000000000009 4681.5000000000009 5491.5000000000009 4099.5000000000009
decision_type=2 2 2 2 2 2 2 2 2 2 2 2 2 2 2 2 2 2 2 2 2 2 2 2 2 2 2 2 2 2
left_child=1 2 5 -4 -3 -1 18 8 9 -6 -8 -12 -13 -14 15 17 -16 -10 -2 20 27 -21 25 -24 -25 26 -23 -20 -26 -5
right_child=6 4 3 29 7 -7 10 -9 14 -11 11 12 13 -15 16 -17 -18 -19 19 21 -22 22 23 24 28 -27 -28 -29 -30 -31
leaf_value=-0.010510186900145605 -0.042419918561619828 0.016054662622903747 -0.029314572483021824 -0.00503435686822515 -0.010269482259436713 0.0030057349535000484 0.0033735806205304007 0.011175087834753572 -0.018164746361481628 0.019354727125126148 -0.03477734959566145 0.039682884842512367 -0.040580863791550105 0.016491625850560271 0.0086831149481822016 -0.031321346876418008 -0.031465002027250742 0.013810095324007527 0.011279367027336069 -0.03659699279537091 0.070190695027061656 0.0045088331709585931 -0.040115827562380149 0.024024622129183458 -0.046849412325358185 0.048901299052924257 -0.060225369879138436 -0.056208527035881653 -0.013123300546631304 -0.041599824692694257
leaf_weight=472.88382008281769 44.682317535353832 876.02170472638682 273.78502927039244 2323.3787857598654 155.47274736485997 5553.7682015000782 651.75938152347953 558.14754664813518 97.791221871255402 277.05741185753141 78.68089677027092 23.185543459148903 34.060747762301617 38.62819965520157 250.06527769325476 139.72572081081307 47.42244319152087 106.72922678532632 37.783763779167202 114.21162224842828 23.090970313149228 102.85833507900861 92.118139171826442 82.585245933147235 51.028561784110934 22.599128712659876 13.579766080976695 14.129355622288129 174.1897312869678 29.956454590319481
leaf_count=61652 9619 3432 66328 189683 9657 230968 28452 6333 6275 3469 13215 2450 5016 4685 6189 9258 8951 3272 6397 23618 2944 18477 20505 12497 11497 3220 2900 2951 20029 6228
internal_value=0 0.00096952 -0.00106841 -0.00798166 0.0080001 0.0019452 -0.00676724 0.00367768 -0.000217698 0.00870632 -0.000438881 -0.0146739 0.00182422 -0.0102515 -0.00623251 -0.0135915 0.00228311 -0.00147864 -0.0135333 -0.0117608 0.0167025 -0.0150293 -0.0104588 -0.0159729 -0.00874754 0.0054018 -0.00304089 -0.00708902 -0.0207648 -0.00549981
internal_weight=0 11162.2 8653.77 2627.12 2508.43 6026.65 1599.17 1632.41 1074.26 432.53 826.315 174.555 95.8745 72.6889 641.734 344.246 297.488 204.52 772.857 728.175 75.0041 653.171 538.959 399.922 307.804 139.037 116.438 51.9131 225.218 2353.34
internal_count=800167 611695 554859 262239 56836 292620 188472 53404 47071 13126 53818 25366 12151 9701 33945 18805 15140 9547 134654 125035 12292 112743 89125 64528 44023 24597 21377 9348 31526 195911
is_linear=0
shrinkage=0.05


Tree=45
num_leaves=31
num_cat=0
split_feature=1 1 1 1 1 1 1 1 1 1 1 1 1 1 1 1 1 1 1 1 1 1 1 0 1 1 1 1 1 1
split_gain=27.8255 140.976 38.7046 50.9109 37.8741 34.5353 28.7001 17.8927 15.9378 14.6501 14.1667 24.291 12.2946 30.7861 11.9472 12.5562 11.0698 10.956 10.6977 16.0473 61.4885 31.8153 25.4273 11.3958 10.5501 10.5243 14.3291 11.059 22.0061 10.3008
threshold=1309.5000000000002 838.50000000000011 1212.5000000000002 1097.5000000000002 2357.5000000000005 2170.5000000000005 863.50000000000011 1406.5000000000002 49.500000000000007 230.50000000000003 358.50000000000006 419.50000000000006 2197.5000000000005 2214.5000000000005 2987.0000000000005 3039.5000000000005 396.50000000000006 2227.5000000000005 2096.5000000000005 1788.5000000000002 1733.5000000000002 1806.5000000000002 1593.5000000000002 538.50000000000011 1714.5000000000002 991.50000000000011 971.50000000000011 954.50000000000011 932.50000000000011 2848.5000000000005
decision_type=2 2 2 2 2 2 2 2 2 2 2 2 2 2 2 2 2 2 2 2 2 2 2 2 2 2 2 2 2 2
left_child=1 8 3 6 5 7 -3 -2 -1 -10 -11 16 -7 -14 29 -16 -12 -15 19 20 22 -21 -9 -23 -24 26 27 28 -8 -6
right_child=4 2 -4 -5 14 12 25 18 9 10 11 -13 13 17 15 -17 -18 -19 -20 21 -22 23 24 -25 -26 -27 -28 -29 -30 -31
leaf_value=-0.0090461218568152809 0.01388575891646838 -0.040079330695639244 -0.0027828985456816542 -0.034054116038374729 -0.0026084529304829297 0.024693040575369456 -0.013587611417755175 -0.0027982256248319818 0.010706891001110752 -0.0051478963689056629 0.010090650205796747 0.0019531326258504281 -0.012915142026196168 0.029451676126128579 0.013045034433109448 -0.00025654102050617342 0.032335529745816681 0.011884358956456651 -0.0084223457257833687 0.034432144079350496 -0.027395903931150069 -0.018817372530259956 0.016369989354219953 0.0050234334467025602 -0.0078303089956550179 -0.015049666071578198 0.020419096145165783 -0.024197506483238443 0.022837473936976934 -0.011445930295304857
leaf_weight=244.91687289350239 310.9399205261152 79.862399336718227 429.35714285539689 424.30428849059308 1659.5476585862662 186.99894996041076 115.52307295333958 695.45887798096828 667.67172397434933 499.2019484477787 130.99629771644322 1340.0603063013778 120.02438237981187 104.12239202597175 197.17716879416002 1770.2746529611914 97.592230836064118 601.24142092284819 259.63625773816875 92.387404404944391 197.50915145780164 52.41283083216149 338.30169185786144 1147.5431212260737 51.951571268546104 286.21740156320357 59.023924440854898 67.844999322853255 64.681089291659191 411.48140899679674
leaf_count=19957 12631 14056 29322 71881 104898 5977 9510 42920 30962 32649 6301 77171 8867 2981 10706 103314 3133 23236 17925 2840 17194 5029 15331 58870 3133 27798 3206 6351 3088 28930
internal_value=0 -0.00315565 -0.0155104 -0.0204897 0.00173518 0.00508447 -0.0119398 0.00249974 0.00317341 0.00426745 0.00218827 0.00452291 0.0131169 0.0104942 -0.00171367 0.00107654 0.0195877 0.0144776 0.00125102 0.00222617 -0.00173454 0.00615891 0.00293369 0.00398209 0.0131484 -0.00815194 -0.0017227 -0.0069914 -0.000513473 -0.00436432
internal_weight=0 4507.25 1526.81 1097.46 8197.01 4158.53 673.153 3146.14 2980.44 2735.52 2067.85 1568.65 1012.39 825.388 4038.48 1967.45 228.589 705.364 2835.2 2575.56 1283.22 1292.34 1085.71 1199.96 390.253 593.29 307.073 248.049 180.204 2071.03
internal_count=800167 335385 165212 135890 464782 216934 64009 175873 170173 150216 119254 86605 41061 35084 247848 114020 9434 26217 163242 145317 78578 66739 61384 63899 18464 49953 22155 18949 12598 133828
is_linear=0
shrinkage=0.05


Tree=46
num_leaves=31
num_cat=0
split_feature=0 0 0 0 0 0 0 0 0 0 0 0 0 0 0 0 0 0 0 0 0 0 0 0 0 0 0 0 0 0
split_gain=28.033 65.4977 66.1382 50.6089 32.2638 45.63 28.7526 21.8217 28.481 16.6744 20.4526 15.0623 29.0544 25.8978 20.742 19.2326 16.7322 43.8981 38.5897 22.8733 18.3759 25.9502 31.6527 28.7202 29.5205 43.9956 50.8937 55.029 18.0443 16.4984
threshold=4516.5000000000009 4152.5000000000009 2128.5000000000005 2765.5000000000005 4276.5000000000009 4429.5000000000009 410.50000000000006 5793.5000000000009 5811.5000000000009 4343.5000000000009 4321.5000000000009 3840.5000000000005 3991.5000000000005 3778.5000000000005 3680.5000000000005 3761.5000000000005 3598.5000000000005 3617.5000000000005 3554.5000000000005 3516.5000000000005 2908.5000000000005 3013.5000000000005 3031.5000000000005 3216.5000000000005 3312.5000000000005 3370.5000000000005 3411.5000000000005 3461.5000000000005 2887.5000000000005 4099.5000000000009
decision_type=2 2 2 2 2 2 2 2 2 2 2 2 2 2 2 2 2 2 2 2 2 2 2 2 2 2 2 2 2 2
left_child=1 2 6 -4 -3 9 -1 -2 -9 10 -6 13 -13 14 16 -16 18 -18 19 20 28 -22 -23 -24 -25 -26 -27 -28 -5 -14
right_child=7 4 3 11 5 -7 -8 8 -10 -11 -12 12 29 -15 15 -17 17 -19 -20 -21 21 22 23 24 25 26 27 -29 -30 -31
leaf_value=-0.015734326175490778 -0.010576120033071557 0.013532440354062142 -0.028485106489538295 -0.0091020077047246056 -0.018242349706420045 0.0094977101461835856 0.002435156933466649 0.012700587543001719 -0.0086698794259376256 -0.021632539880347301 0.013479205932820391 -0.037009251942540088 -0.00073481878081752504 0.0068036610070961682 -0.037582502035959836 -0.0056820136936774936 0.043493552790122993 -0.0081920799763562421 -0.043724101902934034 0.019860332970568696 -0.038699934476906152 0.042630633392066179 -0.030832439953624138 0.011501185790133345 -0.051096776674715655 0.024909201849667127 -0.05859046637742861 -0.00027400138634937812 0.0171532782529209 -0.041134804711603724
leaf_weight=226.2670851662624 1023.733851921962 1299.2901443446553 265.32010024433839 124.93905459794041 95.498262258020986 724.91678807811513 5775.5069940104777 291.49602362257428 335.18013863629039 201.79284950401416 108.59652560677932 105.08407396576786 213.2659305991001 448.7574437084877 98.896053104237581 90.47050855296402 62.247532841327484 120.8169923131718 66.975644548638229 87.717080872538645 74.627613180466142 29.934274522500345 131.43826797405927 182.85587593598939 63.08181582295947 94.489448916210677 61.869177921556911 116.86340565773571 137.41606921414132 28.667819916370718
leaf_count=48896 160394 16558 66328 16127 6275 15002 243724 3087 28386 12334 3272 18705 18871 10782 12227 3138 3621 9313 6521 5862 12622 3755 21585 13745 6661 6299 6347 9349 4153 6228
internal_value=0 0.000908796 -0.00113774 -0.00778943 0.00815771 0.00198216 0.00175017 -0.00607784 0.00127051 -0.0114406 -0.00136367 -0.00544327 -0.015057 -0.00376968 -0.00684151 -0.0223419 -0.0046757 0.00938261 -0.0068712 -0.00463796 -0.00674989 -0.0107104 -0.00764104 -0.00995406 -0.00466817 -0.0134598 -0.00477014 -0.0204605 0.00464996 -0.005522
internal_weight=0 11037.6 8607.51 2605.73 2430.09 1130.8 6001.77 1650.41 626.676 405.888 204.095 2340.41 347.018 1993.4 1544.64 189.367 1355.27 183.065 1172.21 1105.23 1017.52 755.16 680.532 650.598 519.16 336.304 273.222 178.733 262.355 241.934
internal_count=800167 608300 554859 262239 53441 36883 292620 191867 31473 21881 9547 195911 43804 152107 141325 15365 125960 12934 113026 106505 100643 80363 67741 63986 42401 28656 21995 15696 20280 25099
is_linear=0
shrinkage=0.05


Tree=47
num_leaves=31
num_cat=0
split_feature=0 0 0 0 0 0 0 0 0 0 0 0 0 0 0 0 0 0 0 0 0 0 0 0 0 0 0 0 0 0
split_gain=25.4328 62.4071 50.6961 30.3221 28.6109 21.5771 26.465 17.8588 18.1889 17.5628 20.412 33.9657 17.163 16.8141 30.0271 19.6713 72.6211 19.2284 48.2647 29.4259 23.5352 25.001 51.2711 30.3479 21.0503 15.9122 15.4017 25.7627 29.0921 25.5972
threshold=4516.5000000000009 4152.5000000000009 1983.5000000000002 4168.5000000000009 879.50000000000011 5793.5000000000009 5811.5000000000009 769.50000000000011 172.50000000000003 4506.5000000000009 4276.5000000000009 4257.5000000000009 824.50000000000011 1018.5000000000001 1070.5000000000002 1005.5000000000001 898.50000000000011 1670.5000000000002 1680.5000000000002 1924.5000000000002 1465.5000000000002 1421.5000000000002 1194.5000000000002 1178.5000000000002 1149.5000000000002 1551.5000000000002 2887.5000000000005 2908.5000000000005 3013.5000000000005 3031.5000000000005
decision_type=2 2 2 2 2 2 2 2 2 2 2 2 2 2 2 2 2 2 2 2 2 2 2 2 2 2 2 2 2 2
left_child=1 2 4 -3 7 -2 -7 8 -1 10 11 -5 -9 15 -15 16 -6 20 -19 -20 21 22 23 24 -16 -22 -4 -28 -29 -30
right_child=5 3 26 9 13 6 -8 12 -10 -11 -12 -13 -14 14 17 -17 -18 18 19 -21 25 -23 -24 -25 -26 -27 27 28 29 -31
leaf_value=-0.02852812340906824 -0.010314166234082855 0.015504961979324133 -0.012573303708250655 -0.010403741861896368 0.010283586683420422 0.012438402617809456 -0.0082362554293731495 -0.05338547884867581 -0.0016207898078889752 0.011644877343172075 -0.0055428574894967947 0.018612538377987368 -0.010168433457950335 -0.027143576955912036 0.0012108135583354242 0.016476058486270841 -0.045102182148510243 0.016483183818751541 -0.011093806994473307 0.0062110485760405662 -0.037685723773996843 0.012328730689023524 -0.01726976230825086 0.024299481859070094 -0.056789353542275239 -0.0083506649395613912 0.016461234303832409 -0.037187824985036665 0.039825203748096061 -0.0053264352754218112
leaf_weight=66.394569573579247 1013.876397459735 857.86730750114657 759.55095503658231 155.17865086655365 405.34150930575561 293.10581929772161 328.00511512160119 34.714136248334398 1162.1627542333827 490.93506214977242 631.46143016930364 288.09725687024184 67.924762834772991 86.3553300423373 266.09648619968539 490.35648686377681 69.303330014495259 697.67402271227911 402.83533512441136 629.61394246603595 56.985416165633069 380.12243871096871 361.22415885636838 174.89205800698255 16.62082087622548 244.85846621183009 139.73312379713752 70.938258195947128 31.901611866720486 1955.6940903284376
leaf_count=19659 160394 3432 105146 9657 3340 3087 28386 6658 76121 2938 33945 3469 6480 6667 13694 3403 12747 3039 35785 10062 9425 7081 32175 3154 3335 17104 4153 12622 3755 159254
internal_value=0 0.000865229 -0.00113783 0.00794943 0.00165345 -0.00581843 0.00152023 -0.00474885 -0.00307494 0.00380958 0.000230458 0.00845474 -0.0247851 0.00364368 0.00195385 0.0094526 0.00219666 0.00273156 0.0063241 -0.000540864 -0.00140992 0.00173173 -0.00318766 0.00792836 -0.00219899 -0.0138889 -0.00643526 -0.00431442 -0.00572467 -0.00460174
internal_weight=0 10994.8 8571.29 2423.54 5613.48 1634.99 621.111 1331.2 1228.56 1565.67 1074.74 443.276 102.639 4282.28 3317.28 965.001 474.645 3230.92 1730.12 1032.45 1500.8 1198.96 818.834 457.609 282.717 301.844 2957.82 2198.27 2058.53 1987.6
internal_count=800167 608300 554859 53441 269929 191867 31473 108918 95780 50009 47071 13126 13138 161011 141521 19490 16087 134854 48886 45847 85968 59439 52358 20183 17029 26529 284930 179784 175631 163009
is_linear=0
shrinkage=0.05


Tree=48
num_leaves=31
num_cat=0
split_feature=1 1 1 1 1 1 1 1 1 1 1 1 1 1 1 1 1 1 1 1 1 1 1 1 1 1 1 1 1 1
split_gain=24.1958 126.72 36.3965 37.2442 34.859 48.5104 26.4699 19.617 15.9307 14.261 12.5958 12.0464 22.8428 11.2347 10.6469 13.1119 54.5772 30.5031 18.0029 11.286 13.2318 10.5538 9.97025 9.55884 15.9546 28.7023 11.2148 10.6646 13.4959 9.9952
threshold=1309.5000000000002 838.50000000000011 2329.5000000000005 2170.5000000000005 1212.5000000000002 1097.5000000000002 902.50000000000011 954.50000000000011 1366.5000000000002 49.500000000000007 230.50000000000003 358.50000000000006 419.50000000000006 396.50000000000006 2096.5000000000005 1788.5000000000002 1733.5000000000002 1806.5000000000002 1593.5000000000002 1476.5000000000002 1485.5000000000002 2058.5000000000005 3341.5000000000005 3218.5000000000005 3134.5000000000005 3130.5000000000005 2987.0000000000005 3162.5000000000005 3189.5000000000005 2931.5000000000005
decision_type=2 2 2 2 2 2 2 2 2 2 2 2 2 2 2 2 2 2 2 2 2 2 2 2 2 2 2 2 2 2
left_child=1 9 3 8 5 6 -3 -8 -2 -1 -11 -12 13 -13 15 16 18 -17 19 -10 -21 -19 23 24 25 26 29 -26 -29 -4
right_child=2 4 22 -5 -6 -7 7 -9 14 10 11 12 -14 -15 -16 17 -18 21 -20 20 -22 -23 -24 -25 27 -27 -28 28 -30 -31
leaf_value=-0.0086689415277269449 0.017167465529921672 -0.03036710186612402 -0.0030202414541351842 0.014194329683437057 -0.0026829626041168751 -0.033295911117322267 0.01230771943956159 -0.011219193059351151 0.004997551125571785 0.010041108227060242 -0.0047341672831558339 0.0091548888455054208 0.001741206631653584 0.031393073108796313 -0.0081986842879368995 0.033608947013340044 -0.025927437609933164 0.0023858375798134976 0.011894476929284966 -0.031722172723619331 -0.0036546696790661659 0.017585264919853832 0.0029197965005260691 -0.010483242751168513 0.02896295565508435 -0.053030391053400364 0.0053880061901027234 -0.0095567286432094514 0.016616333883571165 -0.015840132115896573
leaf_weight=239.37864197777662 174.32528852044197 143.11662140689168 2003.3362421848415 867.99329757956548 421.26284351300092 405.16176487451639 113.3710039471689 405.53557989144883 391.75586254778864 664.97676747375044 488.13190688563918 131.47115092094464 1329.1906438413444 99.98703826426572 252.82213325317935 93.945578156643023 187.3893912819276 1064.239203661964 391.1940076074734 47.174733442887373 382.09380010083805 127.93665723760932 919.78172352879483 375.3648851617636 57.143938114485536 28.54793324698403 373.45986202757103 92.08140669594377 105.89423359171269 164.52852458526104
leaf_count=19957 6221 20272 127550 35090 29322 71881 6382 37355 20859 30962 32649 6301 77171 3133 17925 2840 17194 58035 18464 4324 24147 5864 51566 24348 2504 2759 21452 5955 5436 12249
internal_value=0 -0.00296583 0.00162609 0.00503564 -0.0148618 -0.0196692 -0.0113296 -0.00607902 0.00248184 0.00302998 0.00406193 0.00212126 0.00426547 0.0187615 0.00161064 0.00253404 -0.000814921 0.00617851 0.00306707 -0.00113893 -0.00673917 0.00401694 -0.00166821 -0.0029868 -0.00199072 -0.00317464 -0.00261458 0.00993508 0.00444285 -0.0039932
internal_weight=0 4441.58 8101.01 3980.87 1488.45 1067.18 662.023 518.907 3112.88 2953.14 2713.76 2048.78 1560.65 231.458 2938.55 2685.73 1399.61 1286.12 1212.22 821.024 429.269 1192.18 4120.14 3200.36 2824.99 2569.87 2541.32 255.12 197.976 2167.86
internal_count=800167 335385 464782 210963 165212 135890 64009 43737 175873 170173 150216 119254 86605 9434 169652 151727 84988 66739 67794 49330 28471 63899 253819 202253 177905 164010 161251 13895 11391 139799
is_linear=0
shrinkage=0.05


Tree=49
num_leaves=31
num_cat=0
split_feature=0 0 0 0 0 0 0 0 0 0 0 0 0 0 0 0 0 0 0 0 0 0 0 0 0 0 0 0 0 0
split_gain=23.3617 54.084 49.9646 31.1117 30.1002 36.4685 21.7277 20.9661 17.4088 18.5075 17.1789 16.5166 40.5397 33.701 17.24 15.4836 28.5232 22.4728 13.7839 29.1419 36.3383 36.2462 18.9132 22.2451 22.8137 47.2146 27.8949 18.9777 18.0193 65.0339
threshold=4542.5000000000009 4152.5000000000009 1942.5000000000002 879.50000000000011 4276.5000000000009 4429.5000000000009 4636.5000000000009 1967.5000000000002 4343.5000000000009 4301.5000000000009 1983.5000000000002 4732.5000000000009 4938.5000000000009 4714.5000000000009 4681.5000000000009 554.50000000000011 654.50000000000011 521.50000000000011 1018.5000000000001 1670.5000000000002 1680.5000000000002 1924.5000000000002 1070.5000000000002 1465.5000000000002 1421.5000000000002 1194.5000000000002 1178.5000000000002 1149.5000000000002 1005.5000000000001 898.50000000000011
decision_type=2 2 2 2 2 2 2 2 2 2 2 2 2 2 2 2 2 2 2 2 2 2 2 2 2 2 2 2 2 2
left_child=1 2 3 15 -3 8 -2 -4 9 -6 -9 13 -13 14 -8 17 -17 -1 28 22 -21 -22 -20 24 25 26 27 -24 29 -5
right_child=6 4 7 18 5 -7 11 10 -10 -11 -12 12 -14 -15 -16 16 -18 -19 19 20 21 -23 23 -25 -26 -27 -28 -29 -30 -31
leaf_value=-0.0096349980438785957 -0.041189861636627495 0.012638988966994663 -0.033274913390909093 0.0098816896514918352 -0.048300795677380895 0.0078814246489997582 0.011742504535145429 0.010325635686857012 -0.0213945219810978 0.0043167975605018947 -0.0063080985534942685 -0.03538544797854784 -0.0035515694766879492 0.065561109308812579 -0.05488791488258829 -0.053265410261776863 -0.0086314809827910521 0.005558071208591947 -0.025442876919896436 0.015899040990279324 -0.010404223391382311 0.011015217537177218 0.0010444499621474691 -0.013254320705897103 0.012049062230513004 -0.016506430529123355 0.022984741463672097 -0.055745599034496753 0.016067842130824503 -0.043729495377178088
leaf_weight=458.63947875188842 42.008220559939218 1284.2956892084112 69.110005673344403 400.43633662950015 18.383085383651633 773.45389915555097 37.868017207993034 163.8677230211033 195.39447249610203 183.82632978825859 2942.3381121928328 108.08955978178165 1337.8678214050942 24.983352533265133 13.054900586683287 40.621276445685908 301.1878610631029 518.60939940174285 83.422795384729397 687.34534441679716 399.76609297940377 390.38020478605176 267.02474534622706 296.34245059480145 386.4259452031547 352.16919453173978 182.71320400331751 15.568586272278479 485.85312825290021 65.873362188548526
leaf_count=61652 9619 16558 3156 3340 2934 18397 6397 3198 12334 6613 284930 23618 142943 2944 2951 10303 30427 6536 6667 3039 35785 3708 13694 26529 7081 32175 3154 3335 3403 12747
internal_value=0 0.00081552 -0.00107112 0.00188572 0.00735266 0.00155515 -0.00571696 -0.00603661 -0.0107513 -0.000466727 -0.00543059 -0.0047378 -0.00593125 0.0179965 -0.00533926 -0.00477608 -0.0139359 -0.00157229 0.00407525 0.00244101 0.00749175 0.00017828 -0.00227112 -0.000982623 0.00203808 -0.00269418 0.00775968 -0.00208422 0.00932928 0.00230829
internal_weight=0 10963 8507.7 5332.38 2455.35 1171.06 1563.87 3175.32 397.604 202.209 3106.21 1521.86 1445.96 75.9063 50.9229 1319.06 341.809 977.249 4013.32 3061.16 1477.49 790.146 1583.67 1500.24 1203.9 817.476 465.307 282.593 952.163 466.31
internal_count=800167 611695 554859 263575 56836 40278 188472 291284 21881 9547 288128 178853 166561 12292 9348 108918 40730 68188 154657 135167 42532 39493 92635 85968 59439 52358 20183 17029 19490 16087
is_linear=0
shrinkage=0.05


Tree=50
num_leaves=31
num_cat=0
split_feature=0 0 0 0 0 0 0 0 0 0 0 0 0 0 0 0 0 0 0 0 0 0 0 0 0 0 0 0 0 0
split_gain=22.05 46.7182 47.1878 36.8848 33.198 36.1319 26.4037 23.0952 25.3624 16.4254 17.533 15.1067 16.1858 16.1442 13.7365 23.4835 16.2895 61.0103 13.8117 39.8393 24.9131 22.183 22.1722 42.2996 25.0974 17.0393 14.2811 13.3894 31.2498 14.725
threshold=4732.5000000000009 4152.5000000000009 1983.5000000000002 4938.5000000000009 4714.5000000000009 4276.5000000000009 879.50000000000011 4429.5000000000009 4542.5000000000009 4343.5000000000009 4301.5000000000009 769.50000000000011 824.50000000000011 172.50000000000003 1018.5000000000001 1070.5000000000002 1005.5000000000001 898.50000000000011 1670.5000000000002 1680.5000000000002 1924.5000000000002 1465.5000000000002 1421.5000000000002 1194.5000000000002 1178.5000000000002 1149.5000000000002 1551.5000000000002 2810.5000000000005 2128.5000000000005 3840.5000000000005
decision_type=2 2 2 2 2 2 2 2 2 2 2 2 2 2 2 2 2 2 2 2 2 2 2 2 2 2 2 2 2 2
left_child=1 2 6 -2 5 -3 11 9 -9 10 -7 13 -13 -1 16 -16 17 -8 21 -20 -21 22 23 24 25 -17 -23 28 -4 -29
right_child=3 4 27 -5 -6 7 14 8 -10 -11 -12 12 -14 -15 15 18 -18 -19 19 20 -22 26 -24 -25 -26 -27 -28 29 -30 -31
leaf_value=-0.027399084590112033 -0.034526840611506925 0.011976337816089743 -0.0026724333813945827 -0.0035931621842545062 0.061159029477456883 -0.048246250778847255 0.0094404088828368999 0.0075887944415957854 -0.020307311304227148 -0.020473459226661102 0.0044700215472983805 -0.052186074005473343 -0.0092145729337022326 -0.0016124876462257133 -0.024561292760322068 0.00082384417755248856 0.015345390637652079 -0.043561690538018144 0.015190739463058718 -0.010247419660813686 0.0058109284668418498 -0.036293007621959056 0.012074592646805436 -0.015696658033759903 0.02158090318303927 -0.054597994521958237 -0.0078368880246097727 -0.0026094066216374289 -0.024319111403093559 -0.013886611651315967
leaf_weight=64.107197021848151 103.9170610560459 1282.5983011994704 373.02445802203738 1326.2097102896378 27.652801139949588 17.24694844203259 397.19894151785411 768.47825693923551 91.141758696836405 191.7317198903329 184.52360206258527 32.5294427510471 67.148525901153334 1141.0830242363727 80.69846374374174 268.8597659878651 482.44657291544718 62.891581990148552 681.46940202987753 395.25968563534298 620.9854439864157 54.056098393957654 389.0277477184718 346.07912637340633 186.52656177067547 14.622792734926405 239.17789004857696 1911.4346084512736 301.47211415541778 341.12078521393687
leaf_count=19659 23618 16558 22691 142943 2944 2934 3340 18397 18967 12334 6613 6658 6480 76121 6667 13694 3403 12747 3039 35785 10062 9425 7081 32175 3154 3335 17104 145873 72562 43804
internal_value=0 0.000758376 -0.00103501 -0.00584089 0.00667103 0.00607682 0.0016846 3.85372e-05 0.00463109 -0.00999407 -3.60614e-05 -0.00453133 -0.0232381 -0.00298414 0.00360695 0.00207687 0.00892632 0.00219534 0.00274946 0.00583734 -0.000434826 -0.000749269 0.00225173 -0.0024308 0.00733717 -0.00203496 -0.0130826 -0.00616769 -0.0123476 -0.0043172
internal_weight=0 11014.6 8451.22 1430.13 2563.37 2535.72 5524.17 1253.12 859.62 393.502 201.771 1304.87 99.678 1205.19 4219.3 3276.76 942.537 460.091 3196.06 1697.71 1016.25 1498.35 1205.12 816.088 470.009 283.483 293.234 2927.05 674.497 2252.56
internal_count=800167 633606 554859 166561 78747 75803 269929 59245 37364 21881 9547 108918 13138 95780 161011 141521 19490 16087 134854 48886 45847 85968 59439 52358 20183 17029 26529 284930 95253 189677
is_linear=0
shrinkage=0.05


Tree=51
num_leaves=31
num_cat=0
split_feature=0 0 0 0 0 0 0 0 0 0 0 0 0 0 0 0 0 0 0 0 0 0 0 0 0 0 0 0 0 0
split_gain=20.9093 42.5902 45.2304 33.0047 31.0773 30.6136 26.4535 21.1155 23.9173 22.0948 17.0664 16.9452 14.3013 13.4903 15.1506 14.7144 12.9234 32.0473 12.6519 33.3215 13.6264 12.575 11.3649 15.9514 10.8845 24.1693 20.3034 48.9971 14.2566 55.3621
threshold=4732.5000000000009 4152.5000000000009 1942.5000000000002 4938.5000000000009 4714.5000000000009 4276.5000000000009 879.50000000000011 4407.5000000000009 4343.5000000000009 4542.5000000000009 4321.5000000000009 1967.5000000000002 1983.5000000000002 769.50000000000011 824.50000000000011 148.50000000000003 4807.5000000000009 4788.5000000000009 2765.5000000000005 2180.5000000000005 4099.5000000000009 2050.5000000000005 4636.5000000000009 4681.5000000000009 1018.5000000000001 1132.5000000000002 1194.5000000000002 1421.5000000000002 1005.5000000000001 898.50000000000011
decision_type=2 2 2 2 2 2 2 2 2 2 2 2 2 2 2 2 2 2 2 2 2 2 2 2 2 2 2 2 2 2
left_child=1 2 6 16 5 -3 13 8 10 -9 -7 -4 -13 15 -15 -1 17 -2 19 21 -20 -14 -11 -24 28 -26 -27 -28 29 -8
right_child=3 4 11 -5 -6 7 24 9 -10 22 -12 12 18 14 -16 -17 -18 -19 20 -21 -22 -23 23 -25 25 26 27 -29 -30 -31
leaf_value=-0.029185461917313145 -0.05014695345290357 0.011203318493058759 -0.030685975030150126 -0.0036115965027959961 0.056644104221863195 -0.016120154224658484 0.00903854461712017 0.0066214299807401435 -0.028079341072599764 -0.039654365105235116 0.013153908150484814 0.0091644225740863498 -0.019546526801463449 -0.051284477005934005 -0.0088661444781863736 -0.0017245474058359565 -0.048279396387438056 0.039557393050093273 -0.0038649513609686072 -0.027944720326639555 -0.039656922509622522 0.0012766646592070692 0.012304802796921687 -0.053680984461149196 -0.012241070714366795 0.016158664067975684 -0.015340130421748669 0.0051088155147115616 0.014615010520274469 -0.042573613688032419
leaf_weight=50.948081856139652 23.221860666950306 1283.0760073869515 66.576991097290829 1318.2038981472606 30.402453709131805 91.119682040807675 395.81155215139734 826.63578736994168 123.59529721941362 39.361337197360626 109.75774853780604 164.26066134826397 95.334852322244842 30.730643713026438 66.827275667281356 1146.9158720250834 59.357127662865423 17.429340362072253 2262.2896441068251 220.35947808154333 26.90823378116329 302.73454544998913 37.737118934241153 12.094021046163105 257.05270003536134 296.14128117643122 339.45882481259832 2137.274229337514 479.4799093438196 59.808483506439188
leaf_count=16181 5719 16558 3156 142943 2944 6275 3340 21473 9258 9619 3272 3198 9713 6658 6480 79599 14694 3205 189683 59456 6228 19850 6397 2951 16681 10169 32175 76142 3403 12747
internal_value=0 0.000739689 -0.000979583 -0.00571254 0.00639406 0.00578863 0.00185455 0.00018721 -0.0107732 0.0040704 -0.000125051 -0.00572994 -0.00518907 -0.00434867 -0.0222279 -0.00289253 -0.0334049 -0.0116859 -0.00599994 -0.0123456 -0.00428567 -0.00371034 -0.0195725 -0.00370995 0.00388122 0.00242588 0.00378555 0.0023061 0.00859684 0.0022635
internal_weight=0 10952.7 8398.91 1418.21 2553.78 2523.38 5260.45 1240.3 324.473 915.828 200.877 3138.46 3071.89 1295.42 97.5579 1197.86 100.008 40.6512 2907.63 618.429 2289.2 398.069 89.1925 49.8311 3965.03 3029.93 2772.87 2476.73 935.1 455.62
internal_count=800167 633606 554859 166561 78747 75803 263575 59245 18805 40440 9547 291284 288128 108918 13138 95780 23618 8924 284930 89019 195911 29563 18967 9348 154657 135167 118486 108317 19490 16087
is_linear=0
shrinkage=0.05


Tree=52
num_leaves=31
num_cat=0
split_feature=1 1 1 1 1 1 1 1 1 1 1 1 1 1 1 1 1 1 1 1 1 1 1 1 1 1 1 1 1 0
split_gain=20.3153 108.815 36.174 36.3294 27.7438 44.7713 23.9567 15.908 14.208 13.4112 36.7615 10.8351 27.4014 26.6135 12.1924 11.512 20.9139 10.2999 12.8111 11.2778 21.4876 10.2191 9.59346 9.57361 10.8295 9.40025 9.06921 9.0603 7.22565 7.21622
threshold=1309.5000000000002 838.50000000000011 2329.5000000000005 2214.5000000000005 1212.5000000000002 1097.5000000000002 863.50000000000011 1366.5000000000002 49.500000000000007 2197.5000000000005 2181.5000000000005 505.50000000000006 600.50000000000011 573.50000000000011 579.50000000000011 368.50000000000006 274.50000000000006 991.50000000000011 971.50000000000011 954.50000000000011 932.50000000000011 527.50000000000011 419.50000000000006 2987.0000000000005 3039.5000000000005 1173.5000000000002 2931.5000000000005 1.0000000180025095e-35 2227.5000000000005 521.50000000000011
decision_type=2 2 2 2 2 2 2 2 2 2 2 2 2 2 2 2 2 2 2 2 2 2 2 2 2 2 2 2 2 2
left_child=1 8 3 7 5 6 -3 -2 27 10 -9 15 13 21 -15 16 -10 18 19 20 -8 -13 -17 26 -25 -7 -4 -1 -5 -14
right_child=2 4 23 28 -6 25 17 9 11 -11 -12 12 29 14 -16 22 -18 -19 -20 -21 -22 -23 -24 24 -26 -27 -28 -29 -30 -31
leaf_value=-0.057783936124989478 0.017729561422917369 -0.037160333619441717 -0.0032030431981108507 0.028590977737051545 -0.0030155533317570691 -0.037394252976655322 -0.012574946469366247 0.0017737504299687825 0.0080674329163729196 -0.014412646482411057 0.032031075124041485 -0.013705060023162753 -0.025102967680164453 -0.047235563836588196 -0.016228612601055719 0.021507778139041658 -0.0060735044524958945 -0.013832371369212141 0.020784602262167596 -0.023378489493130442 0.02333798769203832 0.0078653834444457945 0.0075307892692930414 0.011835428073685886 -0.00053135199384988607 -0.020975063608244266 -0.01562234372459872 -0.0069896959313073869 0.014010093844649763 0.0072560933538360203
leaf_weight=9.135041301311956 173.02334698716186 73.419476311178187 1962.7298185996724 104.5932744600068 414.24697589702737 254.67975378133679 109.70027115868379 2968.2560151243715 794.17458798732423 117.53512811397559 103.8996206568263 93.552147872103887 17.77748409862761 55.28584963477806 74.32642555518396 183.07310102807241 389.80405853886987 273.57537826645785 57.585162463998131 64.395554027974867 67.144430401343925 132.92298965686496 372.70449434761758 197.36402357515817 1717.8276389008124 132.53633044329945 158.90023280105561 225.359854745946 452.80404712825839 558.32835139095005
leaf_count=1626 6221 14056 127550 2981 29322 51173 9510 172600 39619 8867 3029 7447 2286 7566 6224 6468 26958 27798 3206 6351 3088 6910 19136 10706 103314 20708 12249 18331 17265 27602
internal_value=0 -0.00274589 0.00150245 0.00492355 -0.0139477 -0.0183314 -0.0102715 0.00296386 0.00283211 0.0021629 0.00279705 0.00386775 -0.000481988 -0.0113857 -0.0294546 0.00619841 0.00341178 -0.00682256 -0.00040507 -0.00546314 0.00106048 -0.00104492 0.0121348 -0.00181974 0.000743067 -0.0317743 -0.00413319 -0.00896845 0.0167461 0.00625756
internal_weight=0 4353.73 7956.93 3920.11 1447.28 1033.04 645.82 3362.71 2906.44 3189.69 3072.16 2671.95 932.193 356.087 129.612 1739.76 1183.98 572.401 298.825 241.24 176.845 226.475 555.778 4036.82 1915.19 387.216 2121.63 234.495 557.397 576.106
internal_count=800167 335385 464782 210963 165212 135890 64009 190717 170173 184496 175629 150216 58035 28147 13790 92181 66577 49953 22155 18949 12598 14357 25604 253819 114020 71881 139799 19957 20246 29888
is_linear=0
shrinkage=0.05


Tree=53
num_leaves=31
num_cat=0
split_feature=0 0 0 0 0 0 0 0 0 0 0 0 0 0 0 0 0 0 0 0 1 0 0 0 0 0 0 0 0 0
split_gain=19.1394 40.4678 42.749 30.2611 28.9012 28.0145 22.0278 20.4394 25.5423 19.748 16.341 12.6341 29.1136 12.3898 13.9681 13.3781 11.8731 20.5441 12.6519 49.3403 13.2828 11.9013 33.4965 28.4039 23.6731 17.6321 20.1155 23.3592 16.8143 38.9111
threshold=4732.5000000000009 4152.5000000000009 1983.5000000000002 4714.5000000000009 4938.5000000000009 4276.5000000000009 879.50000000000011 4407.5000000000009 4343.5000000000009 4542.5000000000009 4301.5000000000009 4807.5000000000009 4788.5000000000009 769.50000000000011 824.50000000000011 148.50000000000003 1018.5000000000001 1070.5000000000002 1005.5000000000001 898.50000000000011 2227.5000000000005 1644.5000000000002 1680.5000000000002 1465.5000000000002 1865.5000000000002 1836.5000000000002 1808.5000000000002 1740.5000000000002 1421.5000000000002 1194.5000000000002
decision_type=2 2 2 2 2 2 2 2 2 2 2 2 2 2 2 2 2 2 2 2 2 2 2 2 2 2 2 2 2 2
left_child=1 2 6 5 11 -3 13 8 10 -9 -7 12 -2 15 -15 -1 18 -18 19 -8 -20 23 -23 28 25 26 27 -24 29 -19
right_child=4 3 -4 -5 -6 7 16 9 -10 -11 -12 -13 -14 14 -16 -17 17 21 20 -21 -22 22 24 -25 -26 -27 -28 -29 -30 -31
leaf_value=-0.028241044515993286 -0.049280665133060994 0.010780780157501465 -0.0058935156489748836 0.053189636724740856 -0.0035477970184916111 -0.048306652827909899 0.0086636271010171375 0.0064211481615159584 -0.029085118007256907 -0.018542056116111646 0.004364104800969759 -0.047276162502658613 0.036334632563437441 -0.050286078805141403 -0.0087587588154199522 -0.0016028350097719948 -0.023676086824926695 0.0073536946080684758 0.020182970554395243 -0.041197176514916056 0.0027661344086733499 0.013571283267417512 -0.00065734303360200129 -0.016718150116403607 0.0036727102612241825 -0.053498440835276787 0.022303098887004567 -0.038288539100514545 0.010858636093188156 -0.0149542580734716
leaf_weight=49.169607214277676 21.928563904011298 1278.4458478728793 2888.0902244848776 33.846429490797163 1309.9383037208449 15.997180819431376 391.42224373138743 825.81122130900985 118.4458185925032 87.63214027140566 185.29475148144411 56.060341751084707 18.146799118891067 29.134053992325789 66.39929191500778 1137.9298242044742 76.27690853884269 476.9414323665751 309.86825852992479 56.818436975087934 169.26781327929348 724.64055784623997 93.543796002857562 234.14546200574114 777.55135068928575 25.775819190988841 39.797747984914167 73.751612901887711 389.37463581598058 331.23425201032296
leaf_count=16181 5719 16558 284930 2944 142943 2934 3340 21473 9258 18967 6613 14694 3205 6658 6480 79599 6667 20183 2163 12747 1240 6320 9848 23248 19568 3336 3611 9484 7081 32175
internal_value=0 0.000709037 -0.000974994 0.00622735 -0.00548976 0.0055945 0.00163 0.000217844 -0.0106623 0.00402628 0.000178226 -0.0319508 -0.0105126 -0.00410026 -0.021423 -0.00270619 0.00339237 0.00196573 0.00838134 0.00234333 0.01403 0.00258335 0.00536773 -0.000791008 -0.000515591 -0.0145004 -0.00964647 -0.0172469 0.00232307 -0.00178931
internal_weight=0 10886.6 8341.13 2545.47 1406.07 2511.63 5453.04 1233.18 319.738 913.443 201.292 96.1357 40.0754 1282.63 95.5333 1187.1 4170.41 3243.03 927.377 448.241 479.136 3166.76 1735.06 1431.7 1010.42 232.869 207.093 167.295 1197.55 808.176
internal_count=800167 633606 554859 78747 166561 75803 269929 59245 18805 40440 9547 23618 8924 108918 13138 95780 161011 141521 19490 16087 3403 134854 52167 82687 45847 26279 22943 19332 59439 52358
is_linear=0
shrinkage=0.05


Tree=54
num_leaves=31
num_cat=0
split_feature=1 1 1 1 1 1 1 1 1 1 1 1 1 1 1 1 1 1 1 1 1 1 1 1 1 1 1 1 1 1
split_gain=17.6112 99.028 33.8692 29.4849 23.6183 41.2712 24.3575 15.3204 13.7775 12.6453 10.9277 27.4609 11.4771 10.8817 14.6572 16.8079 13.4899 11.2563 10.822 10.1174 24.8858 23.5642 10.9357 19.9234 10.3355 15.6281 21.4101 9.54017 9.21159 9.00804
threshold=1309.5000000000002 838.50000000000011 2357.5000000000005 2170.5000000000005 1212.5000000000002 1058.5000000000002 902.50000000000011 1366.5000000000002 954.50000000000011 49.500000000000007 2197.5000000000005 2214.5000000000005 2227.5000000000005 2511.5000000000005 2633.5000000000005 2969.5000000000005 2460.5000000000005 2592.5000000000005 2160.5000000000005 505.50000000000006 600.50000000000011 573.50000000000011 368.50000000000006 230.50000000000003 144.50000000000003 101.50000000000001 107.50000000000001 579.50000000000011 527.50000000000011 419.50000000000006
decision_type=2 2 2 2 2 2 2 2 2 2 2 2 2 2 2 2 2 2 2 2 2 2 2 2 2 2 2 2 2 2
left_child=1 9 3 7 5 6 -3 -2 -8 -1 -5 -12 -13 16 17 -16 -4 -15 -9 22 21 28 23 24 25 -11 -27 -23 -21 -24
right_child=2 4 13 10 -6 -7 8 18 -10 19 11 12 -14 14 15 -17 -18 -19 -20 20 -22 27 29 -25 -26 26 -28 -29 -30 -31
leaf_value=-0.0084852690530209888 0.016548835221371624 -0.027792796728288105 -0.0020617603922013089 0.022797292931009277 -0.003300130799765072 -0.029470099008318026 0.011566198960631647 0.0015508763196878396 -0.0084941425338027812 0.011806383410382747 -0.013150937737279357 0.028302731179456461 0.010503806017000069 0.0030457578277126056 -0.0073640460743478291 0.0005852743514073469 -0.018718764762866973 0.02206390312918903 -0.033097232002510323 -0.013566660459021749 0.0058774014636221693 -0.044800241101426191 0.02065829098644285 -0.0041176700402214819 0.014138505328560461 -0.046465875704855122 0.0011664637356475301 -0.016751517590412341 0.0069877069124008656 0.0072121533723630213
leaf_weight=231.25193309102679 174.17560203900211 132.73442191762388 300.73224506126735 190.98421773541304 411.9042524226943 420.42366065122724 114.3684039911077 2849.8240802376113 340.17752757899871 154.96761125572084 114.82931999900575 107.02064948815496 589.20132572299372 296.27284314938879 1011.6632425344042 1940.302963020441 204.0033152799615 105.51144612781718 22.716164979774476 92.031739153752824 575.13122335690787 52.105686059452637 187.03235916911945 518.88880270591471 392.98429180966923 33.088076808539881 82.196952849168156 72.493922286037559 133.69241794236586 372.90465174917972
leaf_count=19957 6221 20272 19256 5977 29322 78762 6382 166871 30474 6643 8867 2981 23236 18592 71599 116575 16292 5534 2781 7447 29888 7566 6468 35615 16814 3439 4066 6224 6910 19136
internal_value=0 -0.00256792 0.00140242 0.00459696 -0.0133875 -0.0175108 -0.00894934 0.00214995 -0.00344676 0.00273074 0.0120371 0.00950337 0.0132398 -0.00194965 -0.000919554 -0.00213902 -0.00879417 0.00804006 0.00127688 0.00370308 -0.000521704 -0.0110272 0.00594745 0.00322099 0.00896245 0.00143577 -0.0125045 -0.0284811 -0.00139267 0.0117035
internal_weight=0 4318.38 7907.24 4048.75 1419.61 1007.7 587.28 3046.72 454.546 2898.77 1002.04 811.051 696.222 3858.49 3353.75 2951.97 504.736 401.784 2872.54 2667.52 925.455 350.324 1742.06 1182.13 663.237 270.253 115.285 124.6 225.724 559.937
internal_count=800167 335385 464782 216934 165212 135890 57128 175873 36856 170173 41061 35084 26217 247848 212300 188174 35548 24126 169652 150216 58035 28147 92181 66577 30962 14148 7505 13790 14357 25604
is_linear=0
shrinkage=0.05


Tree=55
num_leaves=31
num_cat=0
split_feature=0 0 0 0 0 0 0 0 0 0 0 0 0 0 0 0 0 0 0 0 0 0 0 0 0 0 0 0 0 0
split_gain=17.3821 37.5792 29.5572 38.5873 27.1637 24.6293 22.433 17.6729 14.5601 13.2402 27.7176 11.9709 26.6194 17.0306 48.0496 31.4096 58.8798 17.5222 27.3838 14.5508 28.7454 39.6778 50.1008 14.1453 14.114 23.2993 30.8841 20.421 17.9224 20.2399
threshold=4732.5000000000009 4714.5000000000009 4152.5000000000009 1983.5000000000002 4168.5000000000009 4938.5000000000009 879.50000000000011 4204.5000000000009 4542.5000000000009 4807.5000000000009 4788.5000000000009 3216.5000000000005 3081.5000000000005 3312.5000000000005 3370.5000000000005 3411.5000000000005 3461.5000000000005 3840.5000000000005 3991.5000000000005 3778.5000000000005 3617.5000000000005 3598.5000000000005 3554.5000000000005 4099.5000000000009 2887.5000000000005 2908.5000000000005 3013.5000000000005 2128.5000000000005 3031.5000000000005 3060.5000000000005
decision_type=2 2 2 2 2 2 2 2 2 2 2 2 2 2 2 2 2 2 2 2 2 2 2 2 2 2 2 2 2 2
left_child=1 2 3 6 -4 9 -1 -6 -9 10 -2 12 24 -13 -15 -16 -17 19 -19 20 21 22 -18 -20 27 -26 -27 -5 -28 -30
right_child=5 -3 4 11 7 -7 -8 8 -10 -11 -12 13 -14 14 15 16 17 18 23 -21 -22 -23 -24 -25 25 26 28 -29 29 -31
leaf_value=-0.0042519692132279904 -0.048563457232212448 0.050415345285791405 0.012872564220869021 -0.0027618649605922144 -0.041030180497474866 -0.0034719930142182217 0.0033395311399213659 0.0033903158613887716 -0.017749102932262499 -0.046432204628200802 0.03456435706259503 0.011247293998602539 -0.03605258701461684 -0.049507892382077756 0.02431222510841085 -0.055526412690963395 0.0088195576286395575 -0.035016617556623768 0.00067663266623365162 0.0074830309018301599 -0.015843425980348019 0.040115629230239577 -0.042438922238727084 -0.038509442106288899 0.016595985089667874 -0.036517757145656214 0.036832982397647367 -0.01953081268938215 -0.056488526210181945 0.017268168648004945
leaf_weight=1272.0675921520324 20.751174001220079 37.844455847211066 799.90638316131663 365.4185312567347 23.870883086930917 1304.2175747093384 4140.9712218038349 1578.1638675115573 85.888200349680119 53.157710252417019 19.404894170060288 185.71176497786473 88.280872163984895 57.794511112660985 98.05837827209325 55.299604286205067 205.81993839504685 98.556783547549458 209.6663355656874 419.00626459334671 297.35483663772357 66.431735861078778 62.04029135086239 25.871517685151048 139.47659931399176 67.810082454863732 34.062408690777374 360.82546689166838 15.765505367795411 22.685039230647817
leaf_count=108918 5719 2944 3432 22691 2908 142943 161011 50496 18967 14694 3205 13745 15453 6661 6299 6347 15211 18705 18871 10782 24678 3621 6521 6228 4153 12622 3755 82455 3002 3130
internal_value=0 0.000678107 0.000503447 -0.000931105 0.0052831 -0.00524746 0.00155552 0.00168646 0.00229923 -0.0300627 -0.00839303 -0.0056114 -0.00972741 -0.0030832 -0.00475081 -0.00306906 -0.00493356 -0.00291314 -0.0128872 0.000258493 -0.00453394 0.00552591 -0.00305265 -0.00362757 -0.00741736 0.00212387 -0.0122609 -0.0110933 0.0104227 -0.0129736
internal_weight=0 10814.6 10776.8 8288.98 2487.83 1397.53 5413.04 1687.92 1664.05 93.3138 40.1561 2875.94 1094.32 1781.61 1595.9 1538.11 1440.05 1384.75 334.095 1050.65 631.647 334.292 267.86 235.538 1006.04 279.8 140.323 726.244 72.513 38.4505
internal_count=800167 633606 630662 554859 75803 166561 269929 72371 69463 23618 8924 284930 147261 137669 123924 117263 110964 104617 43804 60813 50031 25353 21732 25099 131808 26662 22509 105146 9887 6132
is_linear=0
shrinkage=0.05


Tree=56
num_leaves=31
num_cat=0
split_feature=1 1 1 1 1 1 1 1 1 1 1 1 1 1 1 1 1 1 1 1 1 1 1 1 1 1 1 1 1 1
split_gain=16.8833 58.7172 37.4856 34.9996 31.5174 34.2208 17.3821 16.6098 14.8977 11.5473 20.9945 16.6017 19.4302 10.9259 10.4456 11.1721 13.3892 10.3093 9.88716 20.0063 9.21121 8.84906 8.62284 8.50102 12.0432 8.94478 9.98441 17.9136 15.2254 7.64174
threshold=505.50000000000006 1309.5000000000002 991.50000000000011 1212.5000000000002 2329.5000000000005 2170.5000000000005 1097.5000000000002 368.50000000000006 1366.5000000000002 600.50000000000011 573.50000000000011 786.50000000000011 932.50000000000011 2160.5000000000005 1.0000000180025095e-35 274.50000000000006 144.50000000000003 1173.5000000000002 954.50000000000011 971.50000000000011 838.50000000000011 419.50000000000006 863.50000000000011 2969.5000000000005 2931.5000000000005 3049.5000000000005 3134.5000000000005 3130.5000000000005 3162.5000000000005 527.50000000000011
decision_type=2 2 2 2 2 2 2 2 2 2 2 2 2 2 2 2 2 2 2 2 2 2 2 2 2 2 2 2 2 2
left_child=7 2 9 6 5 8 -4 14 -3 10 29 -11 20 -10 -1 16 -16 -8 -14 -20 -13 -9 -22 24 -6 -25 27 -27 -28 -2
right_child=1 4 3 -5 23 -7 17 21 13 11 -12 12 18 -15 15 -17 -18 -19 19 -21 22 -23 -24 25 -26 26 28 -29 -30 -31
leaf_value=-0.054519034748679307 -0.012086998119770723 0.016059489304885741 -0.0126467852541655 -0.0035647724449389922 -0.0032200390096635023 0.013133019748276274 -0.035778295597540997 0.020208662438767538 0.001320792399072403 0.0075645347046300083 -0.026710355385680801 -0.002920837491712746 0.021584395924300871 -0.033701673529761222 -0.0015736628278875957 -0.0056736610961520585 0.0099008215894206726 -0.018003353157278378 -0.021792537139682485 0.019150979842105925 -0.035012957638728165 0.0069918617327206032 -0.01224674483454271 0.008692380228113885 -0.019901649884988878 -0.0053435421191299296 0.025347295070218351 -0.051064277454708901 -0.00071955782636253462 0.0066935518153215358
leaf_weight=8.3235460268188017 90.842884022738872 175.359295199607 264.1739118372343 410.04292792831529 1915.8265968013347 875.42792271895814 232.83050248669815 191.75766104402646 2839.6838174924433 458.77471381309988 121.08823335099441 116.08229526532159 70.364274501083855 22.445165683198866 489.49135787723935 378.60316482947746 528.96506039990527 125.56718816693274 61.84640969699467 57.64433332133558 67.975084713664728 372.96202140352761 107.15954132506613 282.47149513129716 114.67039360951276 124.09887288299979 58.283114292150458 25.893932473400127 1441.7032531231462 134.15199380277045
leaf_count=1626 7447 6221 27798 29322 127550 35090 51173 6468 166871 23457 13790 6431 3088 2781 32479 26958 25471 20708 6351 3206 14056 19136 9510 15980 9694 8027 2504 2759 87305 6910
internal_value=0 -0.000818871 -0.00781267 -0.0149074 0.00124001 0.00442314 -0.0223779 0.00423729 0.00191289 -0.00211555 -0.00992355 0.000759614 -0.0057299 0.00104614 0.00132707 0.00165979 0.00438595 -0.0295507 0.00671526 -0.0020407 -0.0138434 0.0114798 -0.021083 -0.00190294 -0.00416212 0.000470852 -0.000936649 -0.0132365 0.00029329 -0.000889196
internal_weight=0 10194.4 2318.54 1032.61 7875.86 3912.92 622.572 1970.1 3037.49 1285.93 346.083 939.847 481.072 2862.13 1405.38 1397.06 1018.46 358.398 189.855 119.491 291.217 564.72 175.135 3962.95 2030.5 1932.45 1649.98 149.993 1499.99 224.995
internal_count=800167 688029 223247 129001 464782 210963 99679 112138 175873 94246 28147 66099 42642 169652 86534 84908 57950 71881 12645 9557 29997 25604 23566 253819 137244 116575 100595 10786 89809 14357
is_linear=0
shrinkage=0.05


Tree=57
num_leaves=31
num_cat=0
split_feature=1 1 1 1 1 1 1 1 1 1 1 1 1 1 1 1 1 1 1 1 1 1 1 1 1 1 1 1 1 1
split_gain=16.9411 51.6257 72.3983 23.052 34.9572 14.3695 8.93531 8.55745 16.5586 7.88953 19.4779 17.6029 19.0527 8.84971 7.87406 7.66039 10.9285 7.76732 7.59118 12.5014 17.3386 7.37026 7.36294 28.9864 7.00136 6.92325 12.9815 13.9633 6.89387 6.21036
threshold=505.50000000000006 1212.5000000000002 1058.5000000000002 2329.5000000000005 2170.5000000000005 49.500000000000007 2160.5000000000005 368.50000000000006 230.50000000000003 838.50000000000011 882.50000000000011 600.50000000000011 573.50000000000011 991.50000000000011 419.50000000000006 2969.5000000000005 2931.5000000000005 3039.5000000000005 144.50000000000003 101.50000000000001 107.50000000000001 700.00000000000011 2197.5000000000005 2214.5000000000005 2227.5000000000005 971.50000000000011 954.50000000000011 932.50000000000011 527.50000000000011 579.50000000000011
decision_type=2 2 2 2 2 2 2 2 2 2 2 2 2 2 2 2 2 2 2 2 2 2 2 2 2 2 2 2 2 2
left_child=5 2 9 4 6 -1 -3 8 18 11 -11 12 28 25 -9 16 -5 -17 19 -7 -21 -13 -6 -24 -25 26 27 -12 -2 -14
right_child=1 3 -4 15 22 7 -8 14 -10 10 13 21 29 -15 -16 17 -18 -19 -20 20 -22 -23 23 24 -26 -27 -28 -29 -30 -31
leaf_value=-0.0075831156408539607 -0.011597954250981765 0.0013155111261979587 -0.027442304983114507 -0.003150379519619162 0.020801676656434509 0.011097794600182481 -0.031422393004122522 0.018922693438964831 -0.0034398782343033809 -0.028601113651487282 -0.0090987785817896391 0.012288080496585472 -0.039510037626082059 -0.01138945540288897 0.0065616672688262288 0.0087840453814736607 -0.019228495984834507 -0.00083104233454956225 0.012885048202362144 -0.042914337351646209 0.0013356526721693006 0.00057833414203828208 -0.013166472129681537 0.025802618488667418 0.011725366249140952 0.01728728820303831 -0.021407738216728579 0.021556849074281046 0.0063236061571168498 -0.016102831172114879
leaf_weight=227.73490123029296 89.394579323674179 3427.6920817397659 391.18575387399528 1907.4851224958975 196.0382168385313 156.76326241262177 20.969919022794784 195.56014864762074 511.27100724925003 94.584373144349229 75.669000814519677 214.55357157955041 48.180775561246264 213.60346993865278 377.58325246008735 239.87509245309775 111.88846924295285 1688.8099202061667 399.48214575281781 30.530576672535062 80.526670646653656 359.60120897913112 114.40013541383814 108.94181763360939 466.73610067046684 59.532445643464598 61.222792381282488 72.962537121495188 134.23770571297064 68.803801725560334
leaf_count=19957 7447 202414 78762 127550 5977 6643 2781 6468 35615 17237 6329 10202 7566 20917 19136 13261 9694 103314 16814 3439 4066 19686 8867 2981 17265 3206 6351 3088 6910 6224
internal_value=0 -0.00082398 -0.00829574 0.000875112 0.00339246 0.00423192 0.00111645 0.00576795 0.00333091 -0.00327689 -0.00785212 -0.000388148 -0.00939322 -0.00378883 0.0107793 -0.00188881 -0.00404123 0.000364809 0.00851852 0.00200538 -0.010829 0.0049541 0.0122504 0.00982119 0.0143894 0.0022379 -0.00203138 0.00594993 -0.000840343 -0.0257432
internal_weight=0 10166.4 1883.53 8282.84 4334.78 1979.45 3448.66 1751.72 1178.57 1492.35 577.575 914.772 340.617 482.99 573.143 3948.06 2019.37 1928.69 667.303 267.821 111.057 574.155 886.116 690.078 575.678 269.387 209.854 148.632 223.632 116.985
internal_count=800167 688029 193925 494104 240285 112138 205195 92181 66577 115163 57128 58035 28147 39891 25604 253819 137244 116575 30962 14148 7505 29888 35090 29113 20246 18974 15768 9417 14357 13790
is_linear=0
shrinkage=0.05


Tree=58
num_leaves=31
num_cat=0
split_feature=1 1 1 1 1 1 1 1 1 1 1 1 1 1 1 1 1 1 1 1 1 1 1 1 1 1 1 1 1 1
split_gain=15.2821 48.353 66.7255 22.5916 33.4888 12.9316 9.63326 14.4128 7.89103 10.6551 7.75243 7.39323 10.9171 7.32061 18.9497 15.6212 17.1323 7.00004 7.78755 9.91271 17.3152 6.89925 6.89668 6.76766 6.65128 27.3248 6.52561 6.38889 6.17507 6.0795
threshold=505.50000000000006 1212.5000000000002 1058.5000000000002 2329.5000000000005 2170.5000000000005 368.50000000000006 274.50000000000006 144.50000000000003 2096.5000000000005 2058.5000000000005 2078.5000000000005 2969.5000000000005 2931.5000000000005 838.50000000000011 863.50000000000011 600.50000000000011 573.50000000000011 991.50000000000011 932.50000000000011 954.50000000000011 971.50000000000011 419.50000000000006 3039.5000000000005 1.0000000180025095e-35 2197.5000000000005 2214.5000000000005 2227.5000000000005 396.50000000000006 700.00000000000011 579.50000000000011
decision_type=2 2 2 2 2 2 2 2 2 2 2 2 2 2 2 2 2 2 2 2 2 2 2 2 2 2 2 2 2 2
left_child=5 2 13 4 8 6 7 23 9 -3 -11 12 -5 15 -15 16 -2 18 -16 -20 -21 27 -13 -1 -6 -26 -27 -7 -17 -18
right_child=1 3 -4 11 24 21 -8 -9 -10 10 -12 22 -14 14 17 28 29 -19 19 20 -22 -23 -24 -25 25 26 -28 -29 -30 -31
leaf_value=-0.048493956739755761 -0.0010042599181276596 0.0011779936409069816 -0.026768860023267671 -0.0031238893128756051 0.02000917198054486 0.0078744309985201294 -0.005469459317827139 0.0095542199843329009 -0.0075575044765786165 0.028003116553214486 0.003192338750631336 0.008205205143070415 -0.019310811531351377 -0.033712694010499748 -0.01071168974026618 0.011204856021590267 -0.038909840834566625 -0.011487140368119464 0.020478068228831782 -0.021633410022655772 0.016183208201600036 0.0063639293836143772 -0.00081198998499205661 -0.001536970587045291 -0.013017289596457905 0.024819845813817274 0.011402223636831466 0.02592787976513046 0.00049889265867003769 -0.015314017989404634
leaf_weight=7.7968620083838678 222.94204740766463 3078.6635936888088 379.56583496391295 1900.7321652719902 199.09266591830965 88.585605336233129 372.7431803823747 539.34009423993302 244.49610423410104 65.123889645674353 60.952207927184645 242.54764782130587 110.20360232479197 62.395418811855961 103.49296162234805 215.83269558093525 45.936561828788399 211.7064499788703 75.325368486006482 60.213936069811098 60.866474732629285 381.58046124046086 1686.4047638492584 483.91905513286201 111.68299528183343 112.06518821067948 473.46994444656957 109.68116161922808 358.25323740800013 67.281225559116137
leaf_count=1626 14357 181406 78762 127550 5977 3335 26958 25471 17925 2758 3106 13261 9694 14056 9510 10202 7566 20917 3088 6351 3206 19136 103314 32479 8867 2981 17265 3133 19686 6224
internal_value=0 -0.000784503 -0.00806099 0.000852345 0.00333837 0.00401388 0.00141929 0.00390968 0.00110086 0.00176142 0.0160082 -0.00188964 -0.00401097 -0.00327683 -0.00769878 -0.000488349 -0.00904814 -0.00452612 0.00038785 0.00623658 -0.0026232 0.0102953 0.000321838 -0.00228154 0.0119489 0.00964725 0.0139702 0.0178616 0.00452389 -0.0248877
internal_weight=0 10149.2 1863.81 8285.43 4345.55 1983.65 1403.8 1031.06 3449.24 3204.74 126.076 3939.89 2010.94 1484.25 574.001 910.246 336.16 511.605 299.899 196.406 121.08 579.847 1928.95 491.716 896.311 697.218 585.535 198.267 574.086 113.218
internal_count=800167 688029 193925 494104 240285 112138 86534 59576 205195 187270 5864 253819 137244 115163 57128 58035 28147 43072 22155 12645 9557 25604 116575 34105 35090 29113 20246 6468 29888 13790
is_linear=0
shrinkage=0.05


Tree=59
num_leaves=31
num_cat=0
split_feature=0 0 0 0 0 0 0 0 0 0 0 0 0 0 0 0 0 0 0 0 0 0 0 0 0 0 0 0 0 0
split_gain=14.6764 16.1012 38.113 24.5788 39.07 28.6349 21.3159 16.6163 15.573 13.632 13.391 25.7783 13.1691 21.6134 25.3199 23.8472 30.0079 17.7562 15.14 40.9183 28.2353 14.748 39.5553 15.5982 24.6405 12.8985 28.1011 25.8411 26.8863 16.0592
threshold=410.50000000000006 4732.5000000000009 4714.5000000000009 4152.5000000000009 1942.5000000000002 4168.5000000000009 4938.5000000000009 1967.5000000000002 4204.5000000000009 1983.5000000000002 4807.5000000000009 4788.5000000000009 2887.5000000000005 2908.5000000000005 3013.5000000000005 3031.5000000000005 3216.5000000000005 2128.5000000000005 3312.5000000000005 3370.5000000000005 3392.5000000000005 3461.5000000000005 3411.5000000000005 3840.5000000000005 3991.5000000000005 1644.5000000000002 1465.5000000000002 1680.5000000000002 1924.5000000000002 1447.5000000000002
decision_type=2 2 2 2 2 2 2 2 2 2 2 2 2 2 2 2 2 2 2 2 2 2 2 2 2 2 2 2 2 2
left_child=-1 2 3 4 25 -5 10 -6 -7 -9 11 -3 17 -14 -15 -16 -17 -11 -18 -20 -21 22 -22 -23 -25 26 29 -27 -29 -2
right_child=1 6 -4 5 7 8 -8 9 -10 12 -12 -13 13 14 15 16 18 -19 19 20 21 23 -24 24 -26 27 -28 28 -30 -31
leaf_value=-0.012948894181269516 0.00080421881629263103 -0.047854352994609287 0.048055339241750344 0.013068965170772573 -0.029930944950663285 -0.039785820396447083 -0.0031982242117178841 0.0093577758242219932 0.0019928629859102339 -0.0034269490061399201 -0.045516875412346142 0.032585093424237307 0.015548966250228769 -0.035378628026514945 0.036180612482117562 -0.028357991612593881 0.010639227718510521 -0.019183074564183691 -0.047725619649731904 0.031864428606815577 0.01108215557527001 9.3568910324543105e-05 -0.053615990017915109 -0.033871170652479743 -0.0036868456493437101 0.013042694777610464 -0.016502337403078896 -0.0093430050821452764 0.0093400742864067389 0.016147018019675167
leaf_weight=214.94011585598309 3059.2366319543462 19.471422422096111 42.678536707033345 770.89836645545438 65.655226035465148 22.60909398930562 1293.7720815694393 167.49145220941864 1658.6714661702354 362.88366557389577 50.248013832769175 20.38943140518677 141.24050250510845 65.025203444854924 36.848603890852246 122.56346911445144 187.99576610816075 352.50701021663986 52.609891561754921 56.326902644614165 44.486465089274134 1047.0718902974495 50.377045145720331 94.940320613242875 234.89422749329606 696.01094163960988 227.96640835296512 395.55053275341015 375.23973251035204 180.62052470381605
leaf_count=48896 142504 5719 2944 3432 3156 2908 142943 3198 69463 22691 14694 3205 4153 12622 3755 21585 13745 82455 6661 3238 3061 60813 6347 18705 25099 6320 23248 35785 3708 3114
internal_value=0 0.000233958 0.000901368 0.00070915 -0.000630645 0.00508969 -0.0048359 -0.00504652 0.00143104 -0.00450504 -0.0283494 -0.00670836 -0.00531981 -0.00335202 -0.00469141 -0.00365649 -0.00443266 -0.0111907 -0.00277473 -0.00437008 -0.00287742 -0.00420704 -0.0232756 -0.00289329 -0.0123752 0.00212819 0.000465652 0.00605876 -0.000247621 0.00165957
internal_weight=0 11896.3 10512.4 10469.7 8017.54 2452.18 1383.88 3082.92 1681.28 3017.26 90.1089 39.8609 2849.77 2134.38 1993.14 1928.11 1891.27 715.391 1768.7 1580.71 1528.1 1471.77 94.8635 1376.91 329.835 4934.62 3467.82 1466.8 770.79 3239.86
internal_count=800167 751271 584710 581766 505963 75803 166561 291284 72371 288128 23618 8924 284930 179784 175631 163009 159254 105146 137669 123924 117263 114025 9408 104617 43804 214679 168866 45813 39493 145618
is_linear=0
shrinkage=0.05


Tree=60
num_leaves=31
num_cat=0
split_feature=1 1 1 1 1 1 1 1 1 1 1 1 1 1 1 1 1 1 1 1 1 1 1 1 1 1 1 1 1 1
split_gain=14.0695 41.9622 31.0446 26.8961 25.5947 22.033 14.0183 13.4595 13.0859 10.8102 12.8111 11.5827 11.2132 13.3889 16.6314 11.1883 8.26346 15.9245 12.1605 8.23693 17.3174 8.59158 7.85606 14.3042 7.74733 21.534 7.46973 7.20451 47.0427 33.4945
threshold=505.50000000000006 1309.5000000000002 991.50000000000011 2357.5000000000005 1212.5000000000002 2170.5000000000005 49.500000000000007 1406.5000000000002 1097.5000000000002 2511.5000000000005 2460.5000000000005 2633.5000000000005 2586.5000000000005 2556.5000000000005 2559.5000000000005 2969.5000000000005 600.50000000000011 573.50000000000011 700.00000000000011 932.50000000000011 838.50000000000011 863.50000000000011 954.50000000000011 971.50000000000011 2197.5000000000005 2209.5000000000005 1173.5000000000002 1788.5000000000002 1733.5000000000002 1820.5000000000002
decision_type=2 2 2 2 2 2 2 2 2 2 2 2 2 2 2 2 2 2 2 2 2 2 2 2 2 2 2 2 2 2
left_child=6 2 16 5 8 7 -1 -3 -4 10 -5 12 13 -11 -15 -13 17 -2 -18 20 -20 -22 -21 -24 -7 -26 -10 28 -9 -29
right_child=1 3 4 9 -6 24 -8 27 26 11 -12 15 -14 14 -16 -17 18 -19 19 22 21 -23 23 -25 25 -27 -28 29 -30 -31
leaf_value=-0.0079646232491629859 -0.00061778011802087298 0.011546680312416091 -0.011748418410303255 -0.0024237132838163919 -0.0038745975138704835 0.018897172552325838 0.0053524629841131821 0.0017323728929029257 -0.032586678661965442 0.0095514716360120995 -0.018982420019534499 -0.006499558554397592 0.017595280921607739 -0.045665176317772886 -0.00030376940610334893 8.233084516203944e-05 0.01117972978574238 -0.023846594214544471 0.00052672823441242086 0.018645401583748864 -0.034061410193489253 -0.010288122759111708 -0.019540398384000946 0.015142434439379468 -0.018497039027077982 0.010426444511777239 -0.016644843950982886 0.023505636429284032 -0.026038818971334466 0.00013743977918096242
leaf_weight=222.66510884475611 220.90072208288734 308.36188007393866 253.50366895303159 293.55317280788586 408.69202427900109 201.82602866595698 1756.4851380262062 1044.8373938755049 207.55299681568886 151.25920906123611 194.00451820606668 973.90543795196299 152.76619771273545 29.383520304747435 64.700779276210596 1915.6407191538665 217.04387651657635 110.78504431081183 356.6100755504558 78.452227773505001 60.677262416411395 101.70792245614211 57.910226705993409 61.089304328932485 70.315287039376926 758.81961788787885 113.75099183914222 173.52870826671824 178.54918031833131 1318.1991537353333
leaf_count=19957 14357 12631 27798 19256 29322 5977 92181 61384 51173 8771 16292 71599 8353 3053 3949 116575 10202 13790 19686 3088 14056 9510 6351 3206 5896 29188 20708 6448 17194 78216
internal_value=0 -0.00075688 -0.0067771 0.000972129 -0.0134404 0.00379993 0.00385422 0.0016476 -0.0202417 -0.00206482 -0.0090126 -0.00103447 0.00696103 0.000339484 -0.0144706 -0.00213606 -0.00159732 -0.00837634 0.000811381 -0.00232966 -0.00563647 -0.0191713 0.00636219 -0.00173571 0.010112 0.00797357 -0.0269428 0.000523335 -0.00232074 0.0028558
internal_weight=0 10078.3 2248.68 7829.65 983.5 4054.44 1979.15 3023.48 574.808 3775.21 487.558 3287.66 398.11 245.344 94.0843 2889.55 1265.18 331.686 933.491 716.447 518.995 162.385 197.452 119 1030.96 829.135 321.304 2715.11 1223.39 1491.73
internal_count=800167 688029 223247 464782 129001 216934 112138 175873 99679 247848 35548 212300 24126 15773 7002 188174 94246 28147 66099 55897 43252 23566 12645 9557 41061 35084 71881 163242 78578 84664
is_linear=0
shrinkage=0.05


Tree=61
num_leaves=31
num_cat=0
split_feature=0 0 0 0 0 0 0 0 0 0 0 0 0 0 0 0 0 0 0 0 0 0 0 0 0 0 0 0 0 0
split_gain=14.2017 34.8401 24.968 28.6627 26.2559 20.1308 17.747 14.2841 13.4356 24.013 12.9544 12.8372 27.2388 14.7396 15.6439 15.8812 12.7574 26.409 28.9851 28.4172 11.7649 22.1594 15.3475 24.373 15.2957 12.3568 11.0726 19.0822 17.4288 40.0802
threshold=4732.5000000000009 4714.5000000000009 4152.5000000000009 1983.5000000000002 4168.5000000000009 879.50000000000011 4938.5000000000009 4204.5000000000009 4807.5000000000009 4788.5000000000009 4681.5000000000009 554.50000000000011 654.50000000000011 521.50000000000011 433.50000000000006 410.50000000000006 2765.5000000000005 2545.5000000000005 2488.5000000000005 2180.5000000000005 3840.5000000000005 3991.5000000000005 3778.5000000000005 3680.5000000000005 3761.5000000000005 4099.5000000000009 1018.5000000000001 1132.5000000000002 1194.5000000000002 1421.5000000000002
decision_type=2 2 2 2 2 2 2 2 2 2 2 2 2 2 2 2 2 2 2 2 2 2 2 2 2 2 2 2 2 2
left_child=1 2 3 5 -4 11 8 -6 9 -2 -9 13 -13 14 15 -1 17 18 19 -5 22 -22 23 -18 -25 -23 -7 -28 -29 -30
right_child=6 -3 4 16 7 26 -8 10 -10 -11 -12 12 -14 -15 -16 -17 20 -19 -20 -21 21 25 -24 24 -26 -27 27 28 29 -31
leaf_value=-0.012329917647500318 -0.047030226677968433 0.044040844308983813 0.012609299176646983 -0.0039540471316882007 -0.039284414178810401 0.0078207191821408964 -0.0033032099953988338 0.0022711350340611407 -0.044504539257156285 0.030839121325356496 -0.052304853021034714 -0.052353469621507442 -0.0075352579080169907 0.0047034199127240712 -0.028456112182649731 0.0090355043016522099 -0.0017925873504304629 -0.040193241086747572 0.04446447196774881 -0.032926962887852122 -0.032925456525391521 0.00011230026265285386 0.0066491120426160127 -0.035644616280829489 -0.0061325579596607192 -0.037107607708243125 -0.011603947961377162 0.014204272978675023 -0.015008251551327907 0.0037261792131253434
leaf_weight=212.02413622791846 18.408719228365044 45.990694692547549 756.43932641856372 388.35249511983307 21.314975716679328 910.42779259365398 1286.3021797907659 1642.1492744527022 47.619775148458757 21.420714443622273 10.94555958033561 38.331190271801461 293.35949624016575 489.64966986584477 76.572363918680821 147.47250926149718 1317.5112403424519 70.558051582575899 25.428049624769301 108.2155257033121 91.262691234718659 208.49790962957741 424.23964927320958 92.267578922877874 83.761558112437342 24.97015813112921 253.10357619086426 296.23253408745404 325.69239554655542 2312.749903691607
leaf_count=48896 5719 2944 3432 29563 2908 19490 142943 66512 14694 3205 2951 10303 30427 6536 9779 2977 125960 21913 6104 31439 18705 18871 10782 12227 3138 6228 16681 10169 32175 82496
internal_value=0 0.000616206 0.000428179 -0.000892471 0.00487807 0.00125954 -0.00478499 0.00138538 -0.0265808 -0.00515122 0.00190977 -0.00427465 -0.0127146 -0.00125057 -0.00793614 -0.00356541 -0.00495776 -0.0114826 -0.00760183 -0.010268 -0.00323365 -0.0120347 -0.0017434 -0.00412729 -0.0216016 -0.00386849 0.00295754 0.00156862 0.0027047 0.00141358
internal_weight=0 10667.5 10621.5 8190.68 2430.85 5355.62 1373.75 1674.41 87.4492 39.8294 1653.09 1257.41 331.691 925.719 436.069 359.497 2835.06 592.554 521.996 496.568 2242.51 324.731 1917.78 1493.54 176.029 233.468 4098.21 3187.78 2934.67 2638.44
internal_count=800167 633606 630662 554859 75803 269929 166561 72371 23618 8924 69463 108918 40730 68188 61652 51873 284930 89019 67106 61002 195911 43804 152107 141325 15365 25099 161011 141521 124840 114671
is_linear=0
shrinkage=0.05


Tree=62
num_leaves=31
num_cat=0
split_feature=0 0 0 0 0 0 0 0 0 0 0 0 0 0 0 0 0 0 0 0 0 0 0 0 0 0 0 0 0 0
split_gain=13.0806 33.5266 22.6206 26.1317 25.1377 18.41 15.3137 13.2692 22.0451 12.6187 12.1565 24.88 13.9522 11.6304 24.2506 26.7266 25.6299 11.5602 11.8058 13.5197 10.7088 11.6502 10.6523 20.1053 13.7969 20.9224 13.4456 11.1947 9.81102 19.0018
threshold=4732.5000000000009 4714.5000000000009 4152.5000000000009 4168.5000000000009 1983.5000000000002 879.50000000000011 4938.5000000000009 4807.5000000000009 4788.5000000000009 4204.5000000000009 554.50000000000011 654.50000000000011 538.50000000000011 2765.5000000000005 2545.5000000000005 2488.5000000000005 2180.5000000000005 4542.5000000000009 4636.5000000000009 4681.5000000000009 2050.5000000000005 2071.5000000000005 3840.5000000000005 3991.5000000000005 3778.5000000000005 3680.5000000000005 3761.5000000000005 4099.5000000000009 1018.5000000000001 1132.5000000000002
decision_type=2 2 2 2 2 2 2 2 2 2 2 2 2 2 2 2 2 2 2 2 2 2 2 2 2 2 2 2 2 2
left_child=1 2 4 -4 5 10 7 8 -2 -5 12 -12 -1 14 15 16 20 -11 -19 -20 -6 -22 24 -24 25 -15 -27 -25 -7 -30
right_child=6 -3 3 9 13 28 -8 -9 -10 17 11 -13 -14 22 -16 -17 -18 18 19 -21 21 -23 23 27 -26 26 -28 -29 29 -31
leaf_value=-0.0051800564427273536 -0.0462468119631258 0.041431731914906143 0.012352024903563644 -0.037827372521724079 -0.018972831529448089 0.0073544102728283576 -0.0032456097000257236 -0.043698752610711863 0.029019509181082748 0.0026048982209164796 -0.051614200274472256 -0.0075896005848111875 0.0083651959306288697 -0.0017643690497065739 -0.039239937014785321 0.041162189038932769 -0.031979493939762897 -0.037783236780151656 0.013668251230509685 -0.05111846715455657 0.017227183675220893 -0.0053450848742106326 -0.031851134448735684 -6.0434373710492325e-05 0.0063050610519618747 -0.033950272965330049 -0.0058883383190892809 -0.036231083968717097 -0.011775741178483942 0.0025949326410088128
leaf_weight=651.68120760021702 17.344028821389202 50.016834987276525 755.75261263304856 20.514600432438783 91.238696920041548 909.87728895511464 1279.940663295291 45.199248215647458 22.156799275719095 1563.5106503320476 36.094006946621448 289.45139331550672 268.41406062192982 1314.3974717257042 67.147600357277497 26.967081486991901 104.09131904812466 36.555893533130075 37.910418527560978 10.224347474624663 77.793163323345652 215.56436099042548 87.903922874811997 208.32528579837708 425.78603705062415 88.146666763937901 82.767088896209316 23.83941200847039 249.64631079424726 2927.1289970985172
leaf_count=64982 5719 2944 3432 2908 9713 19490 142943 14694 3205 50496 10303 30427 3206 125960 21913 6104 31439 9619 6397 2951 3310 16540 18705 18871 10782 12227 3138 6228 16681 124840
internal_value=0 0.000592092 0.000398854 0.00463861 -0.000862971 0.00115473 -0.00460815 -0.0251981 -0.00402844 0.00114525 -0.00416669 -0.0124707 -0.00122858 -0.00468638 -0.0109758 -0.00729533 -0.00996935 0.00163032 -0.0163617 -9.31519e-05 -0.00401228 0.000640677 -0.00304352 -0.0114855 -0.00162966 -0.00390426 -0.0203609 -0.00377455 0.00277673 0.00146562
internal_weight=0 10620.7 10570.7 2424.47 8146.26 5332.29 1364.64 84.7001 39.5008 1668.72 1245.64 325.545 920.095 2813.97 582.802 515.655 488.688 1648.2 84.6907 48.1348 384.596 293.358 2231.17 320.069 1911.1 1485.31 170.914 232.165 4086.65 3176.78
internal_count=800167 633606 630662 75803 554859 269929 166561 23618 8924 72371 108918 40730 68188 284930 89019 67106 61002 69463 18967 9348 29563 19850 195911 43804 152107 141325 15365 25099 161011 141521
is_linear=0
shrinkage=0.05


Tree=63
num_leaves=31
num_cat=0
split_feature=0 0 0 0 0 0 0 0 0 0 0 0 0 0 0 0 0 0 0 0 0 0 0 0 0 0 0 0 0 0
split_gain=12.787 12.2924 32.3491 17.6753 25.5559 21.0497 19.0874 20.8868 16.1926 15.9351 15.6774 16.4321 14.8809 13.9157 23.1712 14.4078 20.5119 12.6207 26.0615 24.3005 24.0027 15.7476 12.4796 12.2727 12.2043 34.6049 31.5933 18.4481 12.7599 12.0379
threshold=172.50000000000003 4732.5000000000009 4714.5000000000009 4059.5000000000005 1942.5000000000002 4276.5000000000009 4407.5000000000009 4343.5000000000009 1967.5000000000002 3840.5000000000005 3778.5000000000005 3680.5000000000005 4321.5000000000009 5793.5000000000009 5811.5000000000009 5646.5000000000009 5630.5000000000009 1644.5000000000002 1680.5000000000002 1924.5000000000002 1465.5000000000002 1447.5000000000002 4542.5000000000009 3761.5000000000005 3598.5000000000005 3617.5000000000005 3554.5000000000005 3516.5000000000005 1983.5000000000002 6002.5000000000009
decision_type=2 2 2 2 2 2 2 2 2 2 2 2 2 2 2 2 2 2 2 2 2 2 2 2 2 2 2 2 2 2
left_child=-1 2 3 4 17 -5 7 12 -6 10 11 24 -7 15 -15 16 -3 20 -19 -20 21 -2 -8 -13 26 -26 27 28 -10 -16
right_child=1 13 -4 5 8 6 22 -9 9 -11 -12 23 -14 14 29 -17 -18 18 19 -21 -22 -23 -24 -25 25 -27 -28 -29 -30 -31
leaf_value=-0.023607852548243356 0.00014300721553451337 -0.0095707684678060338 0.039158807355977411 0.0085087145116506599 -0.029139825742556233 -0.016359675386058446 0.0050318435814288498 -0.028263448089044876 0.0086121089516752441 -0.016986583816595138 0.0059990435497397536 -0.032992816398045507 0.010809721502176897 0.012466970787751405 -0.01160507475332017 -0.026910600882402977 0.015631027481078249 0.012608553056734176 -0.0094843825407619729 0.008305397142266897 -0.015897952498111583 0.015216417191905579 -0.015339847796610503 -0.005797827194098026 0.037400178813314026 -0.0077644748145747917 -0.04085785372123317 0.018673702937430228 -0.0058439270735448409 0.017835505507429978
leaf_weight=57.083921597826702 3167.4439447865852 597.63809135650399 54.369074755071779 1316.5848057887433 64.572154498760938 92.417285267722036 804.25022363974313 114.24618625389849 169.23743953931239 212.74490191305631 427.98618413826807 84.145525747488136 110.84260973926575 263.11672699492192 266.246180526638 95.237513478026813 93.350398438036791 675.52889137466082 395.66514559774805 372.85707584497868 225.13368786175306 183.30030983197503 82.929252396107586 81.831238676975772 67.852975034613337 113.11031684444606 57.679068090183137 90.981047575642151 1557.1875981033993 39.928762725992783
leaf_count=19659 171741 112743 2944 29292 3156 6275 21473 9258 3198 31070 10782 12227 3272 3087 23701 19705 2640 6320 35785 3708 23248 3114 18967 3138 3621 9313 6521 5862 189662 4685
internal_value=0 0.000113451 0.000690742 0.000490955 -0.000666252 0.00413857 -0.000637503 -0.011158 -0.00437921 -0.00382071 -0.00276374 -0.00445155 -0.00154354 -0.00436806 0.0015855 -0.00867892 -0.00616608 0.00149893 0.00544408 -0.000853474 -9.42491e-05 0.000967588 0.0031276 -0.0195849 -0.00322989 0.00917021 -0.00442662 -0.0032704 -0.00442684 -0.00776568
internal_weight=0 11878.4 10522.9 10468.5 7947.26 2521.27 1204.69 317.506 2927.33 2862.76 2650.01 2222.03 203.26 1355.52 569.292 786.226 690.988 5019.93 1444.05 768.522 3575.88 3350.74 887.179 165.977 2056.05 180.963 1875.09 1817.41 1726.43 306.175
internal_count=800167 780508 613947 611003 522466 88537 59245 18805 278550 275394 244324 233542 9547 166561 31473 135088 115383 243916 45813 39493 198103 174855 40440 15365 218177 12934 205243 198722 192860 28386
is_linear=0
shrinkage=0.05


Tree=64
num_leaves=31
num_cat=0
split_feature=1 1 1 1 1 1 1 1 1 1 1 1 1 1 1 1 1 1 1 1 1 1 1 1 1 1 1 1 1 1
split_gain=12.2566 35.1722 29.9599 24.1462 24.7119 22.6569 12.048 11.7481 11.4231 8.82161 15.6273 10.6171 9.23401 15.4925 8.11594 12.2902 7.76101 6.99433 6.98322 6.85389 6.83204 7.36422 6.80837 45.0543 34.1193 20.9074 14.3887 27.148 9.74036 9.07965
threshold=505.50000000000006 1309.5000000000002 991.50000000000011 2329.5000000000005 2170.5000000000005 1212.5000000000002 368.50000000000006 1097.5000000000002 1384.5000000000002 600.50000000000011 573.50000000000011 700.00000000000011 932.50000000000011 838.50000000000011 274.50000000000006 49.500000000000007 1292.5000000000002 31.500000000000004 863.50000000000011 1.0000000180025095e-35 419.50000000000006 396.50000000000006 1788.5000000000002 1733.5000000000002 1820.5000000000002 1593.5000000000002 1848.5000000000002 1873.5000000000002 1900.5000000000002 2096.5000000000005
decision_type=2 2 2 2 2 2 2 2 2 2 2 2 2 2 2 2 2 2 2 2 2 2 2 2 2 2 2 2 2 2
left_child=6 2 9 4 8 7 14 -4 -3 10 -2 -11 13 -13 15 17 -7 19 -15 -1 21 -8 23 25 -24 -10 -26 -28 -29 -30
right_child=1 3 5 -5 -6 16 20 -9 22 11 -12 12 -14 18 -16 -17 -18 -19 -20 -21 -22 -23 24 -25 26 -27 27 28 29 -31
leaf_value=-0.04841174742556148 -0.00062821954731493617 0.01208046548099756 -0.011337753326630048 -0.0019259420642176476 0.010961044935224691 -0.00025063923794350169 0.0063444737097592798 -0.025988971950059437 -0.0033614705185037452 0.010980965690772638 -0.024067502175433225 0.00060617575873117731 0.0075789233999457879 -0.032237821836957233 -0.0052765903817770417 0.0062605198211407188 -0.017127563191456953 -0.019424726624662991 -0.010303829332184771 0.0019188019293007786 0.0057395557392562494 0.025745510571990784 0.023585232653654833 -0.026018148586693303 -0.012893743651220169 0.011159296449729151 0.02910390386586352 -0.01583437329042486 0.0043350093545162253 -0.006963525050050501
leaf_weight=7.1209274901157178 217.73145925314361 234.06296952016646 245.70473848297479 3854.6916530130561 892.79821059357164 314.7811192249319 87.359940736987483 308.75700032789632 726.14924932922077 217.16874176566853 105.59980416845883 352.6188113406015 195.33262858927628 57.047698369051432 367.72308200101361 799.12879395271739 86.931872595145251 75.618965472896889 99.717720604459828 135.008669726074 375.76421790254426 111.13679921084258 175.4117563242271 170.56767297881561 183.24850725862871 376.37818037915895 86.637713952728518 89.16003949205151 698.7873259157077 238.50322378734108
leaf_count=1626 14357 9068 27798 253819 35090 22882 3335 71881 46483 10202 13790 19686 12645 14056 26958 39619 6440 7279 9510 11052 19136 3133 6448 17194 13130 18464 3448 6325 37388 17925
internal_value=0 -0.000713183 -0.00628868 0.000875377 0.00366439 -0.0129452 0.00361451 -0.0194964 0.00147753 -0.0011773 -0.00828348 0.00131504 -0.00166366 -0.00520789 0.00108918 0.00339117 -0.00390286 -0.00713924 -0.0182857 -0.000602842 0.00970333 0.017207 0.000573376 -0.00210406 0.00288942 0.00159559 8.89965e-05 0.00222635 -4.22494e-05 0.00145998
internal_weight=0 9927.79 2201.39 7726.4 3871.7 956.175 1958.86 554.462 2978.91 1245.22 323.331 921.886 704.717 509.384 1384.6 1016.88 401.713 217.749 156.765 142.13 574.261 198.497 2744.84 1273.1 1471.75 1102.53 1296.34 1113.09 1026.45 937.291
internal_count=800167 688029 223247 464782 210963 129001 112138 99679 175873 94246 28147 66099 55897 43252 86534 59576 29322 19957 23566 12678 25604 6468 166805 82141 84664 64947 78216 65086 61638 55313
is_linear=0
shrinkage=0.05


Tree=65
num_leaves=31
num_cat=0
split_feature=0 1 1 1 1 1 1 1 1 1 1 1 1 1 1 1 0 0 0 1 1 1 1 1 1 1 1 1 1 1
split_gain=11.7086 11.5985 31.2774 25.5998 22.6205 22.0369 19.9628 10.8982 10.1807 9.68733 8.3037 6.45835 39.3721 31.3888 17.856 9.19517 8.82624 7.57443 10.0407 7.39833 10.3183 9.78168 6.45993 6.56115 17.2195 6.44213 6.26102 11.4153 10.9447 6.20349
threshold=148.50000000000003 505.50000000000006 1309.5000000000002 991.50000000000011 2329.5000000000005 2170.5000000000005 1212.5000000000002 1097.5000000000002 49.500000000000007 1384.5000000000002 971.50000000000011 1788.5000000000002 1733.5000000000002 1806.5000000000002 1593.5000000000002 1714.5000000000002 3031.5000000000005 4025.5000000000005 4226.5000000000009 1476.5000000000002 1459.5000000000002 1485.5000000000002 1820.5000000000002 1848.5000000000002 1873.5000000000002 1832.5000000000002 396.50000000000006 419.50000000000006 230.50000000000003 1292.5000000000002
decision_type=2 2 2 2 2 2 2 2 2 2 2 2 2 2 2 2 2 2 2 2 2 2 2 2 2 2 2 2 2 2
left_child=-1 8 3 10 5 9 7 -5 -2 -4 -3 12 14 -13 19 -16 -17 22 -19 20 -11 -21 -15 25 -25 -24 28 -28 -10 -8
right_child=1 2 4 6 -6 -7 29 -9 26 11 -12 13 -14 17 15 16 -18 18 -20 21 -22 -23 23 24 -26 -27 27 -29 -30 -31
leaf_value=-0.02545822238988605 -0.0066482131998901453 -0.0021054967605417443 0.011241187781368619 -0.010508908816073911 -0.0018277749063834376 0.010447861596581617 -0.00039216844818867441 -0.02480141878432069 0.007395102723387649 -0.0020762782269175377 0.016750346305649314 0.030698909866128887 -0.024716150734120691 0.014363848790158607 0.013272540559778882 0.0075551359600449274 -0.035278459600018866 0.01856781663694692 0.0018383604346241039 -0.029941042626722193 0.02018305443864379 -0.0049107811614346498 -0.0026474148848800228 0.024397905024798442 -0.0033487557986508856 -0.0261967792085139 0.023653455518659557 0.0055009471118518524 -0.0019725971690730567 -0.015605237790083579
leaf_weight=44.992397232361327 215.07369649430984 1173.5772718760354 235.63281382645937 241.69462128429859 3829.2372912564338 899.85350326080334 313.63695017003192 297.60548753522835 666.11488099750659 246.25127337096455 61.444473353869398 95.177062300652324 165.03286444858168 58.735579657866765 329.85834216011608 29.773408826440573 20.177053471110412 121.04916224863882 346.19601281228643 43.73850150452563 66.02020895070018 362.74712901605835 61.307437688898972 61.035414727371972 666.69195870570093 55.178798544831807 112.55066224288385 375.72802312618387 586.1888703013974 85.217748402539655
leaf_count=16181 19508 89079 8899 27278 248623 34456 22459 70484 30372 14429 3140 2792 16841 2309 15022 1486 1579 2964 24609 4233 3180 23659 4059 2249 39638 4349 3087 18726 38158 6319
internal_value=0 9.68846e-05 -0.000600339 -0.00589716 0.000895812 0.00359458 -0.0121236 -0.018396 0.00361459 0.00151438 -0.00116739 0.000674522 -0.00194487 0.00293324 0.00147596 0.0102451 -0.00974712 0.00100457 0.00617246 -0.00315787 0.00262977 -0.00760408 -0.00166964 -0.00278515 -0.00102161 -0.0138026 0.0048827 0.00968519 0.00301019 -0.00364253
internal_weight=0 11822.5 9866.87 2173.18 7693.69 3864.46 938.155 539.3 1955.66 2964.6 1235.02 2728.97 1263.6 1465.37 1098.57 379.809 49.9505 1370.19 467.245 718.757 312.271 406.486 902.949 844.214 727.727 116.486 1740.58 488.279 1252.3 398.855
internal_count=800167 783986 674135 218759 455376 206753 126540 97762 109851 172297 92219 163398 80429 82969 63588 18087 3065 80177 27573 45501 17609 27892 52604 50295 41887 8408 90343 21813 68530 28778
is_linear=0
shrinkage=0.05


Tree=66
num_leaves=31
num_cat=0
split_feature=0 1 1 1 1 1 1 1 1 1 1 1 1 1 1 1 1 1 1 1 1 1 1 1 1 1 0 1 1 1
split_gain=10.7674 10.5259 28.1034 22.2947 21.0992 19.0032 18.2808 11.3048 22.7652 10.1121 9.1622 8.42457 8.10288 6.90683 11.7612 6.52513 6.38857 12.1168 16.3162 12.3465 14.3539 6.45273 6.11958 15.0252 38.182 27.1371 7.71965 7.70797 8.84053 7.35066
threshold=148.50000000000003 505.50000000000006 1309.5000000000002 991.50000000000011 2329.5000000000005 2214.5000000000005 1212.5000000000002 2197.5000000000005 2181.5000000000005 1097.5000000000002 368.50000000000006 971.50000000000011 1384.5000000000002 274.50000000000006 144.50000000000003 2227.5000000000005 954.50000000000011 932.50000000000011 838.50000000000011 600.50000000000011 573.50000000000011 863.50000000000011 1576.0000000000002 1714.5000000000002 1788.5000000000002 1806.5000000000002 1697.5000000000002 1476.5000000000002 1459.5000000000002 1485.5000000000002
decision_type=2 2 2 2 2 2 2 2 2 2 2 2 2 2 2 2 2 2 2 2 2 2 2 2 2 2 2 2 2 2
left_child=-1 10 3 11 5 7 9 8 12 -5 13 16 -4 14 -2 -7 17 18 19 20 -3 -20 27 -24 -25 26 -26 28 -14 -29
right_child=1 2 4 6 -6 15 -8 -9 -10 -11 -12 -13 22 -15 -16 -17 -18 -19 21 -21 -22 -23 23 24 25 -27 -28 29 -30 -31
leaf_value=-0.024772166634856426 -0.0023725752820052803 -0.00076431862814849052 0.01053188114899781 -0.0099672724909635087 -0.0017947238543027447 0.02240806642093426 -0.0033601255514179511 -0.013777508842227604 0.024296481691675566 -0.023857080491244735 0.0087213999823369335 0.016621927578865509 -0.0019631806012341815 -0.0046969166648453764 0.0083944426731049973 0.0091165473905270612 -0.018705778875603131 0.017635151835351286 -0.031713010990628308 0.0042344417835228666 -0.023522043926016398 -0.010229003749222915 0.011237245758728764 -0.019840137636649664 0.0087138682493854702 0.0012764309707011766 0.038649772420002129 -0.02782099395991668 0.018344133328092784 -0.0056372021863612997
leaf_weight=43.704015070423338 478.31634311967809 215.78406452382001 238.24983576120394 239.48437462102356 3822.5217718175791 114.47133919078624 395.9620983402383 110.36058556253738 115.44767574431899 289.3586908324271 578.45080848046837 62.812511204254406 245.7035290324402 362.89253561581609 539.93714086884029 477.56007144909017 55.661935508140232 78.162878824728978 54.355696942634495 568.14261960674048 102.05656197023018 97.899108531682941 380.93965904455581 207.86593502699543 32.374969285156112 1461.1093962530113 64.320605874221656 42.386586051874474 68.544884740971611 313.74517603842469
leaf_count=16181 33391 14072 8899 27278 248623 2923 28778 8669 2982 70484 25083 3140 14429 26416 24961 16984 6197 3026 13752 29267 13486 9279 18243 19906 821 83075 1971 4233 3180 20438
internal_value=0 9.16334e-05 -0.000573846 -0.00561398 0.000840607 0.00344154 -0.0114843 0.00195382 0.00250137 -0.0175671 0.00343849 -0.00121766 0.0016778 0.00122591 0.00333672 0.0116865 -0.0021737 -0.00134944 -0.00277868 -0.000180297 -0.00807168 -0.0178989 0.00092896 0.00223129 0.000288278 0.00297412 0.0286268 -0.00324121 0.00246632 -0.0082775
internal_weight=0 11814.9 9855.28 2159.68 7695.6 3873.08 924.805 3281.05 3170.69 528.843 1959.6 1234.88 3055.24 1381.15 1018.25 592.031 1172.06 1116.4 1038.24 885.983 317.841 152.255 2816.99 2146.61 1765.67 1557.8 96.6956 670.38 314.248 356.132
internal_count=800167 783986 674135 218759 455376 206753 126540 186846 178177 97762 109851 92219 175195 84768 58352 19907 89079 82882 79856 56825 27558 23031 166296 124016 105773 85867 2792 42280 17609 24671
is_linear=0
shrinkage=0.05


Tree=67
num_leaves=31
num_cat=0
split_feature=0 0 0 0 0 0 0 0 0 0 0 0 0 0 0 0 0 0 0 0 0 0 0 0 0 0 1 0 0 0
split_gain=9.86044 10.5979 28.5294 15.218 23.494 23.4862 29.1968 21.3647 16.9466 14.4109 13.4925 21.4564 18.4466 20.4145 19.9622 17.9405 12.8282 13.3015 20.3632 12.6896 10.7039 33.3429 10.4239 10.3057 14.4003 10.0994 10.5884 10.0756 9.80234 22.82
threshold=410.50000000000006 4732.5000000000009 4714.5000000000009 4152.5000000000009 4168.5000000000009 1697.5000000000002 1670.5000000000002 1722.5000000000002 1465.5000000000002 1447.5000000000002 1194.5000000000002 1178.5000000000002 1283.5000000000002 1300.5000000000002 1421.5000000000002 1149.5000000000002 4938.5000000000009 4807.5000000000009 4788.5000000000009 1551.5000000000002 1740.5000000000002 1808.5000000000002 4204.5000000000009 1942.5000000000002 1967.5000000000002 1983.5000000000002 2603.5000000000005 4681.5000000000009 2765.5000000000005 2545.5000000000005
decision_type=2 2 2 2 2 2 2 2 2 2 2 2 2 2 2 2 2 2 2 2 2 2 2 2 2 2 2 2 2 2
left_child=-1 2 3 5 -5 6 8 -7 9 10 11 15 -12 -14 -15 -2 17 18 -3 -10 -9 -22 -6 -23 -25 26 -26 -24 29 -27
right_child=1 16 -4 4 22 7 -8 20 19 -11 12 -13 13 14 -16 -17 -18 -19 -20 -21 21 23 27 24 25 28 -28 -29 -30 -31
leaf_value=-0.010889811491155189 0.0010460388552124907 -0.045130313497634272 0.036208852253858261 0.01151290655705434 -0.035454247633182411 -0.05248362080776027 0.011858480923843472 0.024408049325726367 -0.034204318450789077 0.014885840383909391 -0.023065065865990914 0.018105331129509603 0.030558690188875554 -0.019499900233744785 0.0043722499299161449 -0.054303849831750683 -0.0027421100982604912 -0.042645645728695468 0.027869266447566449 -0.0065259330232467043 -0.03734130799086284 0.0033427247455030448 0.001476252515440063 -0.027743323042988068 0.01470705979263387 -0.0063924537216637602 -0.016381965456892262 -0.050085606354085599 -0.0025920967465677593 -0.038143023580919387
leaf_weight=204.28260446779132 2251.14943526758 16.273866588335522 56.373261765140342 729.9898796514608 19.658264745303313 22.023903457306005 645.06849657308703 35.051308579833858 50.51467392621862 184.17436487882514 130.42302231866961 191.74136498871667 44.364126166357892 147.99755532630297 214.48526343243793 14.735826580517822 1261.0644851008528 42.325432528090232 23.132172136900408 229.75982666442496 70.775576301399269 592.3108409851784 1618.1149197278078 61.870888430028572 136.05226857600792 506.32564836791585 34.290543631163018 9.5302360640985153 2223.8870061404486 63.712786957546314
leaf_count=48896 99873 5719 2944 3432 2908 3056 6521 3310 9425 3114 12978 3154 3211 15986 3967 3335 142943 14694 3205 17104 9484 20161 66512 3156 2400 67106 798 2951 195911 21913
internal_value=0 0.000191327 0.000736781 0.000541271 0.0040461 -0.000520033 0.00209271 -0.00338254 0.000271679 0.00131078 0.000475962 0.00204511 -0.00670177 -0.00145619 -0.00537447 0.00068608 -0.00398627 -0.0231828 -0.00227803 -0.0115145 -0.00309217 -0.00335345 0.000737235 -0.00268866 -0.00386919 -0.00337089 0.00844874 0.00117435 -0.00409152 -0.00994119
internal_weight=0 11627.2 10284.4 10228 2377.29 7850.71 4104.41 3746.3 3459.35 3179.07 2994.9 2457.63 537.27 406.847 362.483 2265.89 1342.8 81.7315 39.406 280.275 3724.28 3689.23 1647.3 3618.45 3026.14 2964.27 170.343 1627.65 2793.93 570.038
internal_count=800167 751271 584710 581766 75803 505963 178668 327295 172147 145618 142504 106362 36142 23164 19953 103208 166561 23618 8924 26529 324239 320929 72371 311445 291284 288128 3198 69463 284930 89019
is_linear=0
shrinkage=0.05


Tree=68
num_leaves=31
num_cat=0
split_feature=0 1 1 1 1 1 1 1 1 1 1 1 1 1 1 1 1 1 1 1 1 1 1 1 1 1 1 1 0 1
split_gain=9.37602 9.40653 25.7767 20.7167 19.582 17.9165 17.7291 9.42418 8.55206 7.88353 7.44472 6.15587 9.23248 8.97133 5.86845 11.4336 14.7654 10.456 13.5727 6.32887 5.74177 6.43968 5.71678 8.83432 8.06067 12.4966 14.2403 8.90325 5.941 5.48951
threshold=148.50000000000003 505.50000000000006 1309.5000000000002 991.50000000000011 2329.5000000000005 1212.5000000000002 2170.5000000000005 1097.5000000000002 49.500000000000007 1366.5000000000002 971.50000000000011 2096.5000000000005 2058.5000000000005 2078.5000000000005 954.50000000000011 932.50000000000011 838.50000000000011 600.50000000000011 573.50000000000011 527.50000000000011 31.500000000000004 1.0000000180025095e-35 2987.0000000000005 3039.5000000000005 2707.5000000000005 2511.5000000000005 2460.5000000000005 2710.5000000000005 4059.5000000000005 863.50000000000011
decision_type=2 2 2 2 2 2 2 2 2 2 2 2 2 2 2 2 2 2 2 2 2 2 2 2 2 2 2 2 2 2
left_child=-1 8 3 10 6 7 9 -5 20 -4 14 12 -11 -14 15 16 17 18 19 -3 21 -2 24 -24 25 26 28 -26 -6 -18
right_child=1 2 4 5 22 -7 -8 -9 -10 11 -12 -13 13 -15 -16 -17 29 -19 -20 -21 -22 -23 23 -25 27 -27 -28 -29 -30 -31
leaf_value=-0.023601053088968701 -0.04845966379664033 -0.011063030456961338 0.011633614919012093 -0.0099165575580988374 -0.0052458414817937588 -0.0030804860805460793 0.0094410059603252591 -0.023490636834178371 0.0044033638773724832 0.00081770505688341264 0.015475123316748879 -0.0069747734195456622 0.027541910262006725 0.00056892971321676074 -0.018133276795879779 0.017040751345589699 -0.03040482528742627 0.00379633818219318 -0.022835118667518858 0.006511341154128142 -0.017552601081784022 0.0021044557517222039 0.010361157799046313 -0.00092687805067103834 -0.032946165656974606 0.0042535343269226927 -0.017570502545328857 -0.0064031932761183068 0.0073283459412481948 -0.010238011485272532
leaf_weight=41.932214465197831 6.607984183743155 85.083909821971019 178.20508108017066 236.07420852136192 271.7659699542719 391.71995641136527 904.12173776137024 278.97180518875052 1744.7716958831948 2418.0079545674957 63.669737320433342 234.04422557956468 65.370916392217623 58.339013662426623 54.298233822271868 78.941679104368632 51.937255295330033 568.07599896005104 99.510898359520525 128.74162725127189 73.179587214362982 133.70839905320372 194.00379743546728 1626.6265899569689 32.962353243599864 578.97463138087096 185.22293351762801 760.43835035010534 143.5600466434189 96.332343065922942
leaf_count=16181 1588 7313 6104 27278 16773 28778 34456 70484 90343 142875 3140 17569 2703 3046 6197 3026 13752 29267 13486 6759 7112 10808 10489 101178 3113 36671 15950 56521 7928 9279
internal_value=0 8.42729e-05 -0.000548788 -0.00540893 0.000806268 -0.0111395 0.00331445 -0.0172689 0.00324753 0.00143929 -0.00117253 0.000784809 0.00149932 0.014822 -0.00208399 -0.00129792 -0.00270388 -0.00024817 -0.00758082 -0.000481726 -0.00619838 -0.000276784 -0.00174458 0.000275959 -0.00360915 -0.000987988 -0.00604121 -0.00750594 -0.000899495 -0.0173022
internal_weight=0 11743.3 9785 2133.36 7651.64 906.766 3858.09 515.046 1958.27 2953.97 1226.59 2775.76 2541.72 123.71 1162.92 1108.62 1029.68 881.412 313.336 213.826 213.496 140.316 3793.55 1820.63 1972.92 1179.52 600.549 793.401 415.326 148.27
internal_count=800167 783986 674135 218759 455376 126540 206753 97762 109851 172297 92219 166193 148624 5749 89079 82882 79856 56825 27558 14072 19508 12396 248623 111667 136956 77322 40651 59634 24701 23031
is_linear=0
shrinkage=0.05


Tree=69
num_leaves=31
num_cat=0
split_feature=0 0 0 0 0 0 0 0 0 0 0 0 0 0 0 0 0 0 0 0 0 0 0 0 0 0 0 0 0 0
split_gain=8.68837 8.67234 23.8916 20.0704 18.528 18.3921 29.3076 18.3634 14.6547 14.0646 13.3746 12.0877 18.7935 11.2033 10.3534 29.9264 9.72089 9.59163 22.4039 16.6603 19.1616 19.2349 15.757 12.3817 12.9977 18.3821 12.4453 22.8821 11.0069 46.3303
threshold=28.500000000000004 4807.5000000000009 4938.5000000000009 4152.5000000000009 4168.5000000000009 1697.5000000000002 1670.5000000000002 1722.5000000000002 4714.5000000000009 1465.5000000000002 1447.5000000000002 4732.5000000000009 4788.5000000000009 1551.5000000000002 1740.5000000000002 1808.5000000000002 4099.5000000000009 1194.5000000000002 1178.5000000000002 1283.5000000000002 1300.5000000000002 1421.5000000000002 1149.5000000000002 879.50000000000011 1018.5000000000001 1132.5000000000002 554.50000000000011 654.50000000000011 1005.5000000000001 898.50000000000011
decision_type=2 2 2 2 2 2 2 2 2 2 2 2 2 2 2 2 2 2 2 2 2 2 2 2 2 2 2 2 2 2
left_child=-1 3 -3 5 -5 6 9 -7 -6 10 17 -10 -13 -11 -9 -16 -17 18 22 -19 -21 -22 23 26 28 -26 -2 -28 29 -25
right_child=1 2 -4 4 8 7 -8 14 11 13 -12 12 -14 -15 15 16 -18 19 -20 20 21 -23 -24 24 25 -27 27 -29 -30 -31
leaf_value=-0.052028077048709764 -0.00036895657981464897 -0.04173431267250742 -0.0026072358321765536 0.011215477371567549 0.00054235678436305001 -0.050750008428961116 0.011396151942749982 0.023439733332166798 0.034369396594632756 -0.03285750804684489 0.013733958199896158 -0.044322740670725926 0.02641473792561504 -0.0063970173465023239 -0.036358989925301698 -0.0024456364015426305 -0.034673227496420871 -0.022126127398323002 0.017488246420303791 0.028843606587720474 -0.019372734230677938 0.0042924660782318576 -0.053290582271590774 0.0075143655865310679 -0.011854270511039095 0.014407755206514378 -0.050672931918784782 -0.0072734210605346211 0.012189695503512565 -0.040875543346298206
leaf_weight=8.0187495562677196 885.6990982813104 40.266294475330142 1255.3817216299958 719.08825246407696 1639.9044002391602 20.251849049843713 640.84812115227396 36.637173250384876 60.264437670892221 48.589137422806743 185.63229822591529 15.4152397966277 24.02141800440404 226.36633341985453 67.093027074789006 3579.7989638842118 23.552580164561732 125.53730838392039 194.53204802026448 46.710500875949947 143.46954296948661 213.84770636803296 13.865680962273471 371.8483738154755 244.19862080095118 91.634685565641121 33.941594708143384 288.74364561323091 463.82058032092755 57.054306396838911
leaf_count=3245 64943 14694 142943 3432 72371 3056 6521 3310 2944 9425 3114 5719 3205 17104 9484 305217 6228 12978 3154 3211 15986 3967 3335 3340 16681 3680 10303 30427 3403 12747
internal_value=0 3.54819e-05 -0.00382323 0.000513341 0.00446451 -0.000700441 0.00153727 -0.00326775 0.00167391 -0.000200611 0.000688958 0.0202859 -0.00123556 -0.011073 -0.00300835 -0.00327235 -0.00265629 -7.37657e-05 0.00115585 -0.00621608 -0.0012726 -0.00520955 -0.000140527 0.000161885 0.0036965 -0.00468848 -0.00343174 -0.0118384 0.00685085 0.00107735
internal_weight=0 11758 1295.65 10462.4 2458.69 8003.67 4276.34 3727.33 1739.61 3635.49 3360.54 99.7011 39.4367 274.955 3707.08 3670.44 3603.35 3174.9 2645.34 529.565 404.028 357.317 2450.81 2436.94 1228.56 335.833 1208.38 322.685 892.723 428.903
internal_count=800167 796922 157637 639285 87671 551614 224319 327295 84239 217798 191269 11868 8924 26529 324239 320929 311445 188155 152013 36142 23164 19953 148859 145524 39851 20361 105673 40730 19490 16087
is_linear=0
shrinkage=0.05


Tree=70
num_leaves=31
num_cat=0
split_feature=0 0 0 0 0 0 0 0 0 0 0 0 0 0 0 0 0 0 0 0 0 0 0 0 0 0 0 0 0 0
split_gain=8.3391 8.42638 38.9127 29.6838 33.1243 23.4148 17.0918 13.9316 23.5033 16.6013 13.3679 24.9127 16.8616 14.3894 13.5235 17.5163 12.6382 20.6926 14.1947 11.4427 10.9116 10.6394 10.2967 17.2216 10.0099 9.83883 27.7497 9.7898 19.4306 14.92
threshold=326.50000000000006 5110.5000000000009 5304.5000000000009 5393.5000000000009 5595.5000000000009 5095.5000000000009 5073.5000000000009 4059.5000000000005 3840.5000000000005 4168.5000000000009 1697.5000000000002 1670.5000000000002 1722.5000000000002 1465.5000000000002 3778.5000000000005 3680.5000000000005 5007.5000000000009 4807.5000000000009 4714.5000000000009 1447.5000000000002 3761.5000000000005 1627.5000000000002 4732.5000000000009 4788.5000000000009 3991.5000000000005 1740.5000000000002 1808.5000000000002 1194.5000000000002 1178.5000000000002 1283.5000000000002
decision_type=2 2 2 2 2 2 2 2 2 2 2 2 2 2 2 2 2 2 2 2 2 2 2 2 2 2 2 2 2 2
left_child=-1 5 -3 -4 -5 6 7 8 10 -9 11 13 -12 19 15 25 17 18 -11 27 -17 -15 -20 -24 -10 -14 -27 28 -2 -29
right_child=1 2 3 4 -6 -7 -8 9 24 16 12 -13 14 21 -16 20 -18 -19 22 -21 -22 -23 23 -25 -26 26 -28 29 -30 -31
leaf_value=-0.011717219267353886 0.00037030025886097525 -0.036631030208507769 0.027237987513286124 -0.02964397238295003 -0.00044377508633775361 0.050563479431402172 -0.058962172571375496 0.0095918985283755028 -0.030553546760457757 0.00039759820323130991 -0.049383736913753015 0.010929064284856002 0.022633909510384648 -0.018900512663174766 0.006154361236244122 -0.032366820165373934 0.02519199553857749 -0.023730477257627478 0.031920961752406038 0.01304978280511325 -0.0064928722719674332 0.0013515811100017856 -0.043643505920258924 0.024704278179858839 -0.0081800835010961536 -0.035263297372359538 -0.0019793757022135905 -0.021174358330477903 0.016622879836376604 -0.0012019399408570164
leaf_weight=149.90570694434973 2295.0738370772169 84.345414986411697 83.678352225318122 109.85703276605614 837.77517080677126 23.389714372766321 12.078831766753863 817.61973466067661 83.028437106116144 1634.0014667383743 18.982635875037431 637.86230458858336 38.692676224929073 163.7653015556516 430.15374759843871 80.476829755468316 52.704125869539894 85.008718312754127 63.839991654283949 188.99726914573694 82.539975151106773 107.37005983301242 14.614800004001607 24.951599403871569 125.64419710983657 64.11881158695769 2683.178567767261 121.82708958618423 199.91940998927748 402.2613605493525
leaf_count=39146 112958 20505 12497 25914 59430 3220 2900 16166 18705 72371 3056 6521 3310 19850 10782 12227 9109 24062 2944 3114 3138 6679 5719 3205 12365 9484 241494 12978 3154 23164
internal_value=0 0.000151842 -0.00397866 -0.00130819 -0.00382889 0.000592731 0.000480656 0.000549584 -0.000530072 0.00364648 -7.04736e-05 0.00184536 -0.00239163 0.000179995 -0.00212765 -0.0033357 0.00105407 0.000356001 0.00153452 0.0011148 -0.0192661 -0.0108806 0.0194998 -0.000541618 -0.0170822 -0.00240356 -0.00275618 0.000367661 0.00167259 -0.00584463
internal_weight=0 11567.8 1115.66 1031.31 947.632 10452.1 10428.7 10416.6 7723.89 2692.74 7515.22 4117.08 3398.14 3479.21 3379.16 2949.01 1875.12 1822.42 1737.41 3208.08 163.017 271.135 103.406 39.5664 208.673 2785.99 2747.3 3019.08 2494.99 524.088
internal_count=800167 761021 118346 97841 85344 642675 639455 636555 502979 133576 471909 188418 283491 181897 280435 269653 117410 108301 84239 155368 15365 26529 11868 8924 31070 254288 250978 152254 116112 36142
is_linear=0
shrinkage=0.05


Tree=71
num_leaves=31
num_cat=0
split_feature=1 1 1 1 1 1 1 1 1 1 1 1 1 1 1 1 1 1 1 1 1 1 0 0 1 1 1 1 1 1
split_gain=8.47375 23.8042 19.5799 17.7799 17.9006 17.3913 10.4103 19.762 8.64828 7.89557 7.7958 7.06733 9.08364 7.05682 6.20505 5.40753 5.58031 15.5462 6.84051 7.81342 5.28716 5.41989 5.28014 6.53268 5.23119 13.5045 12.8746 10.947 10.4761 14.4366
threshold=505.50000000000006 1309.5000000000002 991.50000000000011 2329.5000000000005 2214.5000000000005 1212.5000000000002 2197.5000000000005 2181.5000000000005 1097.5000000000002 971.50000000000011 368.50000000000006 274.50000000000006 144.50000000000003 1366.5000000000002 2227.5000000000005 1.0000000180025095e-35 101.50000000000001 107.50000000000001 49.500000000000007 31.500000000000004 419.50000000000006 396.50000000000006 6002.5000000000009 5836.5000000000009 2511.5000000000005 2460.5000000000005 2633.5000000000005 2969.5000000000005 2586.5000000000005 2556.5000000000005
decision_type=2 2 2 2 2 2 2 2 2 2 2 2 2 2 2 2 2 2 2 2 2 2 2 2 2 2 2 2 2 2
left_child=10 2 9 4 6 8 7 13 -4 -2 11 12 15 -3 -6 -1 18 -18 19 -17 21 -12 23 24 25 -5 28 -28 29 -26
right_child=1 3 5 22 14 -7 -8 -9 -10 -11 20 -13 -14 -15 -16 16 17 -19 -20 -21 -22 -23 -24 -25 26 -27 27 -29 -30 -31
leaf_value=-0.048275434205495252 -0.0021234225540467159 0.010956808193848356 -0.0099890744842212401 -0.00095947973727175152 0.021431902859434832 -0.0029690978858325071 -0.013599020023057008 0.022235251827954002 -0.023108578737876327 0.015940230635082056 0.0051984753836662352 -0.0050689930814913015 0.0075144230422948925 0.00076897769322489752 0.008551682540416744 0.0028336379492054161 -0.042853283692957433 3.2446188343957286e-05 0.009608454868247629 -0.017636402916780192 0.0044066136425842126 0.021794699919200727 0.032469106873165877 -0.022854267534509493 0.010741409294334956 -0.017507435708217608 -0.0064941273428206856 0.00020015517252641374 0.018051683199783449 -0.014781178723913199
leaf_weight=6.2200507203065163 1156.6702163947668 180.75784926985625 233.86661718210416 405.68639678401905 116.29962974586124 388.83982200996979 108.42750014963258 117.97503761088592 271.36965307861624 63.832483783149655 88.116354882637097 359.42302088178667 541.47099392618111 2849.4122827621181 477.09100442376803 133.23602873103573 28.6847860127682 80.25620512126261 154.35323261041776 71.705432323057721 378.85471480872275 111.37014682012159 11.244023127063882 36.641900659430576 147.53296080551036 177.11747499476678 916.02818532156471 1832.1899473341223 150.00456746867712 88.727463508087567
leaf_count=1626 91040 6221 27798 24407 2981 29322 8867 3029 71881 3206 3335 26958 25471 172600 17265 11052 3439 4066 6643 7279 19136 3133 1255 5761 8469 15775 69313 113989 8097 6753
internal_value=0 -0.000603394 -0.00529665 0.000699833 0.00308907 -0.0109181 0.00163373 0.00215837 -0.0170357 -0.00117869 0.003005 0.000956872 0.00308875 0.00137671 0.0110761 -0.00196203 -0.0013468 -0.0112596 0.00165884 -0.00432847 0.00787566 0.0144639 -0.00174321 -0.00184569 -0.0016386 -0.0059885 -0.000829812 -0.00203116 0.00771763 0.00115642
internal_weight=0 9729.72 2114.58 7615.14 3849.96 894.076 3256.57 3148.15 505.236 1220.5 1953.69 1375.35 1015.93 3030.17 593.391 474.456 468.236 108.941 359.295 204.941 578.341 199.487 3765.17 3753.93 3717.29 582.804 3134.48 2748.22 386.265 236.26
internal_count=800167 688029 223247 464782 210963 129001 190717 181850 99679 94246 112138 86534 59576 178821 20246 34105 32479 7505 24974 18331 25604 6468 253819 252564 246803 40182 206621 183302 23319 15222
is_linear=0
shrinkage=0.05


Tree=72
num_leaves=31
num_cat=0
split_feature=0 1 1 1 1 1 1 1 1 1 1 1 1 1 1 1 1 1 0 0 1 1 1 1 1 1 1 0 1 1
split_gain=7.83801 7.80143 20.9744 16.9158 16.4379 15.5156 15.8265 9.24383 18.0293 7.76457 10.1996 7.57488 7.40995 6.03804 7.47302 13.6386 33.5837 24.8464 7.12927 7.89607 6.07591 6.0345 7.15001 14.6775 6.88605 6.09591 5.91129 5.81727 5.44558 5.24256
threshold=28.500000000000004 505.50000000000006 1309.5000000000002 991.50000000000011 1212.5000000000002 2329.5000000000005 2214.5000000000005 2197.5000000000005 2181.5000000000005 396.50000000000006 419.50000000000006 1058.5000000000002 971.50000000000011 1433.0000000000002 1576.0000000000002 1714.5000000000002 1788.5000000000002 1806.5000000000002 4043.5000000000005 4226.5000000000009 1767.5000000000002 1820.5000000000002 1848.5000000000002 1873.5000000000002 1832.5000000000002 1900.5000000000002 1026.0000000000002 1697.5000000000002 2227.5000000000005 600.50000000000011
decision_type=2 2 2 2 2 2 2 2 2 2 2 2 2 2 2 2 2 2 2 2 2 2 2 2 2 2 2 2 2 2
left_child=-1 9 3 12 11 6 7 8 13 -2 -11 26 29 -4 -15 -16 20 27 21 -20 -17 -19 24 -24 -23 -25 -5 -18 -8 -3
right_child=1 2 5 4 -6 -7 28 -9 -10 10 -12 -13 -14 14 15 16 17 18 19 -21 -22 22 23 25 -26 -27 -28 -29 -30 -31
leaf_value=-0.051256884700645371 0.0010818204142508277 -0.0076413827879412343 0.0072900121242486533 -0.014732691842550969 -0.0025368866239208585 -0.0016142725188332055 0.020005050933261551 -0.012972417241464685 0.021169503727563141 0.021491619422068328 0.0044109566288574069 -0.021211642523048971 0.015319955815264564 -0.0048473790963234759 0.010328830070993826 -0.011926592240487855 0.0091798466978709452 0.013387935187529688 0.016865435147353652 0.0020770818948839614 -0.029519345304302197 -0.0029703656354644146 0.022251195547605594 -0.0191086003465471 -0.027556196308846967 -0.0017698684358774424 0.0039226889689303419 0.03539162519604365 0.008011564681620514 -3.0850182891493628e-05
leaf_weight=7.4535657431460995 1460.138207671881 309.52692350298503 366.13606120641953 126.96421094156358 387.06735440410557 3757.3360420232621 117.83237341021231 106.33443348418587 118.2561435350799 113.45374001760501 380.60338661928017 303.06751924955597 64.641312455674779 533.94389112073441 381.8402681042644 117.16219853656276 31.265828080897336 61.623251220342354 119.07255822584557 373.07107804330553 84.454488215970287 60.928029301905553 62.061057358219841 54.868125923770094 53.477344024649938 666.10643984013223 63.801983423304591 65.535841074175551 480.936866989181 841.4028805087919
leaf_count=3245 89470 28007 15751 14256 29209 252880 2970 8830 3017 3118 19047 78458 3195 36265 18537 10270 866 2377 2765 25496 9983 4181 2312 4122 4489 38652 6584 1971 17216 62628
internal_value=0 3.27571e-05 -0.000547415 -0.0049758 -0.0102517 0.000672197 0.0029008 0.00152696 0.00201645 0.00291513 0.00833331 -0.0162986 -0.00115244 0.00126931 0.000442277 0.00176736 -0.000101099 0.00239889 0.000762858 0.00565508 -0.019296 -0.00174758 -0.00278687 -0.00108097 -0.0144627 -0.00308939 -0.00849338 0.0269255 0.0103718 -0.0020776
internal_weight=0 11662.9 9708.71 2096.47 880.901 7612.24 3854.91 3256.14 3149.8 1954.2 494.057 493.834 1215.57 3031.55 2665.41 2131.47 1749.63 1548.01 1451.21 492.144 201.617 959.064 897.441 783.036 114.405 720.975 190.766 96.8017 598.769 1150.93
internal_count=800167 796922 685287 222337 128507 462950 210070 189884 181054 111635 22165 99298 93830 178037 162286 126021 107484 87231 84394 28261 20253 56133 53756 45086 8670 42774 20840 2837 20186 90635
is_linear=0
shrinkage=0.05


Tree=73
num_leaves=31
num_cat=0
split_feature=0 0 0 0 0 0 0 0 0 0 0 0 0 0 0 0 0 0 0 0 0 0 0 0 0 0 0 0 0 0
split_gain=7.627 22.1037 14.3559 20.9385 7.72777 14.2267 19.051 20.7051 17.5981 17.3508 16.2863 18.9434 14.9201 14.5932 14.177 12.165 11.9317 11.88 10.1424 22.0686 9.97393 9.90618 24.4314 9.92661 14.4651 16.2137 28.7078 16.8875 10.3869 16.1417
threshold=5836.5000000000009 5949.5000000000009 5962.5000000000009 6002.5000000000009 879.50000000000011 1697.5000000000002 4059.5000000000005 4276.5000000000009 1670.5000000000002 1465.5000000000002 4407.5000000000009 4343.5000000000009 3840.5000000000005 1722.5000000000002 4321.5000000000009 3807.5000000000005 769.50000000000011 824.50000000000011 745.50000000000011 720.50000000000011 1551.5000000000002 1740.5000000000002 1808.5000000000002 2071.5000000000005 2765.5000000000005 2545.5000000000005 2488.5000000000005 2180.5000000000005 2050.5000000000005 2026.5000000000002
decision_type=2 2 2 2 2 2 2 2 2 2 2 2 2 2 2 2 2 2 2 2 2 2 2 2 2 2 2 2 2 2
left_child=4 -2 -3 -4 16 8 12 -8 9 -6 11 14 13 -7 -9 21 18 -18 19 -1 -11 -15 -23 28 25 26 27 -25 29 -24
right_child=1 2 3 -5 5 6 7 10 -10 20 -12 -13 -14 15 -16 -17 17 -19 -20 -21 -22 22 23 24 -26 -27 -28 -29 -30 -31
leaf_value=-0.0019624456765843083 -0.031259869869950607 0.038598699498950055 -0.037265825978174509 0.017163926435509055 0.0030195067364208366 -0.047397005615990306 0.0071270029995977027 -0.016823614342957229 0.0108892835913789 -0.031698920887091579 0.00080891185380752993 -0.028071194542748382 -0.016274856174180764 0.021793208046288468 0.0096631584449233601 0.0078266831642622124 -0.048593092378172477 -0.0092660227132882102 0.020517475867885542 -0.044846121653726562 -0.0060930609708430353 -0.034615514210964919 0.0010100958256809996 -0.0053765700709951653 -0.0026466957490956958 -0.037097950610175186 0.039492526697722519 -0.030420356034475071 0.019011134548516079 -0.039916256779905894
leaf_weight=1033.0798115507141 73.117883959459505 24.117116204703052 30.708353389572039 41.61149169168948 2139.5140594892268 17.922846293898147 1258.7227388581555 92.535540108210625 632.83573073077423 45.920326641806241 2080.7332486025025 110.5126038347762 205.52254441426749 39.562716502554395 111.26697310958116 279.59580807141356 27.310510157265526 64.688431644684897 47.03758064059457 30.897988782755419 221.33116773921802 61.373222904931026 873.43977344280393 210.02520149935913 1609.6263148540693 60.636415284310033 27.972057316318569 99.064264534798895 77.043956388290098 24.77592009448199
leaf_count=88961 13215 2450 5016 4685 85596 3056 29292 6275 6521 9425 184579 9258 31070 3310 3272 6956 6658 6480 3671 3148 17104 9484 33007 16540 145151 21913 6104 31439 3310 3221
internal_value=0 -0.0105271 0.00519234 -0.00594796 0.000155441 0.000599162 -0.000606029 0.00193505 0.00346993 0.00151908 -0.000793589 -0.011402 -0.00319473 -0.00239963 -0.00236303 -0.00215983 -0.00363623 -0.0209405 -0.00220332 -0.00320779 -0.0104928 -0.00306535 -0.00338844 -0.00274587 -0.00475647 -0.0132955 -0.00901348 -0.0134032 0.00139244 -0.000118796
internal_weight=0 169.555 96.437 72.3198 11482.9 10279.9 7240.33 3653.77 3039.6 2406.77 2395.05 314.315 3586.56 3381.04 203.803 3363.12 1203.01 91.9989 1111.02 1063.98 267.251 3083.52 3043.96 2982.58 2007.32 397.698 337.062 309.089 975.26 898.216
internal_count=800167 25366 12151 9701 774801 665883 547237 232676 118646 112125 203384 18805 314561 283491 9547 280435 108918 13138 95780 92109 26529 273479 270169 260685 221147 75996 54083 47979 39538 36228
is_linear=0
shrinkage=0.05


Tree=74
num_leaves=31
num_cat=0
split_feature=0 1 1 1 1 1 1 1 1 1 1 1 1 1 1 1 1 1 1 1 1 1 1 1 1 1 0 1 1 1
split_gain=7.39652 7.08419 18.7632 32.9096 13.2917 14.4312 6.77672 9.19365 6.24351 11.3749 10.9327 10.8132 9.16706 12.193 12.8848 8.91122 6.09542 14.2119 13.8488 7.13651 10.1534 8.22584 8.19352 6.35219 14.7779 11.76 8.37355 5.92834 14.2098 5.88455
threshold=148.50000000000003 505.50000000000006 1212.5000000000002 1058.5000000000002 2357.5000000000005 2170.5000000000005 396.50000000000006 419.50000000000006 2511.5000000000005 2633.5000000000005 2460.5000000000005 2987.0000000000005 2586.5000000000005 2556.5000000000005 2559.5000000000005 3049.5000000000005 3134.5000000000005 3162.5000000000005 3130.5000000000005 3341.5000000000005 3218.5000000000005 3189.5000000000005 3177.5000000000005 3485.5000000000005 3517.5000000000005 3465.5000000000005 4257.5000000000009 3455.5000000000005 3441.5000000000005 2160.5000000000005
decision_type=2 2 2 2 2 2 2 2 2 2 2 2 2 2 2 2 2 2 2 2 2 2 2 2 2 2 2 2 2 2
left_child=-1 6 3 -3 5 29 -2 -8 10 12 -6 -11 13 -10 -15 -13 18 -18 -17 20 21 22 -19 25 -25 27 -26 28 -21 -4
right_child=1 2 4 -5 8 -7 7 -9 9 11 -12 15 -14 14 -16 16 17 19 -20 23 -22 -23 -24 24 26 -27 -28 -29 -30 -31
leaf_value=-0.021620292052324137 0.0011021456964520448 -0.0020670700142214177 0.0009443445749836043 -0.020485837682265598 -0.0010464135623271438 0.0075509691079369088 0.020312637669539169 0.0041427042172445692 0.0095852432835936367 -0.0063489979129497335 -0.016885155318419717 0.0092441704294414298 0.016565083818150816 -0.043693223808178021 -0.0015799784570419994 -0.003978400846973526 0.024649972220306696 0.0055997093654370431 -0.045823296155570487 0.00093180536578529546 -0.010973443490073193 0.013540584165262307 -0.026323299226016686 -0.019491490167097333 -0.0010367407022043387 0.028772403548895389 0.019016119420832575 -0.010082804210283694 0.031540301351982922 -0.027186956029366067
leaf_weight=39.424663810208585 1452.2494572512132 1395.3534978258924 3290.3022800572153 293.53327548083303 282.58704493884488 1034.6465598337481 114.29805981352911 380.67522694630679 149.43399757958787 954.71019139714826 177.3100593889053 238.19424101552795 153.92620139168321 25.666918901214558 62.121980568161234 116.46779096498858 55.478110250137433 47.541288111625363 23.81610145661034 208.54242594132438 333.97959593074393 97.971514594095879 34.823647613714456 97.939469015218492 309.22001717097328 51.239174351936526 62.597844626545339 68.378074747062783 46.344524367359554 18.695395563605416
leaf_count=16181 88038 112729 198358 77252 18853 40304 3087 18726 8612 72660 15950 13145 8186 2972 3875 7879 2467 2955 2718 12642 23853 5332 2858 7085 17890 2308 3230 4906 2399 2717
internal_value=0 7.36193e-05 -0.000482507 -0.0052683 0.000535213 0.00239695 0.00282418 0.00787663 -0.00171217 -0.000914881 -0.00715293 -0.00205071 0.00706263 0.000896791 -0.0138927 0.000238577 -0.00114148 -0.000155272 -0.0110824 -0.0011682 -0.00581116 0.0037493 -0.00789724 0.00166024 -0.0022122 0.00651761 0.00233928 0.00299011 0.00649716 0.000785406
internal_weight=0 11578 9630.82 1688.89 7941.93 4343.64 1947.22 494.973 3598.29 3138.39 459.897 2747.24 391.149 237.223 87.7889 1792.53 1554.34 1414.06 140.284 1358.58 514.316 180.336 82.3649 844.262 469.757 374.504 371.818 323.265 254.887 3309
internal_count=800167 783986 674135 189981 484154 241379 109851 21813 242775 207972 34803 184327 23645 15459 6847 111667 98522 87925 10597 85458 34998 11145 5813 50460 28205 22255 21120 19947 15041 201075
is_linear=0
shrinkage=0.05


Tree=75
num_leaves=31
num_cat=0
split_feature=0 0 0 0 0 0 0 0 0 0 0 0 0 0 0 0 0 0 0 0 0 0 0 0 0 0 0 0 0 0
split_gain=7.00895 14.2137 16.2777 15.2741 15.2601 22.475 13.5523 13.0215 11.4466 10.5467 10.0508 11.4627 9.64887 9.49832 8.49383 21.2444 9.18502 12.1827 15.286 26.6431 15.485 9.80557 13.1829 9.01817 23.6346 23.7829 25.4417 13.8833 34.5105 29.8032
threshold=879.50000000000011 1697.5000000000002 1670.5000000000002 1465.5000000000002 4059.5000000000005 4276.5000000000009 3840.5000000000005 1722.5000000000002 4301.5000000000009 3807.5000000000005 769.50000000000011 824.50000000000011 1627.5000000000002 3991.5000000000005 1740.5000000000002 1808.5000000000002 2071.5000000000005 2765.5000000000005 2545.5000000000005 2488.5000000000005 2180.5000000000005 2050.5000000000005 2026.5000000000002 2908.5000000000005 3013.5000000000005 3031.5000000000005 3216.5000000000005 3312.5000000000005 3370.5000000000005 3411.5000000000005
decision_type=2 2 2 2 2 2 2 2 2 2 2 2 2 2 2 2 2 2 2 2 2 2 2 2 2 2 2 2 2 2
left_child=10 2 3 -2 6 -6 7 -3 -7 14 -1 -12 -5 -8 -9 -16 21 18 19 20 -18 22 -17 -19 -25 -26 -27 -28 -29 -30
right_child=1 4 -4 12 5 8 13 9 -10 -11 11 -13 -14 -15 15 16 17 23 -20 -21 -22 -23 -24 24 25 26 27 28 29 -31
leaf_value=-0.0023194854555761333 0.0028207274120869911 -0.046064644742283417 0.01045027595397185 -0.017824508549234102 0.0069228455822566331 -0.043637206888625685 -0.029253067370626391 0.019560698350892101 -0.000991179928033594 0.0071203507797149585 -0.047672046548477842 -0.0082974783769982335 0.0016358376754808763 -0.0069927012447646708 -0.033118192090821605 0.00077502329716065265 -0.0052145517928790172 0.005921622717057551 -0.036225486312145137 0.036694817953284949 -0.02952151271508249 0.018199873014889068 -0.037338587665585204 -0.034569744107918014 0.035075564717118542 -0.02617877467968684 0.010730125038464383 -0.04540675630843595 0.023373261262129165 -0.0053084324583801759
leaf_weight=1105.9376999498254 2142.9950599221297 16.961684050623262 629.98738607008636 156.87247311228066 1251.3308239958401 15.832860186868855 78.897364386823028 41.180335767370707 2540.4640396234308 281.3587204233645 26.032686587663193 63.743930158139847 107.24029636655723 122.05318236072526 58.582522550949761 870.99013362927963 208.30141003890822 253.88751779220365 58.108540221340036 29.781621148741124 95.590820989202484 78.621218010950543 23.294537072068124 61.740520552078578 39.946869022027386 118.29157700033284 184.71862488808802 48.345865242459695 102.2250934489457 794.51876962561573
leaf_count=95780 85596 3056 6521 19850 29292 2934 18705 3310 225816 6956 6658 6480 6679 12365 9484 33007 16540 20280 21913 6104 31439 3310 3221 12622 3755 21585 13745 6661 6299 60204
internal_value=0 0.000416356 0.00329512 0.00142248 -0.000769144 0.00143234 -0.00311888 -0.00236594 -0.00125532 -0.00214465 -0.00362557 -0.019715 -0.00992283 -0.0157326 -0.00299428 -0.00330113 -0.00271267 -0.00465475 -0.0125589 -0.00843744 -0.0128604 0.00127057 -0.000217769 -0.00272374 -0.00434988 -0.00290134 -0.00411683 -0.00180694 -0.00425731 -0.00203884
internal_weight=0 10412.1 3037.1 2407.11 7375.02 3807.63 3567.4 3366.45 2556.3 3349.48 1195.71 89.7766 264.113 200.951 3068.13 3026.95 2968.36 1995.46 391.782 333.674 303.892 972.906 894.285 1603.67 1349.79 1288.05 1248.1 1129.81 945.09 896.744
internal_count=800167 691249 118646 112125 572603 258042 314561 283491 228750 280435 108918 13138 26529 31070 273479 270169 260685 221147 75996 54083 47979 39538 36228 145151 124871 112249 108494 86909 73164 66503
is_linear=0
shrinkage=0.05


Tree=76
num_leaves=31
num_cat=0
split_feature=0 0 0 0 0 0 0 0 0 0 0 0 0 0 0 0 0 0 0 0 0 0 0 0 0 0 0 0 0 0
split_gain=6.9125 6.60778 37.2968 26.03 32.0264 21.652 15.9335 11.8899 17.7798 10.5388 16.1891 15.7685 11.6756 14.466 24.7429 15.1338 10.8061 10.5603 10.255 9.07626 11.7818 8.98626 10.5115 8.68663 20.0689 14.3369 10.0778 15.7867 8.9356 8.27561
threshold=28.500000000000004 5110.5000000000009 5304.5000000000009 5393.5000000000009 5491.5000000000009 5095.5000000000009 5073.5000000000009 5007.5000000000009 4978.5000000000009 4152.5000000000009 2071.5000000000005 4168.5000000000009 2765.5000000000005 2545.5000000000005 2488.5000000000005 2321.5000000000005 879.50000000000011 4204.5000000000009 4099.5000000000009 2287.5000000000005 2180.5000000000005 769.50000000000011 824.50000000000011 4807.5000000000009 4956.5000000000009 4714.5000000000009 4732.5000000000009 4788.5000000000009 4681.5000000000009 745.50000000000011
decision_type=2 2 2 2 2 2 2 2 2 2 2 2 2 2 2 2 2 2 2 2 2 2 2 2 2 2 2 2 2 2
left_child=-1 5 -3 -4 -5 6 7 8 9 10 16 -11 13 14 15 19 21 -13 -14 20 -12 29 -23 25 -25 28 -27 -28 -19 -2
right_child=1 2 3 4 -6 -7 -8 -9 -10 11 12 17 18 -15 -16 -17 -18 23 -20 -21 -22 22 -24 24 -26 26 27 -29 -30 -31
leaf_value=-0.050327510933414824 -0.0029133745618500221 -0.036285633050729564 0.024932874966105138 -0.044900564420650949 -0.0014393582753020493 0.046743284411846574 -0.058595841242641937 0.023614670033496332 -0.057822740767677773 0.0095967436823084645 -0.0049214145317226163 -0.036199506632142164 -0.002056618900906641 -0.035431008560482605 0.034483212432067062 -0.038744063896946838 0.0022150448633728548 0.00090242330900275466 -0.035333671022329746 0.037375969064110198 -0.035980140410319182 -0.04645122161914219 -0.0077966738217974431 -0.032189482834003101 0.028509420753482975 0.031481835727761087 -0.043111076060844834 0.022889567043906815 -0.048979548929728361 0.018237433886645702
leaf_weight=6.8188093444732649 1047.3231846000372 81.111584629668414 88.01686110387709 44.50908088043343 889.54464434187821 25.162396880879896 11.468695733488856 54.728813968273244 13.164286208624615 688.23421840404603 206.81793150284489 19.187884444085284 2163.3246548661364 55.637482850208698 31.221670098576851 45.796826896209495 4119.5293502867989 1590.345127806394 23.402255195552243 10.782057474150404 35.82290043643161 24.47902605188392 62.472260023674608 51.566453950336609 18.504168648706582 66.548902096008533 13.982245913145105 25.737304918612608 9.0289071665292777 48.383801405377199
leaf_count=3245 88864 20505 12497 11497 73847 3220 2900 9109 3037 3432 16540 2908 189683 21913 6104 15899 174034 66512 6228 3073 12467 6658 6480 17859 3166 2944 5719 3205 2951 3671
internal_value=0 2.96708e-05 -0.00365083 -0.00106093 -0.00351035 0.000417743 0.000306062 0.000370855 0.000248198 0.000322002 -0.000573571 0.00316221 -0.00382804 -0.0118442 -0.00787278 -0.0122924 0.00100561 0.000694965 -0.00241275 -0.00751219 -0.00950685 -0.00320719 -0.0186789 0.00109364 -0.0161602 0.00180245 0.0195863 -0.000344261 0.000620826 -0.00197941
internal_weight=0 11565.8 1103.18 1022.07 934.054 10462.7 10437.5 10426 10371.3 10358.1 7874.99 2483.14 2572.81 386.079 330.441 299.22 5302.19 1794.9 2186.73 253.423 242.641 1182.66 86.9513 1775.71 70.0706 1705.64 106.268 39.7196 1599.37 1095.71
internal_count=800167 796922 118346 97841 85344 678576 675356 672456 663347 660310 551614 108696 271907 75996 54083 47979 279707 105264 195911 32080 29007 105673 13138 102356 21025 81331 11868 8924 69463 92535
is_linear=0
shrinkage=0.05


Tree=77
num_leaves=31
num_cat=0
split_feature=0 0 0 0 0 0 0 0 0 0 0 0 0 0 0 0 0 0 0 0 0 0 0 0 0 0 0 0 0 0
split_gain=6.59794 21.4562 13.3238 18.9106 8.01938 23.1973 8.59955 8.40743 23.1164 26.4246 20.7491 19.7639 19.0689 15.353 14.3616 11.2305 13.7079 13.6334 10.3601 10.1111 14.3532 12.0394 17.6605 17.2868 11.6751 10.0348 13.689 21.569 14.2422 9.2956
threshold=5836.5000000000009 5949.5000000000009 5962.5000000000009 6002.5000000000009 5793.5000000000009 5646.5000000000009 5757.5000000000009 5630.5000000000009 5393.5000000000009 5344.5000000000009 5110.5000000000009 5095.5000000000009 5304.5000000000009 5491.5000000000009 5073.5000000000009 4152.5000000000009 2071.5000000000005 4168.5000000000009 879.50000000000011 4257.5000000000009 4226.5000000000009 4276.5000000000009 4407.5000000000009 4343.5000000000009 4301.5000000000009 2765.5000000000005 2545.5000000000005 2488.5000000000005 2321.5000000000005 4099.5000000000009
decision_type=2 2 2 2 2 2 2 2 2 2 2 2 2 2 2 2 2 2 2 2 2 2 2 2 2 2 2 2 2 2
left_child=4 -2 -3 -4 5 7 -7 8 9 10 11 14 -12 -10 15 16 18 -17 -1 20 -19 -21 23 24 -23 26 27 28 -18 -27
right_child=1 2 3 -5 -6 6 -8 -9 13 -11 12 -13 -14 -15 -16 17 25 19 -20 21 -22 22 -24 -25 -26 29 -28 -29 -30 -31
leaf_value=-0.0033013323996640013 -0.030882657709732472 0.03696843653236933 -0.036514106462599193 0.015684440039205876 0.0073020836185572428 -0.037387087523438965 -0.0061729287543780039 0.015028487315892569 -0.043682251525582055 0.035927692637155055 -0.03525205861889024 0.043411959858420439 0.0076339368905737146 -0.009698980678462827 -0.057689859316856454 0.0092124038411887637 -0.0069756473441320898 -0.0023607801878065375 0.002004625779771326 0.011369356815806121 -0.036684565637405513 -0.044359119002165201 0.0031550305920735608 -0.026708473902195207 0.0016035612514408337 -0.0019924429755357703 -0.034611806590644875 0.031379061885661495 -0.037912753730054108 -0.034360483260793183
leaf_weight=1184.249043563098 70.320731249561504 24.853160449154529 29.198230807088294 42.763659246619682 378.35856360472826 55.861873724851648 36.4717670368982 93.627656656626641 42.200688680937674 51.781259113831766 77.336422986640173 26.585145184859357 38.986776429495876 156.44706100093936 10.685603349404117 686.51670044299635 251.44561114300495 121.64513843598434 4122.5736960616605 290.89295546317589 40.630989315715851 14.918720352370654 1102.7007185349371 106.25746065506155 186.96833128441722 2157.1047619393025 53.335424158893602 32.47530146582676 43.660774803844561 22.411626793269079
leaf_count=108918 13215 2450 5016 4685 6107 13931 5774 2640 11497 6652 20505 3220 5845 20029 2900 3432 32080 6436 174034 3469 3221 2934 85479 9258 6613 189683 21913 6104 15899 6228
internal_value=0 -0.00986223 0.00540576 -0.0054949 0.000144766 -0.000101245 -0.0250575 0.00010986 -1.92122e-05 0.000296794 0.000122265 0.000355919 -0.0208784 -0.0169184 0.000246157 0.000305582 -0.000629146 0.0031888 0.00082057 0.00097031 -0.0109548 0.00210748 0.000197834 -0.0103845 -0.00179291 -0.00363386 -0.0111213 -0.00729666 -0.0115528 -0.00232528
internal_weight=0 167.136 96.8151 71.9619 11386.1 11007.8 92.3336 10915.4 10821.8 10623.2 10571.4 10455.1 116.323 198.648 10428.5 10417.8 7867.26 2550.53 5306.82 1864.01 162.276 1701.74 1410.85 308.145 201.887 2560.43 380.917 327.582 295.106 2179.52
internal_count=800167 25366 12151 9701 774801 768694 19705 748989 746349 714823 708171 681821 26350 31526 678601 675701 554859 120842 282952 117410 9657 107753 104284 18805 9547 271907 75996 54083 47979 195911
is_linear=0
shrinkage=0.05


Tree=78
num_leaves=31
num_cat=0
split_feature=0 1 1 1 1 1 1 1 1 1 1 1 1 1 1 1 1 1 1 1 1 1 1 0 1 1 1 1 1 1
split_gain=6.35363 6.00266 17.4608 14.6559 13.2711 12.7247 11.0627 6.8313 6.73004 6.71762 12.7014 6.24408 5.9817 16.3283 5.81264 5.56286 6.68483 7.70144 16.4807 6.82453 10.0359 7.39711 7.66089 5.45821 5.90049 10.6046 11.1276 8.66599 7.54636 11.9532
threshold=28.500000000000004 505.50000000000006 1309.5000000000002 991.50000000000011 1212.5000000000002 2357.5000000000005 2170.5000000000005 368.50000000000006 971.50000000000011 230.50000000000003 144.50000000000003 1366.5000000000002 2197.5000000000005 2209.5000000000005 1058.5000000000002 516.00000000000011 786.50000000000011 600.50000000000011 573.50000000000011 902.50000000000011 954.50000000000011 838.50000000000011 803.00000000000011 6002.5000000000009 2511.5000000000005 2633.5000000000005 2969.5000000000005 2460.5000000000005 2586.5000000000005 2556.5000000000005
decision_type=2 2 2 2 2 2 2 2 2 2 2 2 2 2 2 2 2 2 2 2 2 2 2 2 2 2 2 2 2 2
left_child=-1 7 3 8 14 6 11 9 15 10 -2 -4 -8 -14 -5 -3 17 18 -17 21 -21 22 -18 24 27 28 -27 -7 29 -26
right_child=1 2 5 4 -6 23 12 -9 -10 -11 -12 -13 13 -15 -16 16 19 -19 -20 20 -22 -23 -24 -25 25 26 -28 -29 -30 -31
leaf_value=-0.04979330984771882 -0.0023574733040800065 -0.021633301754311513 0.010013001908004193 -0.0082801513191992221 -0.0026179673552816931 -0.0015429028815235205 0.014664026437067762 0.0071048575647786848 0.01461332020698761 -0.0040735030113607717 0.0097516324970627847 0.00041370764133288407 -0.018587653351314702 0.0072081683635365603 -0.019594497554236957 0.0040582445737389504 -0.01850585251751102 0.0056038786714595265 -0.021850271547781491 0.008823362630112238 -0.017356017054811951 -0.022130720721245653 0.0081791528779751252 0.032284096176091064 0.0096873741476706746 -0.0065260243075392736 0.00027328393078462844 -0.015797649213571855 0.015387363245671359 -0.013724957954948795
leaf_weight=6.4029303685529149 467.15014155985273 34.621994902959841 180.60620386169194 187.33231995734695 381.7132979975986 279.35716445135495 205.46574310979486 580.481335679925 65.253375794010935 487.69810814255698 403.69394810238737 2731.8321381398396 66.705617281993 763.40814454299289 288.07914102299696 173.42546377765893 47.804642975253955 446.77563364013122 95.006175531545978 119.61056982906666 52.753874560312397 103.78029352905969 61.492851776673888 11.893719297134338 150.26739385823885 899.1952431191412 1819.0942338933205 172.43013881383513 155.31063615520361 85.558331714557426
leaf_count=3245 33950 3446 6194 20840 29209 19027 5955 25487 3195 35453 16745 168905 5871 29090 78458 10847 3272 23348 13714 6358 6315 20195 3140 1210 8683 70915 115772 16136 8264 6928
internal_value=0 2.76804e-05 -0.000485883 -0.00456722 -0.00956129 0.000630701 0.00258723 0.00256468 -0.00100166 0.000624744 0.0032559 0.00100898 0.00702585 0.00513529 -0.0151362 -0.00189918 -0.00127843 0.00158215 -0.00511157 -0.00658638 0.0008109 -0.0125702 -0.00349236 -0.00153112 -0.00164405 -0.000868266 -0.00197589 -0.0069834 0.00682942 0.0011933
internal_weight=0 11517.8 9578.77 2057.65 857.125 7521.12 3948.02 1939.02 1200.52 1358.54 870.844 2912.44 1035.58 830.114 475.411 1135.27 1100.65 715.207 268.432 385.442 172.364 213.078 109.297 3573.11 3561.21 3109.43 2718.29 451.787 391.136 235.826
internal_count=800167 796922 685287 222337 128507 462950 216015 111635 93830 86148 50695 175099 40916 34961 99298 90635 87189 47909 24561 39280 12673 26607 6412 246935 245725 210562 186687 35163 23875 15611
is_linear=0
shrinkage=0.05


Tree=79
num_leaves=31
num_cat=0
split_feature=0 0 0 0 0 0 0 0 0 0 0 0 0 0 0 0 0 0 0 0 0 0 0 0 0 0 0 0 0 0
split_gain=6.00623 6.12533 18.9597 11.1943 16.7435 6.46042 21.6287 8.28986 20.1416 23.1384 18.8335 19.7165 17.1986 14.9507 12.8987 10.394 16.161 8.63907 18.4092 11.0118 10.6897 21.961 18.1305 10.8961 9.53521 11.9797 16.528 14.8824 14.1121 17.2529
threshold=410.50000000000006 5836.5000000000009 5949.5000000000009 5962.5000000000009 6002.5000000000009 5793.5000000000009 5646.5000000000009 5630.5000000000009 5393.5000000000009 5344.5000000000009 5110.5000000000009 5095.5000000000009 5304.5000000000009 5491.5000000000009 5073.5000000000009 5007.5000000000009 4978.5000000000009 4059.5000000000005 3840.5000000000005 4168.5000000000009 1740.5000000000002 1808.5000000000002 1670.5000000000002 1465.5000000000002 1447.5000000000002 1194.5000000000002 1178.5000000000002 1149.5000000000002 1283.5000000000002 1300.5000000000002
decision_type=2 2 2 2 2 2 2 2 2 2 2 2 2 2 2 2 2 2 2 2 2 2 2 2 2 2 2 2 2 2
left_child=-1 5 -3 -4 -5 6 7 8 9 10 11 14 -12 -10 15 16 17 18 20 -19 22 -22 23 24 25 26 27 -2 -27 -30
right_child=1 2 3 4 -6 -7 -8 -9 13 -11 12 -13 -14 -15 -16 -17 -18 19 -20 -21 21 -23 -24 -25 -26 28 -28 -29 29 -31
leaf_value=-0.0087078557300513965 0.00082560142071398115 -0.029793464548966447 0.032568645141723362 -0.035850831180146953 0.013410809040904401 0.0067092794572214164 -0.024427523735012974 0.015013342960660909 -0.042982984418904774 0.033093074974329853 -0.034204963360538403 0.04203323774994449 0.0066505948513561012 -0.0087326931303991686 -0.056615272895765893 0.02185535465547064 -0.056923614974299409 0.0078018034856982693 -0.0155848572398306 0.00071218966727782231 -0.033073216138294247 -0.0016518617582556895 0.0091102248773306162 -0.0096518265843416537 0.011730947567592633 -0.021517247343549782 0.015451231780472988 -0.052487124157080726 0.025262777617770977 -0.0059554107660593648
leaf_weight=194.67487597824038 2187.1672868944934 67.546471970679249 26.22792379248267 28.017452401472838 44.880182115814932 378.87529461351733 89.379378453337267 94.517716977221426 40.139586131135729 53.965512959050102 74.011848570570692 28.484836891870145 39.510161119199438 154.50236079624665 9.9183352938762237 56.304727603990614 12.317776072513878 788.87557511130785 196.26753133448256 1791.6503042663696 56.587123095831885 3216.1549455289096 677.59175989441428 261.59939656611004 193.17216766273486 121.316152019941 201.98863026394974 13.169160179941171 50.50029194894887 358.01939112536093
leaf_count=48896 99873 13215 2450 5016 4685 6107 19705 2640 11497 6652 20505 3220 5845 20029 2900 9109 3037 16166 31070 105264 9484 267641 12887 26529 3114 12978 3154 3335 3211 19953
internal_value=0 0.000149849 -0.00936453 0.00455623 -0.00552239 0.000292123 6.63148e-05 0.000271344 0.000139684 0.000438256 0.000267738 0.000492685 -0.0199856 -0.0157959 0.000376593 0.000432105 0.000312988 0.000382695 -0.00047256 0.00287951 -6.83145e-05 -0.00219515 0.00164421 0.000150551 0.000971038 0.00026217 0.00176308 0.000506521 -0.00654309 -0.00209629
internal_weight=0 11312.7 166.672 99.1256 72.8976 11146 10767.1 10677.7 10583.2 10388.6 10334.6 10221.1 113.522 194.642 10192.6 10182.7 10126.4 10114.1 7533.53 2580.53 7337.27 3272.74 4064.52 3386.93 3125.33 2932.16 2402.33 2200.34 529.836 408.52
internal_count=800167 751271 25366 12151 9701 725905 719798 700093 697453 665927 659275 632925 26350 31526 629705 626805 617696 614659 493229 121430 462159 277125 185034 172147 145618 142504 106362 103208 36142 23164
is_linear=0
shrinkage=0.05


Tree=80
num_leaves=31
num_cat=0
split_feature=0 0 0 0 0 0 0 0 0 0 0 0 0 0 0 0 1 0 0 0 0 0 0 0 0 0 0 0 0 0
split_gain=5.83254 5.50498 13.5777 20.1133 8.98524 17.6533 20.9424 17.1004 18.7233 15.946 14.1214 11.6353 9.47331 14.6746 8.42325 10.4738 8.41289 7.73145 7.65832 7.62899 7.75974 18.3154 11.0445 7.44085 7.42666 16.7591 10.429 19.6837 16.7292 10.1127
threshold=410.50000000000006 5811.5000000000009 5793.5000000000009 5646.5000000000009 5630.5000000000009 5393.5000000000009 5344.5000000000009 5110.5000000000009 5095.5000000000009 5304.5000000000009 5491.5000000000009 5073.5000000000009 5007.5000000000009 4978.5000000000009 5510.5000000000009 5595.5000000000009 838.50000000000011 5549.5000000000009 5757.5000000000009 6002.5000000000009 5962.5000000000009 5949.5000000000009 5836.5000000000009 5613.5000000000009 4059.5000000000005 3840.5000000000005 1740.5000000000002 1808.5000000000002 1670.5000000000002 4168.5000000000009
decision_type=2 2 2 2 2 2 2 2 2 2 2 2 2 2 2 2 2 2 2 2 2 2 2 2 2 2 2 2 2 2
left_child=-1 2 3 4 5 6 7 8 11 -9 -7 12 13 24 -12 17 -4 -16 -5 20 21 22 -3 -17 25 26 28 -28 -2 -26
right_child=1 19 16 18 -6 10 -8 9 -10 -11 14 -13 -14 -15 15 23 -18 -19 -20 -21 -22 -23 -24 -25 29 -27 27 -29 -30 -31
leaf_value=-0.0086165676380006197 0.00017116050463814622 -0.0038805292212408735 0.027013820729188506 -0.036092230154319248 0.015491584866762043 -0.042132925203447219 0.030924835151024749 -0.033486754037983422 0.0397598847843178 0.0060322835724712278 0.027694579221173167 -0.055733573282674309 0.020485151418033521 -0.056090963211726956 -0.012856201633783152 0.010214784051246021 0.0062987733049017199 -0.053915799902299624 -0.0058072064480809357 0.012224566366301965 -0.035238038876677404 0.031431490874936407 -0.029100672515278939 -0.018492079630058451 0.007365981516207318 -0.015022183928934112 -0.032158629144968524 -0.0016878457733764793 0.0087886988498470011 0.00056393142214044103
leaf_weight=193.09049241980756 3383.5749829344154 129.90117697098754 66.967785889282823 51.889462862853179 95.897656833782094 38.195357950108701 55.869159842579393 71.090351817027113 30.189384285578853 39.825492454085179 14.80575915034933 9.2477613724568055 58.232894274528007 11.539914011671497 25.412553684337581 52.112686323711387 182.81168084582896 20.889097545366894 34.924209711110962 45.555221249635906 27.193664932388856 27.279416151043733 65.198113670606517 39.822641474540433 786.76892806742512 192.75819847134699 53.890641225785657 3208.5424751156183 675.63710579332292 1788.6929911890954
leaf_count=48896 172147 3020 660 13931 2640 11497 6652 20505 3220 5845 2869 2900 9109 3037 5826 2815 2427 5722 5774 4685 5016 2450 13215 2797 16166 31070 9484 267641 12887 105264
internal_value=0 0.000147436 0.00032841 6.03872e-05 0.000255718 0.00011732 0.000395032 0.000229593 0.000441947 -0.019297 -0.0149358 0.00032522 0.000376247 0.000260322 -0.00814809 -0.011987 0.0118526 -0.0313803 -0.0239089 -0.00659145 -0.010026 -0.00694294 -0.0123086 -0.00221986 0.000324772 -0.000469381 -8.62468e-05 -0.00219118 0.00160551 0.00264187
internal_weight=0 11284.7 10989.6 10739.8 10653 10557.1 10365.9 10310 10199.1 110.916 191.238 10168.9 10159.6 10101.4 153.043 138.237 249.779 46.3017 86.8137 295.128 249.572 222.379 195.099 91.9353 10089.9 7514.4 7321.65 3262.43 4059.21 2575.46
internal_count=800167 751271 722885 719798 700093 697453 665927 659275 632925 26350 31526 629705 626805 617696 20029 17160 3087 11548 19705 28386 23701 18685 16235 5612 614659 493229 462159 277125 185034 121430
is_linear=0
shrinkage=0.05


Tree=81
num_leaves=31
num_cat=0
split_feature=1 1 1 1 1 1 1 1 1 1 1 1 1 1 1 1 1 1 1 1 1 1 1 0 1 1 1 1 1 1
split_gain=5.71441 15.0066 12.6474 12.6899 11.7323 12.9423 6.62849 6.6068 10.7861 6.13004 5.97192 5.19871 5.17104 5.16957 5.08048 16.4353 4.9837 9.81736 10.7742 16.9493 6.641 8.12142 6.28232 6.06109 5.83785 8.45829 8.34987 10.4457 9.93761 9.69801
threshold=505.50000000000006 1309.5000000000002 991.50000000000011 1212.5000000000002 2329.5000000000005 2170.5000000000005 368.50000000000006 230.50000000000003 144.50000000000003 516.00000000000011 1366.5000000000002 1058.5000000000002 1026.0000000000002 2160.5000000000005 2197.5000000000005 2209.5000000000005 3341.5000000000005 3218.5000000000005 3134.5000000000005 3130.5000000000005 3162.5000000000005 3189.5000000000005 3177.5000000000005 5793.5000000000009 2987.0000000000005 2848.5000000000005 2803.5000000000005 2707.5000000000005 2511.5000000000005 2460.5000000000005
decision_type=2 2 2 2 2 2 2 2 2 2 2 2 2 2 2 2 2 2 2 2 2 2 2 2 2 2 2 2 2 2
left_child=6 2 9 11 5 10 7 8 -1 -2 -3 12 -4 -12 -7 -16 17 18 19 24 -20 22 -22 -18 25 26 27 28 29 -6
right_child=1 4 3 -5 16 14 -8 -9 -10 -11 13 -13 -14 -15 15 -17 23 -19 20 -21 21 -23 -24 -25 -26 -27 -28 -29 -30 -31
leaf_value=-0.0020378532805660665 -0.021900599628900702 0.009688133723988147 -0.013951843593575401 -0.0022028246552017227 -0.0009521605905547458 0.014570673831053458 0.0069497532605615267 -0.0041291763839828915 0.0091190465172337094 -0.0003713430683931246 0.00044171000783161334 -0.0187960174193115 0.0037584215994012232 -0.026311540438055267 -0.018316610582256646 0.0080988824751530315 0.0013305977763763759 -0.010625235308338588 0.023728960774097235 -0.045782308290130025 0.004061498311347128 0.013736554118157227 -0.024393893631208696 0.033129430378036458 0.0038702731774317052 -0.010243289994052657 0.011022897088736598 -0.011120161917617949 0.0041401190931030828 -0.015203083128363108
leaf_weight=464.68377295464279 34.036704913810127 179.13510744786799 122.6030104289689 379.9811404316597 405.08316248693063 206.93103784144114 580.1052972916068 482.86251682039392 405.81269133387559 1156.0542741431186 2699.0468769908584 281.1606435069009 62.088985892719393 18.178435118478774 64.887408909600708 636.49345354170146 820.99200192262333 327.34284538042675 56.512417673459822 22.363724587699835 46.625913749533538 97.380374035995374 33.214303375640156 15.264005193763294 352.68640772867184 342.94102651793719 121.37419431428907 289.63124995605358 576.58848985594295 169.26531732664034
leaf_count=34105 3464 6221 14306 29322 25227 5977 25604 35615 16814 90782 166871 78762 6611 2781 5896 23217 50978 24348 2504 2759 3028 5436 2927 588 21452 28930 8306 23601 37443 16292
internal_value=0 -0.000503415 -0.00430941 -0.00898393 0.000532241 0.00247876 0.00247816 0.00056145 0.00316333 -0.000987082 0.000845675 -0.0145151 -0.00799808 0.000262729 0.00768623 0.00565508 -0.00148172 -0.00248038 -0.00141971 -0.00246783 0.00880405 0.00404477 -0.00777622 0.00191102 -0.00203875 -0.0031328 -0.00157161 -0.00263275 -0.000496912 -0.00515203
internal_weight=0 9517.86 2035.92 845.834 7481.94 3804.67 1933.46 1353.36 870.496 1190.09 2896.36 465.853 184.692 2717.23 908.312 701.381 3677.27 2841.01 2513.67 2279.93 233.733 177.221 79.8402 836.256 2257.57 1904.88 1561.94 1440.57 1150.94 574.348
internal_count=800167 688029 223247 129001 464782 210963 112138 86534 50919 94246 175873 99679 20917 169652 35090 29113 253819 202253 177905 164010 13895 11391 5955 51566 161251 139799 110869 102563 78962 41519
is_linear=0
shrinkage=0.05


Tree=82
num_leaves=31
num_cat=0
split_feature=0 1 1 1 1 1 1 1 1 1 1 1 1 1 1 1 1 1 1 1 1 1 1 1 1 1 1 1 1 1
split_gain=5.68673 5.07642 5.42498 13.4276 11.2455 11.2276 11.0402 12.8367 5.58616 7.43332 9.15322 5.55219 5.53531 8.99868 5.43733 5.13395 8.30541 5.28298 12.0733 5.77534 5.85413 5.07987 5.01641 8.68089 11.3643 6.33799 9.05473 7.06986 6.87715 5.55565
threshold=28.500000000000004 1.0000000180025095e-35 505.50000000000006 1309.5000000000002 991.50000000000011 1212.5000000000002 2329.5000000000005 2170.5000000000005 2096.5000000000005 2058.5000000000005 2078.5000000000005 1366.5000000000002 396.50000000000006 419.50000000000006 971.50000000000011 230.50000000000003 144.50000000000003 101.50000000000001 107.50000000000001 49.500000000000007 31.500000000000004 1058.5000000000002 786.50000000000011 600.50000000000011 573.50000000000011 902.50000000000011 954.50000000000011 838.50000000000011 803.00000000000011 516.00000000000011
decision_type=2 2 2 2 2 2 2 2 2 2 2 2 2 2 2 2 2 2 2 2 2 2 2 2 2 2 2 2 2 2
left_child=-1 -2 12 4 14 21 7 8 9 11 -11 -5 15 -14 22 16 17 19 -19 20 -3 -6 23 24 29 27 -27 28 -24 -4
right_child=1 2 3 6 5 -7 -8 -9 -10 10 -12 -13 13 -15 -16 -17 -18 18 -20 -21 -22 -23 25 -25 -26 26 -28 -29 -30 -31
leaf_value=-0.048928219651043714 -0.046584725026868938 0.0022667608961663217 -0.018276397824852519 0.0093083177243271416 -0.0073055052583748843 -0.0021244353217199446 -0.0014233186873686815 0.007592452639370903 -0.0067071741340871171 0.025911453121496748 -0.0013125728103315585 0.00020705272551029257 0.019222290014484764 0.0033054402469606318 0.013050290066729753 -0.0028112523111536703 0.0084937416399468394 -0.039547086710039599 -0.0010507721945228771 0.0090323662795695325 -0.015631024777968145 -0.018053433732960131 -0.018154399420535417 0.0050414022588126089 -0.020629916771970413 0.0083238497485440509 -0.016784104595646689 -0.021872311280692447 0.0075057102293720358 0.004130152791912668
leaf_weight=5.9355133076769553 5.8386899771503513 132.64179611789723 32.941336602802949 180.34843259542595 183.11838304336698 378.88082447383385 3664.4531054909271 912.4570574262948 228.71561151242167 67.048499737247766 57.228129165663631 2365.3522215821258 115.75633409932561 381.2940645095905 65.747798790423985 566.77475552279111 408.40033639357353 27.600485390255017 77.713647030399443 150.6531143568518 69.694215828259985 275.08895280435536 45.347898727824941 446.82013613891922 91.631385731981027 118.42706742450082 51.533532171310071 100.04831206642075 61.555215361285263 172.70485366371577
leaf_count=3245 1619 11002 3446 6194 20840 29209 252880 34971 17843 2740 3093 145229 3118 19047 3195 38775 16745 3421 4056 6615 7237 78458 3272 23348 13714 6358 6315 20195 3140 10847
internal_value=0 2.53947e-05 4.92042e-05 -0.000441857 -0.00405474 -0.00849251 0.000536247 0.00242039 0.000792311 0.00143473 0.0133751 0.000851826 0.00246554 0.00701226 -0.000924521 0.000888992 0.00330874 -0.00131168 -0.0111398 0.00162053 -0.00389809 -0.0137581 -0.00174415 0.000636342 -0.00598464 -0.00644371 0.0007109 -0.0123195 -0.00337921 0.00054097
internal_weight=0 11435.8 11430 9499.45 2023.85 837.088 7475.6 3811.15 2898.69 2669.98 124.277 2545.7 1930.53 497.05 1186.76 1433.48 866.704 458.303 105.314 352.989 202.336 458.207 1121.01 744.098 297.278 376.912 169.961 206.951 106.903 205.646
internal_count=800167 796922 795303 685287 222337 128507 462950 210070 175099 157256 5833 151423 110016 22165 93830 87851 49076 32331 7477 24854 18239 99298 90635 51355 28007 39280 12673 26607 6412 14293
is_linear=0
shrinkage=0.05


Tree=83
num_leaves=31
num_cat=0
split_feature=0 1 1 1 1 1 1 1 1 0 0 0 1 1 1 1 1 1 1 1 1 1 1 1 1 1 1 1 1 1
split_gain=5.30801 4.83321 18.0293 6.52211 21.2337 13.2205 6.73968 6.47872 6.25976 5.94814 13.2586 6.58224 5.55603 4.96921 4.90482 15.0786 5.09803 4.74826 7.60024 8.19551 4.72448 7.30728 8.06455 9.67751 9.49004 9.47321 6.23339 5.68522 12.4623 11.542
threshold=148.50000000000003 2329.5000000000005 2170.5000000000005 786.50000000000011 1212.5000000000002 1058.5000000000002 902.50000000000011 838.50000000000011 803.00000000000011 5811.5000000000009 5793.5000000000009 5646.5000000000009 954.50000000000011 754.50000000000011 2197.5000000000005 2214.5000000000005 2227.5000000000005 2096.5000000000005 2058.5000000000005 2078.5000000000005 2987.0000000000005 2848.5000000000005 2803.5000000000005 2707.5000000000005 2511.5000000000005 2460.5000000000005 3049.5000000000005 3134.5000000000005 3162.5000000000005 3130.5000000000005
decision_type=2 2 2 2 2 2 2 2 2 2 2 2 2 2 2 2 2 2 2 2 2 2 2 2 2 2 2 2 2 2
left_child=-1 2 3 9 5 6 7 8 -5 10 11 13 -8 -2 -4 -16 -17 18 -6 -20 21 22 23 24 25 -3 -22 29 -29 -28
right_child=1 20 14 4 17 -7 12 -9 -10 -11 -12 -13 -14 -15 15 16 -18 -19 19 -21 26 -23 -24 -25 -26 -27 27 28 -30 -31
leaf_value=-0.019009957136748058 0.0014849448556488978 -0.0011755720308357013 0.014097221492320214 -0.017554197967286515 0.00050722637588910668 -0.017528117114761894 0.0085074705377437467 -0.02108742702288063 0.0071034225211969622 -0.012846901688008837 0.024353271156886128 -0.027126221593756751 -0.0042437792373922339 0.015651148592067572 -0.012327861132458515 0.017639020346007134 0.0061034413597693717 -0.0064979443466188815 0.024667989398183394 -0.00099472352801877246 0.0080003375264046696 -0.0098454005253794576 0.010606653141915405 -0.011037030665304001 0.0037878508435280206 -0.015403290973330817 -0.004267268349858926 0.022869175388462767 -0.0007810717845252689 -0.044566472659617509
leaf_weight=36.60290371762494 2456.2340231972239 401.18237038373263 208.51201371985735 44.120333423456032 2914.7029455337447 266.65017394249526 119.81698639702063 96.341213513032471 61.781964949052053 67.464103324731695 65.779067590017803 19.763487924412402 297.64252991860303 63.504749214416734 102.83492890792968 119.39059660482235 484.26334526617211 225.21573723910296 68.831879194280191 56.769685872176979 235.198558169428 337.4316287631741 122.11692551369379 284.24348506326942 576.58927553309104 165.1594550811642 114.56348608148119 58.136229724057557 1330.125872866397 21.029009348963882
leaf_count=16181 146596 24701 5880 3230 177757 77252 6249 19808 3086 5948 636 4185 29847 2995 8669 2923 16984 17569 2703 3046 13145 28379 8154 23101 36671 15950 7879 2467 85458 2718
internal_value=0 6.11146e-05 0.000768163 -0.000115468 -0.00135564 -0.00821894 -0.00421333 -0.0117048 -0.00316928 0.00181103 0.0021906 0.00161653 -0.000583984 0.00184197 0.0073588 0.00537004 0.00838495 0.000507254 0.00102618 0.0130689 -0.00143988 -0.00317783 -0.00172565 -0.00278087 -0.000727589 -0.00532473 0.000424211 -0.000745122 0.000209329 -0.0105173
internal_weight=0 11385.4 7739.62 6824.62 4151.87 886.353 619.703 202.244 105.902 2672.75 2605.28 2539.5 417.46 2519.74 915.001 706.489 603.654 3265.52 3040.3 125.602 3645.78 1886.72 1549.29 1427.17 1142.93 566.342 1759.05 1523.85 1388.26 135.592
internal_count=800167 783986 535363 500907 340547 139472 62220 26124 6316 160360 154412 153776 36096 149591 34456 28576 19907 201075 183506 5749 248623 136956 108577 100423 77322 40651 111667 98522 87925 10597
is_linear=0
shrinkage=0.05


Tree=84
num_leaves=31
num_cat=0
split_feature=0 0 0 0 0 0 0 0 0 0 0 0 0 0 0 0 0 0 0 0 0 0 0 0 0 0 0 0 0 1
split_gain=5.05696 4.79913 14.184 12.5711 9.03891 8.8569 8.51047 15.3525 9.05809 14.8829 10.6518 33.0303 28.9226 13.9947 10.0554 34.8619 25.4364 31.679 20.2233 11.004 20.7087 22.8752 18.8608 13.0159 11.5084 24.3603 9.76636 9.05912 12.7873 8.30259
threshold=28.500000000000004 4059.5000000000005 3840.5000000000005 4168.5000000000009 4204.5000000000009 3991.5000000000005 1942.5000000000002 1967.5000000000002 3778.5000000000005 3680.5000000000005 3598.5000000000005 3554.5000000000005 3617.5000000000005 3516.5000000000005 3411.5000000000005 3461.5000000000005 3370.5000000000005 3312.5000000000005 3271.5000000000005 3031.5000000000005 3013.5000000000005 2908.5000000000005 2887.5000000000005 2071.5000000000005 3216.5000000000005 3242.5000000000005 3761.5000000000005 2050.5000000000005 2026.5000000000002 2603.5000000000005
decision_type=2 2 2 2 2 2 2 2 2 2 2 2 2 2 2 2 2 2 2 2 2 2 2 2 2 2 2 2 2 2
left_child=-1 2 6 -3 -5 -4 -2 -8 9 10 11 13 -12 14 16 -16 17 18 19 20 21 22 23 27 -21 -26 -11 28 29 -9
right_child=1 3 5 4 -6 -7 7 8 -10 26 12 -13 -14 -15 15 -17 -18 -19 -20 24 -22 -23 -24 -25 25 -27 -28 -29 -30 -31
leaf_value=-0.048048080757487684 0.00089289801510874936 0.0071585508193203517 -0.027805918913287476 -0.034746952456390937 0.00022885201717002862 -0.0056028184623475343 -0.027808411497473234 0.0067273851236274293 0.0045624021123265371 -0.031073711274376109 0.035019410331136216 -0.041656128963876257 -0.0065629641760882838 0.017273975506394132 -0.052166285491328193 -0.00028140688744381461 0.02203081131312546 -0.044745479494645024 0.019177850303300704 -0.025131766579817361 0.032036468272527985 -0.033791886109594153 0.015458973273846145 -0.0096446328624951484 0.025178778078806831 -0.028501264372252547 -0.0059946463977730976 0.017926421343157372 -0.037909478592973542 -0.017265737277949441
leaf_weight=5.4735453191260595 4838.1181768769193 775.46639273706387 73.379334844451023 18.58851718627011 2954.116458288956 115.79045239883408 59.226730377846252 184.19982933294091 430.00484768886236 76.183243003860753 68.153544617653097 54.625310320278004 108.21777780290176 87.858342928979255 45.440994006794426 112.59415832140712 103.07874618112419 45.490350587833746 101.18064092266832 114.92070777021991 42.810855584168166 58.591748603174437 138.48211699455715 491.62872663040548 43.613038710745968 41.006392250947101 79.151503559915 79.257120763915736 21.961565170528047 44.831835246977789
leaf_count=3245 260330 16166 18705 2908 238968 12365 3156 7360 10782 12227 3621 6521 9313 5862 6347 9349 6299 6661 6871 21585 3755 12622 4153 92123 3075 3799 3138 3310 3221 2330
internal_value=0 2.30529e-05 -0.000694325 0.00148909 1.0146e-05 -0.0142154 -0.000351946 -0.00263976 -0.00206048 -0.00338923 -0.00222455 -0.00336655 0.00950533 -0.00217608 -0.00319991 -0.0152002 -0.00194484 -0.00370011 -0.0023297 -0.00405501 -0.00203042 -0.00346173 -0.00161128 -0.00448753 -0.014828 -0.000834454 -0.0182946 0.00318962 -0.00146388 0.00203085
internal_weight=0 11408 7659.8 3748.17 2972.7 189.17 7470.63 2632.51 2573.28 2143.28 1987.94 1811.57 176.371 1756.95 1669.09 158.035 1511.05 1407.97 1362.48 1261.3 1061.76 1018.95 960.361 821.879 199.54 84.6194 155.335 330.25 250.993 229.032
internal_count=800167 796922 538880 258042 241876 31070 507810 247480 244324 233542 218177 205243 12934 198722 192860 15696 177164 170865 164204 157333 128874 125119 112497 108344 28459 6874 15365 16221 12911 9690
is_linear=0
shrinkage=0.05


Tree=85
num_leaves=31
num_cat=0
split_feature=0 0 0 0 0 0 1 0 0 0 0 0 0 0 0 0 0 0 0 0 0 0 0 0 0 0 0 0 0 0
split_gain=5.21142 14.8234 10.8721 14.6106 10.7192 41.4839 10.7339 9.02233 18.6507 15.2802 19.7202 12.2624 21.0009 10.3379 13.1802 9.30372 12.1479 12.3022 16.2845 10.9589 10.1575 8.69335 16.7459 9.39466 8.13724 7.48265 11.596 7.45449 18.5519 7.18652
threshold=853.50000000000011 769.50000000000011 1018.5000000000001 1070.5000000000002 1005.5000000000001 898.50000000000011 2227.5000000000005 1095.5000000000002 1132.5000000000002 1194.5000000000002 1283.5000000000002 1300.5000000000002 1421.5000000000002 1697.5000000000002 1722.5000000000002 4059.5000000000005 4276.5000000000009 4407.5000000000009 4343.5000000000009 4321.5000000000009 3840.5000000000005 1670.5000000000002 1465.5000000000002 1551.5000000000002 3991.5000000000005 4082.5000000000005 4152.5000000000009 1740.5000000000002 1808.5000000000002 1836.5000000000002
decision_type=2 2 2 2 2 2 2 2 2 2 2 2 2 2 2 2 2 2 2 2 2 2 2 2 2 2 2 2 2 2
left_child=1 -1 4 -4 5 -2 -6 -5 -9 -10 -11 -12 -13 21 -15 20 25 18 19 -18 27 22 -14 -24 -22 -17 -27 -16 -29 -30
right_child=2 -3 3 7 6 -7 -8 8 9 10 11 12 13 14 15 16 17 -19 -20 -21 24 -23 23 -25 -26 26 -28 28 29 -31
leaf_value=-0.0019811414765453761 0.0058365405213349712 -0.029637322414923603 -0.022622796719861213 0.018859104144297461 0.01682808324301301 -0.04031801755955345 0.00064636554020147913 -0.020828940331386676 0.011059657270577415 -0.020564044767650183 0.024254210613621825 -0.019218567915581106 0.0067718116907183991 -0.045199220847994832 0.018742709824299108 0.024698536575144845 -0.01489351233545233 0.00062121510774001195 -0.026221156665687081 0.008494127713375826 -0.02695519926215318 0.0087180857295766738 -0.030805517644389508 -0.0052530614653964278 -0.005415605238431211 -0.016392849599865814 0.0057824282738263479 -0.031531759346965747 0.019063096987504191 -0.0017153643504134453
leaf_weight=1079.5648665672452 396.91823799189751 50.72780723958931 71.769163637844031 63.147597649403906 288.91110539522197 55.490739391733769 158.81829865346663 107.30276943897661 309.43438872624392 117.81042087350215 51.93222786529077 141.50633083251341 404.28546755700063 16.47304858163443 44.229135923428657 48.238869422621065 89.760136406839592 2220.7528750860038 103.36776548782018 113.32726998170983 71.098471220796455 602.73430315461883 43.201589514412717 214.92984493829545 114.39728061833239 62.258616290212103 1110.4921544282352 52.057656587834572 42.170335746162891 3150.3410812293168
leaf_count=95780 6495 9983 6667 3258 2163 12747 1240 6756 10169 12978 3211 15986 7081 3056 3310 3404 6275 209945 9258 3272 18705 6521 9425 17104 12365 9330 16558 9484 3611 264030
internal_value=0 -0.00322236 0.000354743 -0.000149634 0.00560339 0.000175401 0.0110881 2.38824e-05 -0.000104951 0.000138753 -0.00024459 3.06419e-05 -0.000114863 0.000203017 -0.000525775 -0.000423884 0.00130385 -0.000674691 -0.0100656 -0.00184269 -0.00228783 0.00437303 0.000419461 -0.00952959 -0.0136715 0.00539904 0.00460519 -0.00164576 -0.00192369 -0.0014409
internal_weight=0 1130.29 10267.2 9367.02 900.138 452.409 447.729 9295.25 9232.1 9124.8 8815.36 8697.55 8645.62 8504.12 7238.96 7222.49 3748.2 2527.21 306.455 203.087 3474.29 1265.15 662.417 258.131 185.496 1220.99 1172.75 3288.8 3244.57 3192.51
internal_count=800167 105763 694404 671759 22645 19242 3403 665092 661834 655078 644909 631931 628720 612734 572603 569547 258042 228750 18805 9547 311505 40131 33610 26529 31070 29292 25888 280435 277125 267641
is_linear=0
shrinkage=0.05


Tree=86
num_leaves=31
num_cat=0
split_feature=0 1 1 1 1 1 1 1 1 1 1 1 1 1 1 1 1 0 0 0 0 1 1 1 1 1 0 1 1 1
split_gain=4.68897 4.52418 4.16525 17.1845 5.95197 19.4579 12.7645 5.86182 5.75265 6.20708 5.24576 4.9565 14.4202 5.55277 4.63471 4.61139 4.46734 4.4553 4.27506 10.5845 6.98768 4.2732 4.22819 8.63849 9.22057 12.2098 6.02203 5.54574 8.8498 6.4191
threshold=28.500000000000004 1.0000000180025095e-35 2329.5000000000005 2170.5000000000005 786.50000000000011 1212.5000000000002 1058.5000000000002 754.50000000000011 902.50000000000011 838.50000000000011 991.50000000000011 2197.5000000000005 2214.5000000000005 2227.5000000000005 2160.5000000000005 2181.5000000000005 1026.0000000000002 433.50000000000006 5811.5000000000009 5793.5000000000009 5646.5000000000009 803.00000000000011 3341.5000000000005 3218.5000000000005 3134.5000000000005 3130.5000000000005 5793.5000000000009 3162.5000000000005 3189.5000000000005 3177.5000000000005
decision_type=2 2 2 2 2 2 2 2 2 2 2 2 2 2 2 2 2 2 2 2 2 2 2 2 2 2 2 2 2 2
left_child=-1 -2 3 4 7 6 8 18 9 21 -10 15 -13 -14 -7 17 -12 -5 19 20 -3 -6 23 24 25 -4 -24 -26 29 -29
right_child=1 2 22 11 5 14 -8 -9 10 -11 16 12 13 -15 -16 -17 -18 -19 -20 -21 -22 -23 26 -25 27 -27 -28 28 -30 -31
leaf_value=-0.047608220680782708 -0.044941205335320873 0.0013297523611867298 -0.0019271286303777363 0.052760120387238589 -0.014816472944154023 0.000566578451875885 -0.01719450941847021 0.016055172828695861 0.0042065196848789814 -0.020293227839765948 -0.012746386876424593 -0.012302730039348486 0.017685956900601242 0.0056694375799763415 -0.025154422090087371 0.020189674113402275 0.0038999045987501407 0.0025296154311960344 -0.011444521488087542 0.021702535963225217 -0.029232585283728036 0.0057584394260456785 0.0011954837804997941 -0.010019412738015895 0.021298449364555491 -0.041551475648661025 0.032551548244800103 0.0030634754502524668 0.013624832501253337 -0.026044423414022647
leaf_weight=5.169582089452887 5.5918760637323421 2449.0866752390948 2227.0760499538274 4.660248214436705 42.564246800385945 3237.8873670464218 262.35159687905184 69.039872947014373 236.77235111161554 94.622150714313193 119.17553995457047 101.71796768915601 119.74748668995744 487.59599887458535 17.609314272012853 121.48751721272856 60.900991551831794 83.717015393296606 64.238683460632274 63.932436108938418 18.846438028120247 61.987183645719597 812.35518321928976 319.46808917752833 59.593396921045496 19.612421822919714 15.606448158599958 46.109793016794356 98.621960736187702 32.144613029280663
leaf_count=3245 1619 147667 160620 164 3272 201542 78458 3272 15868 20195 14256 8830 2970 17216 2766 3017 6584 2774 5761 611 4060 3140 50806 24265 2497 2754 588 3019 5420 2911
internal_value=0 2.16759e-05 4.38309e-05 0.00070082 -0.000166551 -0.0013544 -0.00795841 0.0016759 -0.00402494 -0.011015 -0.000685049 0.00711839 0.00512062 0.00803869 0.000427451 0.0138682 -0.00711669 0.00517834 0.0012935 0.00161669 0.00109636 -0.00261787 -0.0013528 -0.00228024 -0.00128456 -0.00227303 0.00178652 0.00810684 0.00366231 -0.0088932
internal_weight=0 11354.1 11348.5 7717.94 6799.01 4133.87 878.374 2665.14 616.022 199.174 416.849 918.926 709.061 607.343 3255.5 209.865 180.077 88.3773 2596.1 2531.87 2467.93 104.551 3630.59 2802.63 2483.16 2246.69 827.962 236.47 176.876 78.2544
internal_count=800167 796922 795303 542423 507452 346081 141773 161371 63315 26607 36708 34971 29016 20186 204308 5955 20840 2938 158099 152338 151727 6412 252880 201486 177221 163374 51394 13847 11350 5930
is_linear=0
shrinkage=0.05


Tree=87
num_leaves=31
num_cat=0
split_feature=0 1 1 1 1 1 1 1 1 1 1 1 1 1 0 1 0 1 1 1 1 0 0 0 0 1 0 1 1 0
split_gain=4.5058 3.92563 16.6841 5.51786 17.0703 11.8331 5.62409 5.08396 5.07305 4.87146 4.60051 12.6035 5.20059 4.61985 4.79095 4.59277 4.65366 4.33041 4.20684 4.06188 5.29769 4.18532 4.00512 10.6813 6.26589 3.95661 3.84298 3.96358 3.73245 3.7042
threshold=172.50000000000003 2329.5000000000005 2170.5000000000005 786.50000000000011 1212.5000000000002 1058.5000000000002 754.50000000000011 902.50000000000011 991.50000000000011 838.50000000000011 2197.5000000000005 2214.5000000000005 2227.5000000000005 2181.5000000000005 433.50000000000006 1014.5000000000001 4343.5000000000009 2160.5000000000005 803.00000000000011 2270.5000000000005 2283.5000000000005 538.50000000000011 5811.5000000000009 5793.5000000000009 5646.5000000000009 2307.5000000000005 676.50000000000011 1173.5000000000002 3690.5000000000005 554.50000000000011
decision_type=2 2 2 2 2 2 2 2 2 2 2 2 2 2 2 2 2 2 2 2 2 2 2 2 2 2 2 2 2 2
left_child=28 2 3 6 5 7 22 9 -9 18 13 -12 -13 14 -4 16 -10 -6 -5 29 21 -21 23 24 -2 -22 -7 -28 -1 -14
right_child=1 -3 10 4 17 26 -8 8 15 -11 11 12 19 -15 -16 -17 -18 -19 -20 20 25 -23 -24 -25 -26 -27 27 -29 -30 -31
leaf_value=-0.016949245147385505 0.0012368628900698913 -0.0012969249548916567 0.054396539767448675 -0.015318222551112365 0.00049157808142263513 -0.038240500837716997 0.015597889497599502 0.0041573567854190493 -0.010688702512827003 -0.018793776466603351 -0.011419829817655866 0.017058770464587973 0.021867912317436639 0.019701798680993074 0.0020333734699491002 -0.0015416287789692619 -0.044210881371170588 -0.024554678767752757 0.005266136123801779 -0.033650094226645152 -0.0035401804273848519 0.021870245952843394 -0.011136011491731213 0.021448756187726892 -0.028237959702603323 0.011951627086542481 -0.019116966611636484 -0.0050000057247131628 0.1524943374427945 -0.0011582625239947972
leaf_weight=45.036538892807584 2446.1546892799706 3611.2248711209068 4.6076598310610271 41.38914363510662 3228.129195208629 18.979321265357157 70.026555862868918 236.85111172857705 42.787195438376784 91.923667218201444 99.487251213280615 120.90733365646156 19.013199131833971 123.91082455060678 84.078251833514514 121.58921012346991 13.657830501091665 17.350466539358422 62.006599483224818 3.5345278105232856 78.964435365065583 85.627082575287204 63.784927564745885 65.688444995088503 18.164907802376547 86.215213071514881 164.64900527152213 71.232964152554587 0.32736232146271405 214.61870954537881
leaf_count=19605 145910 247480 109 3211 197530 6165 3206 15539 4550 19711 8632 2916 535 2971 2774 13834 2029 2703 3071 180 3019 2694 5825 615 4107 2754 52104 18599 54 7735
internal_value=0 6.30969e-05 0.000701321 -0.00015709 -0.00130583 -0.00754686 0.00161554 -0.00376759 -0.000636164 -0.0104192 0.00701556 0.00507958 0.00777548 0.0134662 0.00475389 -0.00701331 -0.0188 0.00035768 -0.00297375 0.00547531 0.00984745 0.0196693 0.00123805 0.00155002 0.0010196 0.00454574 -0.0165954 -0.0148538 -0.0157265 0.000715631
internal_weight=0 11306.6 7695.33 6774.37 4110.55 865.066 2663.82 610.205 414.885 195.319 920.964 708.368 608.881 212.597 88.6859 178.034 56.445 3245.48 103.396 487.973 254.341 89.1616 2593.79 2530.01 2464.32 165.18 254.861 235.882 45.3639 233.632
internal_count=800167 780508 533028 498709 339046 138813 159663 61945 35952 25993 34319 28465 19833 5854 2883 20413 6579 200233 6282 16917 8647 2874 156457 150632 150017 5773 76868 70703 19659 8270
is_linear=0
shrinkage=0.05


Tree=88
num_leaves=31
num_cat=0
split_feature=0 0 0 0 0 0 0 0 0 0 0 0 0 0 0 0 0 0 0 0 0 0 0 0 0 0 0 1 0 0
split_gain=4.60492 17.2071 8.84854 7.43798 3.9235 18.349 12.3607 10.5086 8.34104 10.1748 11.477 14.0593 11.446 9.58335 20.6932 8.31858 7.91336 27.7773 6.91998 10.3254 10.0246 8.5115 12.2623 11.0719 11.4731 13.0563 10.1668 9.76391 7.75983 7.28921
threshold=521.50000000000011 433.50000000000006 410.50000000000006 460.50000000000006 1740.5000000000002 1808.5000000000002 1670.5000000000002 1465.5000000000002 1447.5000000000002 1194.5000000000002 1178.5000000000002 1149.5000000000002 1421.5000000000002 1322.5000000000002 1283.5000000000002 1551.5000000000002 1836.5000000000002 1865.5000000000002 4059.5000000000005 4168.5000000000009 3840.5000000000005 4257.5000000000009 4226.5000000000009 4276.5000000000009 4407.5000000000009 4343.5000000000009 4321.5000000000009 786.50000000000011 4204.5000000000009 3991.5000000000005
decision_type=2 2 2 2 2 2 2 2 2 2 2 2 2 2 2 2 2 2 2 2 2 2 2 2 2 2 2 2 2 2
left_child=1 2 -1 -3 6 -6 7 8 9 10 11 -2 13 14 -11 -9 -7 -18 20 -20 -19 22 28 27 25 26 -25 -23 -21 -22
right_child=4 3 -4 -5 5 16 -8 15 -10 12 -12 -13 -14 -15 -16 -17 17 18 19 21 29 23 -24 24 -26 -27 -28 -29 -30 -31
leaf_value=-0.0073729401216570539 0.00098382135305139428 -0.05104788598818967 0.0092441362665668571 -0.016574635527066499 -0.030685805328816509 0.020683905112132923 0.0077002098858021777 -0.029959785346355319 0.011076925874037281 -0.019579376791679551 0.013010813584849391 -0.051870845637664434 0.0029232603475728559 -0.024300494614529933 0.013041496753929502 -0.0055520617392979567 -0.053005730736054579 -0.0012295311291663329 0.0064187147133842014 -0.033727846284600967 -0.026075717183110844 0.026219992230069312 -0.035638098959293062 -0.015053519627012913 0.00073609115100055301 -0.024470382036331919 0.007533750313918626 0.0046482135013988755 0.0018700701399727169 -0.0054982664829850182
leaf_weight=189.27295194367434 1945.1226140134677 22.442578978908386 138.9079641449207 51.67439160363665 49.981190031659935 44.713452283006518 662.01981463581524 41.735644158263767 193.21201834094245 114.291522069846 207.41654661024222 12.663531215599503 212.95074222407129 106.29806427998392 84.603131779898831 213.41258530195 25.020880187705188 3114.9697405998145 766.47834249954713 17.987766792426555 69.137141520783644 69.227793223108165 39.12927786714863 88.644830613988233 2211.9249812625726 99.628728649823643 113.74427592000575 216.51208641975245 102.79294231935273 113.9984054990191
leaf_count=48896 87117 3376 2977 6403 9484 3611 12887 9425 3114 12978 3154 3335 3967 12878 6319 17104 3336 260694 16166 2908 18705 619 3221 6275 209945 9258 3272 2850 3528 12365
internal_value=0 -0.00525368 -0.00033949 -0.0270131 0.000193236 -0.000496862 0.00149275 0.000180533 0.00104314 0.000320664 0.00182682 0.000641942 -0.00597323 -0.0121808 -0.00570355 -0.00954453 -0.000284162 -0.000417163 -0.000229837 0.00124666 -0.00189792 -9.28085e-05 -0.0113123 0.000548018 -0.000512052 -0.00965323 -0.0023593 0.00987453 -0.0034315 -0.0132666
internal_weight=0 402.298 328.181 74.117 10937.6 7143.89 3793.73 3131.71 2876.56 2683.35 2165.2 1957.79 518.143 305.193 198.895 255.148 7093.91 7049.2 7024.18 3726.07 3298.11 2959.59 159.91 2799.68 2513.94 302.018 202.389 285.74 120.781 183.136
internal_count=800167 61652 51873 9779 738515 566237 172278 159391 132862 129748 93606 90452 36142 32175 19297 26529 556753 553142 549806 258042 291764 241876 9657 232219 228750 18805 9547 3469 6436 31070
is_linear=0
shrinkage=0.05


Tree=89
num_leaves=31
num_cat=0
split_feature=0 0 0 0 0 0 1 0 0 0 0 0 0 0 0 0 0 0 0 0 1 0 0 1 0 0 0 0 0 0
split_gain=4.1688 14.2834 8.9601 13.7747 8.86618 37.2683 9.53374 7.3335 18.83 6.88057 18.3454 12.3825 15.6312 8.28557 16.4522 8.88145 12.0889 7.89717 9.85509 8.55456 8.35748 9.31852 10.1502 12.0985 7.55035 11.2219 9.52086 10.1266 10.8734 9.68604
threshold=853.50000000000011 769.50000000000011 1018.5000000000001 1070.5000000000002 1005.5000000000001 898.50000000000011 1733.5000000000002 745.50000000000011 720.50000000000011 1095.5000000000002 1132.5000000000002 1194.5000000000002 1283.5000000000002 1300.5000000000002 1421.5000000000002 1697.5000000000002 1722.5000000000002 4059.5000000000005 4082.5000000000005 3840.5000000000005 3613.5000000000005 4152.5000000000009 4168.5000000000009 3383.5000000000005 4257.5000000000009 4226.5000000000009 4276.5000000000009 4407.5000000000009 4343.5000000000009 4301.5000000000009
decision_type=2 2 2 2 2 2 2 2 2 2 2 2 2 2 2 2 2 2 2 2 2 2 2 2 2 2 2 2 2 2
left_child=1 7 4 -4 5 -2 -6 8 -1 -5 -11 -12 -13 -14 -15 -16 -17 19 -19 -18 21 -20 23 -23 25 -24 -26 28 29 -28
right_child=2 -3 3 9 6 -7 -8 -9 -10 10 11 12 13 14 15 16 17 18 20 -21 -22 22 24 -25 26 -27 27 -29 -30 -31
leaf_value=-0.0014399592623008611 0.00541453217205215 -0.029203435077419671 -0.022385629631326249 0.016268621924096099 0.017900568989891591 -0.039187781219900977 0.0032591147564583916 0.016994646460622952 -0.042349937744516224 -0.020941422325014815 0.0099329507109653312 -0.018863060885024232 0.019499125634678205 -0.017387061067109168 0.0040682053308988275 -0.044144359195753075 -0.001525493600650781 0.023177720873997672 -0.018794016504528346 -0.012696469467617447 0.027584953457633607 0.0086063092571372884 -0.003493315835734848 -0.017953396258751638 0.0090408413543985669 -0.035069375425162801 -0.042867837095586482 0.00055995590498474741 -0.02297174547407457 0.00041938183041636211
leaf_weight=990.52039206646987 395.1072143809215 49.325635434890501 69.082423850137275 64.732131971868512 208.1617006733868 53.132533369747762 238.6466136041563 50.087840867010527 28.949602663720725 104.28731657371645 312.29229488990313 110.7653315118805 54.359050309416489 135.2031882240808 1258.6867855315077 15.820065674026408 3272.0256494504483 50.360495318087487 60.320652527400398 180.85042580179015 29.126340534516203 598.57934016024228 119.88790308599164 46.185442431364208 284.67794545467768 36.767195745633217 13.889735855012985 2199.0719358327738 97.400672542139546 185.6958165589931
leaf_count=88961 6495 9983 6667 3258 1638 12747 1765 3671 3148 6756 10169 12978 3211 15986 40131 3056 280435 3404 9274 31070 1091 3131 6415 262 3432 3213 2934 209070 9237 6579
internal_value=0 -0.00289715 0.000317953 -0.000141891 0.005096 0.000127554 0.0100804 -0.00168396 -0.00260167 2.45759e-05 -9.01396e-05 0.000149822 -0.000199356 3.99439e-05 -8.32755e-05 0.000193613 -0.000484614 -0.000388347 0.00120939 -0.00211059 0.000908063 0.000694747 0.00102292 0.0067038 -0.000224045 -0.0109043 0.000377635 -0.000610413 -0.00927655 -0.0025931
internal_weight=0 1118.88 10195.1 9300.07 895.048 448.24 446.808 1069.56 1019.47 9230.99 9166.25 9061.97 8749.67 8638.91 8584.55 8449.35 7190.66 7174.84 3721.96 3452.88 3671.6 3642.48 3582.16 644.765 2937.39 156.655 2780.74 2496.06 296.986 199.586
internal_count=800167 105763 694404 671759 22645 19242 3403 95780 92109 665092 661834 655078 644909 631931 628720 612734 572603 569547 258042 311505 254638 253547 244273 3393 240880 9628 231252 227820 18750 9513
is_linear=0
shrinkage=0.05


Tree=90
num_leaves=31
num_cat=0
split_feature=0 1 0 0 0 0 0 0 0 0 0 0 0 0 0 0 0 0 0 0 0 0 0 0 0 0 0 0 0 1
split_gain=4.16005 3.93124 3.77768 12.8107 16.2576 8.80759 15.9604 19.0109 14.954 16.6991 15.1619 12.9842 10.8259 10.1691 13.9784 14.4688 10.2449 14.9386 9.66297 14.2281 8.57066 10.1916 9.84131 14.8109 8.28467 7.89429 7.74151 9.34475 7.32683 6.73363
threshold=28.500000000000004 1.0000000180025095e-35 5811.5000000000009 5793.5000000000009 5646.5000000000009 5630.5000000000009 5393.5000000000009 5344.5000000000009 5110.5000000000009 5095.5000000000009 5304.5000000000009 5491.5000000000009 5073.5000000000009 5007.5000000000009 4807.5000000000009 4714.5000000000009 4938.5000000000009 4978.5000000000009 4732.5000000000009 4788.5000000000009 5949.5000000000009 5836.5000000000009 5962.5000000000009 6002.5000000000009 4681.5000000000009 5757.5000000000009 5510.5000000000009 5595.5000000000009 5549.5000000000009 3368.5000000000005
decision_type=2 2 2 2 2 2 2 2 2 2 2 2 2 2 2 2 2 2 2 2 2 2 2 2 2 2 2 2 2 2
left_child=-1 -2 3 4 5 6 7 8 9 12 -10 -8 13 14 15 24 -16 -18 -17 -20 21 29 -22 -24 -3 -6 -13 28 -28 -4
right_child=1 2 20 -5 25 -7 11 -9 10 -11 -12 26 -14 -15 16 18 17 -19 19 -21 22 -23 23 -25 -26 -27 27 -29 -30 -31
leaf_value=-0.04679768026785909 -0.042790547626983526 8.0079313280784171e-05 -0.0063852886894860449 0.011362904319229159 -0.034977922376322669 0.015079645257409059 -0.041248887419413183 0.028486442616562177 -0.032593090424868805 0.036053021173227749 0.0059436559324087708 0.025037626846726987 -0.055453455538614228 0.020438877856098419 -0.040164772115602952 0.029657751255206557 0.012092838498029401 -0.055356154269203643 -0.042906371387900731 0.019801484861754828 0.030784674923982687 -0.028330609968403253 -0.033754400957841664 0.013171302211074343 -0.048815347695531495 -0.0038001686063663304 -0.012642787667430084 -0.0027203305522872259 -0.053243717374450619 0.045799452436011481
leaf_weight=4.7468657484805581 5.3600354005811814 9887.7869547026421 119.06104785051116 250.65128711526631 48.899782696385046 97.237210305393091 36.427008687012858 59.166456101878794 68.913437931457793 32.483221304817562 40.537786265910199 15.861503565131896 8.747599345068009 61.650925203961378 36.675865800798192 69.16648888983832 33.477739943875349 10.876150275066037 13.545401372807417 27.230490532187559 28.906337690142209 62.916030249370351 26.238048321621136 46.821884682775817 8.6708061678382347 34.718066516255021 25.25927483068881 92.016833108864375 19.83927782896626 6.5201397398486725
leaf_count=3245 1619 623228 2934 3083 13895 2635 11466 6637 20454 3214 5832 2864 2894 9095 14655 2943 6318 3030 5706 3199 2446 13181 5007 4674 2944 5763 5815 5601 5710 80
internal_value=0 1.97005e-05 4.00606e-05 0.00018895 -7.20921e-05 0.000100404 -3.76785e-05 0.00022531 6.29658e-05 0.000260413 -0.0183201 -0.0144211 0.000145954 0.000193876 7.0145e-05 0.000237636 -0.0206134 -0.00444653 0.0182763 -0.00102953 -0.00558811 -0.0119051 0.00608954 -0.00368115 3.72395e-05 -0.0220329 -0.00803289 -0.0118585 -0.0305035 -0.00367587
internal_weight=0 11275.7 11270.3 10979.8 10729.2 10645.6 10548.3 10358.9 10299.8 10190.3 109.451 189.404 10157.8 10149.1 10087.4 10006.4 81.0298 44.3539 109.942 40.7759 290.463 188.497 101.966 73.0599 9896.46 83.6178 152.977 137.115 45.0986 125.581
internal_count=800167 796922 795303 766981 763898 744240 741605 710149 703512 677226 26286 31456 674012 671118 662023 638020 24003 9348 11848 8905 28322 16195 12127 9681 626172 19658 19990 17126 11525 3014
is_linear=0
shrinkage=0.05


Tree=91
num_leaves=31
num_cat=0
split_feature=0 0 0 0 0 0 0 0 0 0 0 0 0 0 0 0 0 0 0 0 0 0 0 0 0 0 0 0 0 0
split_gain=3.96276 5.09487 20.252 5.8597 3.5091 10.5411 15.2169 7.48884 9.38198 7.79685 13.7597 7.39623 13.6571 16.8814 13.9762 16.4147 13.8964 12.4972 9.89695 8.60329 12.3211 11.8318 10.0005 13.7387 7.65992 7.56303 12.9995 7.12941 6.9932 8.87469
threshold=410.50000000000006 433.50000000000006 460.50000000000006 521.50000000000011 5811.5000000000009 5793.5000000000009 5646.5000000000009 5949.5000000000009 5836.5000000000009 5962.5000000000009 6002.5000000000009 5630.5000000000009 5393.5000000000009 5344.5000000000009 5110.5000000000009 5095.5000000000009 5304.5000000000009 5491.5000000000009 5073.5000000000009 5007.5000000000009 4807.5000000000009 4714.5000000000009 4938.5000000000009 4978.5000000000009 4681.5000000000009 4732.5000000000009 4788.5000000000009 5757.5000000000009 5510.5000000000009 5595.5000000000009
decision_type=2 2 2 2 2 2 2 2 2 2 2 2 2 2 2 2 2 2 2 2 2 2 2 2 2 2 2 2 2 2
left_child=-1 -2 -3 -4 5 6 11 8 -6 -9 -11 12 13 14 15 18 -16 -14 19 20 21 24 -22 -24 -5 -23 -27 -8 -19 -30
right_child=1 2 3 4 7 -7 27 9 -10 10 -12 -13 17 -15 16 -17 -18 28 -20 -21 22 25 23 -25 -26 26 -28 -29 29 -31
leaf_value=-0.0072064791199817043 0.0095945197524322755 -0.048986792294262942 -0.016838969341453926 0.00021754648059877404 -0.0034267627825875012 0.010378238135251077 -0.034150817466153623 0.026795874395067545 -0.027393303811252153 -0.033445135306693199 0.012302490306785901 0.013882483251502348 -0.04024744937051844 0.026479915438422593 -0.031887564702562855 0.034654174820058128 0.0051507921539011561 0.023723321419520292 -0.054690063406610701 0.018730983210839318 -0.039383043301506077 0.026455884845817037 0.011555985839003188 -0.054596167972954746 -0.04808681270209763 -0.042193930978603508 0.018588099583449504 -0.0042495188467603076 -0.029402951896492488 -0.0020229986740166813
leaf_weight=187.58719573259623 140.15613717309316 21.057238580489866 50.84719899771153 9487.9769503474563 124.66084765001506 254.35864296054933 46.880903202354602 30.394182086506589 60.72552645227006 24.976764585221645 48.071131082844659 98.48469933027809 34.913740023196624 61.502499797048586 66.322726168082681 34.849169843504569 40.967171450601654 16.436219839551086 8.1821097858210106 63.06671836438727 35.029816847930988 70.672928990549508 34.16269809125879 10.189740318710617 8.2142398565429158 12.853554599575316 27.870314647484065 34.68281399945954 43.577775488014595 92.240120094229496
leaf_count=48896 2977 3376 6403 566059 3020 3087 13931 2450 13215 5016 4685 2640 11497 6652 20505 3220 5845 2869 2900 9109 14694 2944 6331 3037 2951 5719 3205 5774 11548 5612
internal_value=0 0.000121959 6.49362e-07 9.50858e-05 0.000174283 0.000322676 7.50529e-05 -0.00526324 -0.0112773 0.00551499 -0.00333968 0.000246268 0.000113944 0.000365354 0.000203126 0.00039976 -0.017745 -0.0132672 0.000277429 0.000323557 0.000203716 0.000365805 -0.0194139 -0.00364212 0.000175763 0.0165663 -0.000596353 -0.0214361 -0.00708024 -0.010808
internal_weight=0 11084.3 10944.2 10923.1 10872.3 10583.4 10329.1 288.828 185.386 103.442 73.0479 10247.5 10149 9961.86 9900.36 9793.07 107.29 187.168 9758.22 9750.04 9686.97 9607.59 79.3823 44.3524 9496.19 111.397 40.7239 81.5637 152.254 135.818
internal_count=800167 751271 748294 744918 738515 710129 707042 28386 16235 12151 9701 687337 684697 653171 646519 620169 26350 31526 616949 614049 604940 580878 24062 9368 569010 11868 8924 19705 20029 17160
is_linear=0
shrinkage=0.05


Tree=92
num_leaves=31
num_cat=0
split_feature=0 1 1 1 1 1 1 1 1 1 1 1 1 0 0 0 1 1 1 0 1 1 1 1 1 1 1 1 1 1
split_gain=3.79804 3.33516 15.9324 4.82877 16.173 11.2832 5.8695 5.06853 5.05928 4.96454 5.86785 7.08201 4.9185 4.69505 7.49923 4.74677 4.35589 4.51399 5.78366 4.15577 4.10361 8.1424 9.8948 7.02311 10.6217 7.0868 9.18421 6.54452 6.44019 6.32221
threshold=28.500000000000004 2329.5000000000005 2170.5000000000005 786.50000000000011 1212.5000000000002 1058.5000000000002 754.50000000000011 902.50000000000011 991.50000000000011 2096.5000000000005 2058.5000000000005 2078.5000000000005 838.50000000000011 5811.5000000000009 5793.5000000000009 5646.5000000000009 1026.0000000000002 1020.5000000000001 1014.5000000000001 676.50000000000011 2511.5000000000005 2633.5000000000005 2665.5000000000005 2707.5000000000005 2741.5000000000005 2734.5000000000005 2710.5000000000005 2592.5000000000005 2460.5000000000005 2556.5000000000005
decision_type=2 2 2 2 2 2 2 2 2 2 2 2 2 2 2 2 2 2 2 2 2 2 2 2 2 2 2 2 2 2
left_child=-1 2 3 6 5 7 13 12 -9 10 -6 -12 -5 14 15 -2 17 18 -10 -7 28 27 -23 -24 25 26 -25 29 -3 -22
right_child=1 20 -4 4 9 19 -8 8 16 -11 11 -13 -14 -15 -16 -17 -18 -19 -20 -21 21 22 23 24 -26 -27 -28 -29 -30 -31
leaf_value=-0.046153341672905496 0.0010993661481344854 -0.0017475615579140586 0.0068024646498090731 -0.0029256214848615994 0.00038337394025715176 -0.038189541211366987 0.015592628237257589 0.0041323703107228457 -0.017201808932828654 -0.0069055326431038096 0.022171691125374676 -0.0017248120369342654 -0.018989331327166119 -0.012640168826609911 0.017773019509926193 -0.025617372040590475 0.003680361994134033 -0.030428952989246718 0.0092826999786034953 -0.014419153096417484 0.0092423375274644885 -0.018542063998449713 0.012256793571169508 -0.029898677045372486 -0.00081219016403914551 -0.038850589164723649 0.0067190345045088059 0.01676315820965342 -0.013612120431014658 -0.0057590912411057552
leaf_weight=4.4557532181406705 2439.4348592630836 393.96864044470021 914.03920606006523 101.71934492416494 2884.6562498183489 19.970765616242716 71.178075504365552 238.74461507884462 54.709671122095187 221.93231396778901 69.011083598765254 56.297654686283295 89.649926910613203 61.248918651851454 67.809211421757936 16.739463857156807 61.900001704902024 27.526003564466009 33.076693839289419 231.9105886576815 150.5212307766119 82.611446027558486 96.703220485415841 30.137493240934418 2366.8155751886879 28.047933558020304 39.655652333775379 107.03034741355623 161.16531407944785 131.6714583420453
leaf_count=3245 149171 25115 34971 6412 180632 7755 3272 15868 6720 17843 2740 3093 20195 5825 615 4107 6584 4129 3407 70703 8744 7038 6230 3160 165490 2767 2819 5512 16227 9778
internal_value=0 1.82794e-05 0.000607452 -0.000231744 -0.00130956 -0.00740667 0.00142818 -0.00371669 -0.000618468 0.000311375 0.000843495 0.0114357 -0.0104509 0.0010382 0.00137013 0.000917285 -0.00701891 -0.0127623 -0.00722281 -0.0163038 -0.00123968 -0.000516319 -0.00151027 -0.000960949 -0.00147956 -0.0176235 -0.00909292 0.00623557 -0.00519206 0.00224265
internal_weight=0 11249.9 7661.55 6747.52 4091.1 859.208 2656.41 607.326 415.957 3231.9 3009.96 125.309 191.369 2585.23 2523.98 2456.17 177.212 115.312 87.7864 251.881 3588.33 3033.19 2643.97 2561.36 2464.66 97.8411 69.7931 389.223 555.134 282.193
internal_count=800167 796922 544042 509071 346081 141773 162990 63315 36708 204308 186465 5833 26607 159718 153893 153278 20840 14256 10127 78458 252880 211538 187504 180466 174236 8746 5979 24034 41342 18522
is_linear=0
shrinkage=0.05


Tree=93
num_leaves=31
num_cat=0
split_feature=0 0 0 0 0 0 1 0 0 0 0 0 0 0 0 0 0 0 0 0 0 0 0 0 1 0 0 0 0 0
split_gain=3.7481 12.476 7.88949 12.275 8.14314 33.7856 9.49153 6.57619 16.8886 10.9694 14.8719 7.22086 15.5123 7.37784 11.8702 8.05907 8.89738 8.10959 8.5854 8.01601 7.51001 7.2923 14.452 8.54555 6.96087 6.64823 15.8795 8.29137 29.9121 25.4806
threshold=853.50000000000011 769.50000000000011 1018.5000000000001 1070.5000000000002 1005.5000000000001 898.50000000000011 2227.5000000000005 1095.5000000000002 1132.5000000000002 1194.5000000000002 1283.5000000000002 1300.5000000000002 1421.5000000000002 1697.5000000000002 1722.5000000000002 4059.5000000000005 4082.5000000000005 4152.5000000000009 4168.5000000000009 3840.5000000000005 4204.5000000000009 1670.5000000000002 1465.5000000000002 1627.5000000000002 3550.5000000000005 3778.5000000000005 3680.5000000000005 3598.5000000000005 3554.5000000000005 3617.5000000000005
decision_type=2 2 2 2 2 2 2 2 2 2 2 2 2 2 2 2 2 2 2 2 2 2 2 2 2 2 2 2 2 2
left_child=1 -1 4 -4 5 -2 -6 -5 -9 -10 -11 -12 -13 21 -15 19 -17 -18 -19 25 -20 22 -14 -24 -22 26 27 28 -16 -29
right_child=2 -3 3 7 6 -7 -8 8 9 10 11 12 13 14 15 16 17 18 20 -21 24 -23 23 -25 -26 -27 -28 29 -30 -31
leaf_value=-0.001635026055997438 0.0049756308925544973 -0.027752579787650406 -0.021503718729035975 0.015729109770294885 0.014935159718850241 -0.038390096727973076 -0.00037915795465837896 -0.020345861015098759 0.0093376886165725224 -0.018695598268924262 0.017872742393098769 -0.017101263601471038 0.0059618789673089694 -0.04512846627834223 -0.0014490972543664969 0.021881279938388093 -0.017152065369919364 0.0064966979415887055 -0.03282072153267615 -0.012408818355161324 3.1150780244245039e-05 0.0077461260120307504 -0.016987754445278717 0.0016418161894491635 0.019707399707112144 0.0043110515619418461 -0.01818532735709829 0.032328242207870943 -0.039789703951442379 -0.0064191958027090216
leaf_weight=1058.981409953647 391.50429974217877 47.787964584909787 66.692141626175726 66.181727962826699 289.40064800852269 50.733896054656725 155.56273518525995 101.74699395644166 312.87707278678863 107.24425396211518 56.391916626576858 131.75970550706734 405.48233350698888 14.823133129685628 2455.9095440945589 51.689547791733276 60.571739846091532 649.88795850879978 17.175242375077687 178.12957325637308 2870.7629208260687 593.91592004378617 148.32913068463108 105.22482992150526 45.663887383103429 425.5788286145762 150.67922063504284 70.306311622160138 51.946921870715414 107.00557533031861
leaf_count=95780 6495 9983 6667 3258 2163 12747 1240 6756 10169 12978 3211 15986 7081 3056 234833 3404 9330 3432 2908 31070 236794 6521 19850 6679 2174 10782 15365 3621 6521 9313
internal_value=0 -0.00276273 0.000301751 -0.000130421 0.00480563 6.82237e-07 0.00958115 2.48669e-05 -8.91814e-05 0.000139536 -0.000191314 3.96751e-05 -7.81527e-05 0.000188768 -0.000431423 -0.000338567 0.00128252 0.000990333 0.00129699 -0.0020804 0.000145091 0.00372797 0.000106849 -0.00925649 0.000339231 -0.00151629 -0.00239081 -0.00150449 -0.00224327 0.00894463
internal_weight=0 1106.77 10133.2 9245.98 887.202 442.238 444.963 9179.28 9113.1 9011.36 8698.48 8591.23 8534.84 8403.08 7150.13 7135.31 3695.75 3644.06 3583.49 3439.56 2933.6 1252.95 659.036 253.554 2916.43 3261.43 2835.85 2685.17 2507.86 177.312
internal_count=800167 105763 694404 671759 22645 19242 3403 665092 661834 655078 644909 631931 628720 612734 572603 569547 258042 254638 245308 311505 241876 40131 33610 26529 238968 280435 269653 254288 241354 12934
is_linear=0
shrinkage=0.05


Tree=94
num_leaves=31
num_cat=0
split_feature=0 0 0 0 0 0 1 0 0 0 0 0 0 0 0 0 0 0 0 1 0 0 0 1 0 0 0 0 0 0
split_gain=4.05307 11.9016 6.71011 11.1159 7.20413 30.3717 8.12084 6.00299 16.5534 5.97938 15.2387 9.97444 14.3764 7.47243 13.334 7.1669 17.2493 6.51391 7.52492 7.41006 7.48268 7.86145 7.26819 12.6559 7.01222 22.4573 6.59516 6.43788 6.10772 13.5033
threshold=853.50000000000011 769.50000000000011 1018.5000000000001 1070.5000000000002 1005.5000000000001 898.50000000000011 2227.5000000000005 745.50000000000011 720.50000000000011 1095.5000000000002 1132.5000000000002 1194.5000000000002 1283.5000000000002 1300.5000000000002 1421.5000000000002 1740.5000000000002 1808.5000000000002 4059.5000000000005 3840.5000000000005 3613.5000000000005 4082.5000000000005 4152.5000000000009 4168.5000000000009 3383.5000000000005 1836.5000000000002 1865.5000000000002 3991.5000000000005 4204.5000000000009 1670.5000000000002 1465.5000000000002
decision_type=2 2 2 2 2 2 2 2 2 2 2 2 2 2 2 2 2 2 2 2 2 2 2 2 2 2 2 2 2 2
left_child=1 7 4 -4 5 -2 -6 8 -1 -5 -11 -12 -13 -14 -15 28 -17 18 24 20 -19 -22 23 -23 -18 -26 -20 -24 29 -16
right_child=2 -3 3 9 6 -7 -8 -9 -10 10 11 12 13 14 15 16 17 19 26 -21 21 22 27 -25 25 -27 -28 -29 -30 -31
leaf_value=-0.0015644980609369201 0.0045506081212476571 -0.027772325827782003 -0.020647074709643387 0.014940784295089044 0.013898336099292986 -0.037456865006608657 -0.00029942038057299814 0.015008820028706958 -0.040894853491772819 -0.019599862516063517 0.0088937763094560848 -0.018525398318996782 0.01799219025997972 -0.016010729941838317 0.0058068251358634783 -0.030241730118881285 0.018235691405057358 0.019559890803050047 -0.024480865453807094 0.025799360005052147 -0.017620659692287093 0.0078096471187866709 -0.031444814447146217 -0.019898644442106234 -0.050830838812578209 -0.0011879580139325778 -0.0044311147308362057 0.00015545047464397339 0.0070214743477463445 -0.0089580943421644198
leaf_weight=977.36355865559563 392.28436773889416 46.01330904976021 65.264089881124164 67.024429244826024 289.91741428199748 48.329523476775194 154.33109098579735 50.601156628008539 27.505776526426416 98.580627474861103 315.85775810214 105.17297398471237 57.791252079343394 128.84223471944279 407.22581335246741 48.196813921452303 45.41596423807232 53.602521355989666 65.418615343397732 30.411330684226414 57.370259150821767 591.66759351780638 16.2078614410093 44.296349791344255 22.950780263699016 3089.7138369394684 109.951665669774 2895.6844300824114 652.53434277681436 249.86692984833962
leaf_count=88961 6495 9983 6667 3258 2163 12747 1240 3671 3148 6756 10169 12978 3211 15986 7081 9484 3611 3397 18705 1098 9274 3131 2899 262 3336 260694 12365 237981 12887 26529
internal_value=0 -0.00288008 0.000313973 -8.52219e-05 0.00447303 -5.70568e-05 0.00896606 -0.0017949 -0.00264107 6.13788e-05 -4.83725e-05 0.000166064 -0.000151811 7.37492e-05 -4.79438e-05 0.000197468 -0.000431802 -0.000227216 -0.00182921 0.00122028 0.00101599 0.000740275 0.00103718 0.0058797 -0.0012694 -0.00155399 -0.0119103 -2.04395e-05 0.003595 0.000192298
internal_weight=0 1101.48 10103.9 9219.05 884.862 440.614 444.249 1055.47 1004.87 9153.78 9086.76 8988.18 8672.32 8567.15 8509.36 8380.52 7070.89 7022.69 3333.45 3689.24 3658.83 3605.23 3547.86 635.964 3158.08 3112.66 175.37 2911.89 1309.63 657.093
internal_count=800167 105763 694404 671759 22645 19242 3403 95780 92109 665092 661834 655078 644909 631931 628720 612734 566237 556753 298711 258042 256944 253547 244273 3393 267641 264030 31070 240880 46497 33610
is_linear=0
shrinkage=0.05


Tree=95
num_leaves=31
num_cat=0
split_feature=0 1 1 1 1 1 1 1 1 1 1 1 1 1 1 1 1 1 1 1 1 1 1 1 1 1 1 1 1 1
split_gain=3.5519 3.21819 3.26074 9.37313 7.90332 7.42349 11.0023 6.62232 5.61441 5.47307 5.29907 11.3755 6.87277 5.42415 5.17771 7.16402 5.07031 4.95557 4.85316 6.32672 8.04171 5.60939 11.2698 5.62904 6.24155 4.17289 7.94699 6.03597 4.15241 4.08332
threshold=28.500000000000004 1.0000000180025095e-35 505.50000000000006 1309.5000000000002 991.50000000000011 2329.5000000000005 2170.5000000000005 1178.5000000000002 1097.5000000000002 2096.5000000000005 600.50000000000011 573.50000000000011 700.00000000000011 516.00000000000011 2058.5000000000005 2078.5000000000005 1366.5000000000002 971.50000000000011 368.50000000000006 230.50000000000003 144.50000000000003 101.50000000000001 107.50000000000001 49.500000000000007 31.500000000000004 954.50000000000011 932.50000000000011 838.50000000000011 863.50000000000011 579.50000000000011
decision_type=2 2 2 2 2 2 2 2 2 2 2 2 2 2 2 2 2 2 2 2 2 2 2 2 2 2 2 2 2 2
left_child=-1 -2 18 4 10 6 9 8 -6 14 11 13 -12 -4 16 -16 -5 25 19 20 21 23 -23 24 -3 26 27 -14 -29 -13
right_child=1 2 3 5 7 -7 -8 -9 -10 -11 12 29 17 -15 15 -17 -18 -19 -20 -21 -22 22 -24 -25 -26 -27 -28 28 -30 -31
leaf_value=-0.045898214329546667 -0.039447553165708582 0.0020934842687041311 -0.019083404043856802 0.0087664877881463831 -0.006921492942045796 -0.0011618110272887526 0.0067970597315746874 -0.003112642265444283 -0.019550761187021634 -0.007112710172107556 0.009050248314846715 -0.034554315289661575 -0.00044099036794247542 0.0034114797039584556 0.021890739171014213 -0.002144414840533695 -6.236492443701938e-07 0.011641732933279572 0.0057758250581153971 -0.0043787430145048305 0.0080009764040248812 -0.040329469139285923 -0.0023053557051167734 0.0086682594989000491 -0.016595542882527098 -0.016505308586049424 0.013120694611909773 -0.026109889999349586 -0.0070013421522408976 -0.012773191012169685
leaf_weight=4.2135251121180763 5.1633201861495754 133.00813882825332 31.721955705795381 177.57643368177196 207.66509141424876 3560.3920592131885 913.85375556556255 435.92586698720493 152.71684142286722 218.5747144203342 209.66018839753997 35.697163290507433 335.61276285407348 172.64709857089292 68.704327022118377 56.497610959640497 2313.0514059703787 66.206956372130662 571.56954447609405 472.20876206557386 399.81938989297305 26.180911463265147 76.212953799816205 148.2764078380842 67.26828405233573 50.65133995445467 79.391388069243476 41.767360187845043 89.03640863270266 54.170349085427006
leaf_count=3245 1619 11002 3446 6194 27702 252880 34971 45590 55215 17843 10151 7524 19609 10847 2740 3093 145229 3195 25487 35453 16745 3421 4056 6615 7237 6315 3075 13999 9479 6190
internal_value=0 1.73113e-05 3.55603e-05 -0.000350678 -0.00341835 0.000473202 0.00202627 -0.00725845 -0.0122733 0.000488094 -0.000797062 -0.00659945 0.00116009 -8.01532e-05 0.00112321 0.0110448 0.000624453 -0.00133627 0.00192573 0.000262363 0.00283836 -0.00173893 -0.0120277 0.00128358 -0.00418373 -0.00277683 -0.00150281 -0.00399196 -0.013103 -0.0214251
internal_weight=0 11171.2 11166.1 9271.52 1962.87 7308.65 3748.26 796.308 360.382 2834.4 1166.56 294.237 872.326 204.369 2615.83 125.202 2490.63 662.666 1894.54 1322.97 850.766 450.947 102.394 348.553 200.276 596.459 545.808 466.417 130.804 89.8675
internal_count=800167 796922 795303 685287 222337 462950 210070 128507 82917 175099 93830 28007 65823 14293 157256 5833 151423 55672 110016 84529 49076 32331 7477 24854 18239 52477 46162 43087 23478 13714
is_linear=0
shrinkage=0.05


Tree=96
num_leaves=31
num_cat=0
split_feature=0 0 0 0 1 1 1 1 1 1 1 1 1 1 1 1 1 1 1 1 1 1 1 1 1 1 1 1 0 0
split_gain=3.34987 3.46975 5.88782 4.02573 3.37879 2.98477 13.3366 4.49195 12.0495 8.77528 4.90998 4.59058 5.06583 3.82328 6.30257 3.77493 7.02775 8.68094 6.4116 6.06149 9.13902 5.56506 7.83445 5.10675 10.8693 8.89046 4.28446 6.27585 7.23882 4.22402
threshold=326.50000000000006 248.50000000000003 274.50000000000006 172.50000000000003 3690.5000000000005 2329.5000000000005 2170.5000000000005 786.50000000000011 1212.5000000000002 1058.5000000000002 754.50000000000011 2096.5000000000005 2031.5000000000002 932.50000000000011 954.50000000000011 2511.5000000000005 2633.5000000000005 2665.5000000000005 2460.5000000000005 2707.5000000000005 2741.5000000000005 2734.5000000000005 2710.5000000000005 2586.5000000000005 2556.5000000000005 2559.5000000000005 2426.5000000000005 2441.5000000000005 1680.5000000000002 492.50000000000006
decision_type=2 2 2 2 2 2 2 2 2 2 2 2 2 2 2 2 2 2 2 2 2 2 2 2 2 2 2 2 2 2
left_child=1 3 -3 4 -1 6 7 10 9 13 -2 12 -10 -9 -15 18 23 -18 26 -19 21 22 -21 24 -17 -26 -7 -28 29 -29
right_child=5 2 -4 -5 -6 15 -8 8 11 -11 -12 -13 -14 14 -16 16 17 19 -20 20 -22 -23 -24 -25 25 -27 27 28 -30 -31
leaf_value=-0.014907789690039431 0.0011298391230329936 -0.047055329562599266 -0.0071189389244829971 0.0071756926673932492 0.13434334849808416 -0.0044537101798110181 0.0063377338625548625 -0.0084092505046332849 0.00019736141409620991 -0.014683555845451446 0.014490525488487924 -0.006850428487521357 0.0086542020058345999 0.012312064809357591 -0.003595740507385425 0.0091472200650776058 -0.017659812359309541 0.011419155529003071 -0.013503156837148559 -0.029133138102932773 -0.00070279972793978651 -0.036269031871813968 0.0052953695585671746 0.012978139167177646 -0.039780840183810111 -0.0030377543192324271 0.020275421544775272 0.043546033549741438 0.0060174072807389154 -0.051948067654719626
leaf_weight=42.863465701809673 2537.3361514848248 13.380102185918984 29.747971688174857 50.731550864100427 0.38258226282778096 291.89444525599265 908.83718248249806 225.50788968055872 2767.5595997456066 236.66850535144749 70.679627375666314 213.67467426437543 189.18722094567602 79.606175291174623 285.81273292975334 149.69831455190115 79.029235091937153 97.097082042178954 155.92160558578371 28.36650217602164 2317.7340447187498 26.024977201346701 39.579482885741527 153.36404731573566 23.176936828652288 56.833165733884016 48.590143673896819 1.3130887574516226 32.781243668283423 9.8052798398566647
leaf_count=19605 152461 3220 6344 9923 54 18618 33514 28537 169419 74938 3120 17076 8734 2949 28969 8362 6709 5970 15477 3023 157826 2622 2702 7954 2880 3762 2789 49 2068 493
internal_value=0 -0.00776735 -0.0195088 -0.00237895 -0.0135874 9.65839e-05 0.000658902 -0.000122373 -0.00117542 -0.00654798 0.00149193 0.000227008 0.000738472 -0.00328965 -0.00013024 -0.00110692 -0.000407767 -0.0013434 -0.00495125 -0.000829421 -0.00132256 -0.0166085 -0.00907805 0.00591288 0.00119578 -0.0136813 -0.00148225 0.00789556 -0.00580705 -0.0406701
internal_weight=0 137.106 43.1281 93.9776 43.246 11026.1 7514.87 6606.03 3998.02 827.595 2608.02 3170.42 2956.75 590.927 365.419 3511.21 2970.9 2587.83 540.306 2508.8 2411.71 93.971 67.946 383.072 229.708 80.0101 384.384 92.4898 43.8996 11.1184
internal_count=800167 39146 9564 29582 19659 761021 519717 486203 330622 135393 155581 195229 178153 60455 31918 241304 201810 178852 39494 172143 166173 8347 5725 22958 15004 6642 24017 5399 2610 542
is_linear=0
shrinkage=0.05


Tree=97
num_leaves=31
num_cat=0
split_feature=0 1 0 0 0 0 0 0 0 1 0 0 0 1 0 0 0 0 0 0 0 0 0 0 0 0 0 0 0 0
split_gain=3.16919 3.03546 2.72208 9.42387 9.98826 12.0663 9.87302 11.7695 7.47846 6.97211 6.63196 7.27005 5.9268 14.007 5.76803 18.6794 12.2545 10.8781 9.47155 10.1268 5.72558 5.54771 5.16719 8.92075 5.12645 15.8952 7.86454 8.59241 6.83975 27.7846
threshold=28.500000000000004 1.0000000180025095e-35 4059.5000000000005 2071.5000000000005 2765.5000000000005 2669.5000000000005 2050.5000000000005 2026.5000000000002 3840.5000000000005 3613.5000000000005 4082.5000000000005 4152.5000000000009 4168.5000000000009 3383.5000000000005 2488.5000000000005 2545.5000000000005 2321.5000000000005 2640.5000000000005 2287.5000000000005 2180.5000000000005 3991.5000000000005 4204.5000000000009 3941.5000000000005 3920.5000000000005 3778.5000000000005 3680.5000000000005 3761.5000000000005 3734.5000000000005 3598.5000000000005 3554.5000000000005
decision_type=2 2 2 2 2 2 2 2 2 2 2 2 2 2 2 2 2 2 2 2 2 2 2 2 2 2 2 2 2 2
left_child=-1 -2 3 6 5 14 7 -3 24 10 -4 -12 13 -13 16 -16 18 -17 19 -5 22 -14 23 -10 25 28 27 -27 29 -6
right_child=1 2 9 4 8 -7 -8 -9 20 -11 11 12 21 -15 15 17 -18 -19 -20 -21 -22 -23 -24 -25 -26 26 -28 -29 -30 -31
leaf_value=-0.044933284661160977 -0.03920431958376084 0.00057888004700719635 0.018335770848108182 -0.0050934582646718048 -0.00016093410780838738 -0.048072996498290693 0.018084663047410764 -0.037109835168807934 -0.028345821651858186 0.024952628455648482 -0.017169844091269541 0.0074591231540087621 -0.029729837140837791 -0.021319836169102428 0.03089519873324419 -0.042343569235394646 -0.036659998834498213 0.023714644601376244 0.037872239587382464 -0.034652864937590365 -0.0047012837493009335 0.00017741548138848918 -0.044293156608898952 0.021565328753211738 0.0040248724068357921 -0.019923619638818255 -0.0064185975948167695 -0.0604246985537377 0.0087004515065146493 -0.038426551848187981
leaf_weight=3.9228225471597389 4.9312153611353997 4985.9623696302988 54.031504263080933 198.76906150674415 1043.2800064528226 20.369373986208984 80.39150100257757 20.800947841224115 30.713139026693966 30.505488911949215 56.107404528602274 583.02797345945146 15.589871969941212 45.585855448618531 33.427117747380294 21.59865988073625 41.439802841664232 8.7597718597976399 11.100553544602461 33.919166183268544 108.76970614704874 2883.5265774091272 20.439897238845674 12.635699991327327 425.17476663728303 55.693199230327309 75.538508984740474 17.121335664314756 176.74966639623926 49.697829724935218
leaf_count=3245 1619 272639 3390 16504 106279 9088 3304 3216 9243 1098 9253 3130 2891 262 6095 9422 15873 3353 3068 12446 12345 237469 6183 3238 10766 8836 3130 3358 12916 6508
internal_value=0 1.58143e-05 3.31742e-05 -0.000514437 -0.00310761 -0.0106662 0.000701415 0.0004223 -0.00172256 0.00114864 0.00094903 0.0006869 0.000970905 0.00537213 -0.00848301 0.00510943 -0.0115227 -0.0232828 -0.00724978 -0.00940236 -0.011676 1.65905e-05 -0.0235691 -0.0137973 -0.000790749 -0.00223459 -0.0177213 -0.0294469 -0.000425141 -0.00190088
internal_weight=0 11145.7 11140.7 7472.35 2385.2 369.384 5087.15 5006.76 2015.81 3668.37 3637.87 3583.84 3527.73 628.614 349.014 63.7855 285.229 30.3584 243.789 232.688 172.558 2899.12 63.7887 43.3488 1843.26 1418.08 148.353 72.8145 1269.73 1092.98
internal_count=800167 796922 795303 537810 258651 75849 279159 275855 182802 257493 256395 253005 243752 3392 66761 18870 47891 12775 32018 28950 31009 240360 18664 12481 151793 141027 15324 12194 125703 112787
is_linear=0
shrinkage=0.05


Tree=98
num_leaves=31
num_cat=0
split_feature=0 0 0 0 0 0 0 0 0 1 1 1 0 0 0 0 0 0 0 0 0 0 0 0 0 1 1 0 1 1
split_gain=3.19615 14.471 6.64289 5.93022 3.29579 15.0026 9.37812 8.58314 7.52105 6.21729 25.27 21.6958 5.95648 6.75844 9.89428 13.9153 8.71643 8.54926 9.69006 5.86484 5.38277 6.28355 9.11906 10.2487 5.41118 5.91047 6.52254 5.48896 6.70883 7.05087
threshold=521.50000000000011 433.50000000000006 410.50000000000006 460.50000000000006 1740.5000000000002 1808.5000000000002 1670.5000000000002 1465.5000000000002 1627.5000000000002 1788.5000000000002 1806.5000000000002 1743.5000000000002 1447.5000000000002 1194.5000000000002 1178.5000000000002 1149.5000000000002 1283.5000000000002 1300.5000000000002 1421.5000000000002 1780.5000000000002 6002.5000000000009 5962.5000000000009 5949.5000000000009 5836.5000000000009 3807.5000000000005 3625.5000000000005 2707.5000000000005 1942.5000000000002 3613.5000000000005 3586.5000000000005
decision_type=2 2 2 2 2 2 2 2 2 2 2 2 2 2 2 2 2 2 2 2 2 2 2 2 2 2 2 2 2 2
left_child=1 2 -1 -3 6 19 7 12 -9 11 -11 -7 13 14 15 -2 -15 -18 -19 -6 21 22 23 24 27 26 -26 -12 29 -29
right_child=4 3 -4 -5 5 9 -8 8 -10 10 20 -13 -14 16 -16 -17 17 18 -20 -21 -22 -23 -24 -25 25 -27 -28 28 -30 -31
leaf_value=-0.0062020730787955307 0.00081376660703030932 -0.04814356699467702 0.0082796783276750299 -0.015860770648478226 -0.017645157398815094 -0.0012780092843272563 0.0068245846730622508 -0.016131824020918093 0.0015052775914925827 0.032650147206074356 0.0042748004225541605 -0.029286331452995359 0.0094259314929710288 -0.017841029209546617 0.011883232227829459 -0.052085689723758849 0.015958939674843881 -0.015566524056778403 0.0019339858744109404 -0.057096187218852047 0.023513622994995875 -0.035850430102772821 0.038481386715968402 -0.029678071476868264 0.0042974465531725077 0.025544866137374025 -0.0013890675215294324 -0.0030426914565484351 -0.027717548259418096 0.038224234668625991
leaf_weight=184.25370253713754 1902.3590903705194 19.949566857637365 138.8695229245568 49.579369240353117 33.364772416791766 3171.5040101908917 649.35129066942363 143.59896467093904 104.38429418040778 62.421438720153674 304.81786252523466 70.682914114857795 194.99630462547066 102.73846125837099 210.71719326873426 12.5134627009661 59.584283091338875 125.99473791733089 212.50765137873168 13.127069339270291 25.382029580223389 11.909781664682667 15.757126013442756 28.172272726106712 1210.9525098017825 26.838057768225553 864.10890784338608 1146.3853935439095 27.366127120575584 10.445220672893809
leaf_count=48896 87117 3376 2977 6403 6483 288763 12887 19850 6679 1876 9626 9328 3114 12978 3154 3335 3211 15986 3967 3001 1983 2242 1043 5625 66770 957 57259 106949 3525 807
internal_value=0 -0.00443082 2.17875e-05 -0.0251235 0.000161959 -0.000475331 0.00136555 0.000210651 -0.00870779 -0.000286685 0.00110405 -0.00188862 0.000994522 0.000368538 0.0015997 0.000468075 -0.00485673 -0.00150573 -0.00457992 -0.0287842 0.000567806 0.000408099 0.000526902 0.000361652 0.000597327 0.00223097 0.00192944 -0.00170873 -0.00324892 -0.00267009
internal_weight=0 392.652 323.123 69.5289 10742 7023.24 3718.75 3069.39 247.983 6976.74 3734.56 3242.19 2821.41 2626.41 2125.59 1914.87 500.825 398.087 338.502 46.4918 3672.14 3646.75 3634.84 3619.09 3590.91 2101.9 2075.06 1489.01 1184.2 1156.83
internal_count=800167 61652 51873 9779 738515 566237 172278 159391 26529 556753 258662 298091 132862 129748 93606 90452 36142 23164 19953 9484 256786 254803 252561 251518 245893 124986 124029 120907 111281 107756
is_linear=0
shrinkage=0.05


Tree=99
num_leaves=31
num_cat=0
split_feature=0 0 0 0 0 0 0 0 0 0 0 0 1 0 0 0 0 0 0 0 0 1 1 1 1 1 1 1 1 1
split_gain=3.25267 11.1352 6.2572 14.3342 5.68523 10.5329 6.39851 27.0416 6.2533 14.5117 9.24508 12.1405 6.21299 6.08571 5.24727 10.5164 6.53739 10.8104 6.2116 11.1747 6.95329 6.01188 26.884 20.4255 8.70965 12.0803 7.02605 8.78316 6.06617 6.41598
threshold=853.50000000000011 769.50000000000011 745.50000000000011 720.50000000000011 1018.5000000000001 1070.5000000000002 1005.5000000000001 898.50000000000011 1095.5000000000002 1132.5000000000002 1194.5000000000002 1283.5000000000002 2227.5000000000005 980.50000000000011 1300.5000000000002 1421.5000000000002 1697.5000000000002 1722.5000000000002 1670.5000000000002 1465.5000000000002 1585.5000000000002 1788.5000000000002 1820.5000000000002 1714.5000000000002 1848.5000000000002 1873.5000000000002 1593.5000000000002 1476.5000000000002 1900.5000000000002 2329.5000000000005
decision_type=2 2 2 2 2 2 2 2 2 2 2 2 2 2 2 2 2 2 2 2 2 2 2 2 2 2 2 2 2 2
left_child=1 2 3 -1 6 -6 7 -2 -7 -10 -11 -12 -8 -9 -13 -16 18 -18 19 -17 -21 23 -23 26 -24 -26 27 -19 -27 -30
right_child=4 -3 -4 -5 5 8 12 13 9 10 11 14 -14 -15 15 16 17 21 -20 20 -22 22 24 -25 25 28 -28 -29 29 -31
leaf_value=-0.0014597686422412287 0.0041142109622928202 -0.027124984179167824 0.015215749415262575 -0.039088414547401758 -0.020315802128008677 0.015230219798292911 0.01265645818340028 -0.046717608703911548 -0.019476013270087019 0.008509083203366942 -0.017427547059854987 0.014726769573908558 0.0001922837481333787 -0.004768114400001639 -0.014547513434417637 0.0052089542442084044 -0.043486123962025273 -0.00095756072603963834 0.0072209360613019651 -0.023114237163457351 -0.003508811918021968 0.024456810863807577 -0.013470160451263613 -0.022263737827327129 0.024726016558782614 -0.016158689899569142 0.0081042652484462942 -0.011116027084270463 0.003583990901209136 -0.00096236328920948637
leaf_weight=968.2446259033577 390.30142490995922 44.372327535811564 52.828292153008988 25.988468953799384 63.899940744922787 67.385245486369968 289.99275406759989 34.805046155825494 95.200873255940678 318.88617975770831 100.61090979540313 60.413566276452912 152.587094679242 11.503044771759958 123.45461164516018 407.18987709321323 14.550981632339242 2733.4975753875478 589.27193391270339 59.920358240485939 184.40348382942102 118.46008826288471 112.0465578191961 118.82283983795969 51.509408811207322 54.875720757439922 192.71043482951336 230.74330448924957 1181.2756077961299 2262.0647844428345
leaf_count=88961 6495 9983 3671 3148 6667 3258 2163 9809 6756 10169 12978 3211 1240 2938 15986 7081 3056 259221 6521 12608 13921 4609 9477 14539 2385 4532 10765 20225 64563 179231
internal_value=0 -0.00259204 -0.00155238 -0.00244335 0.000282327 -8.70255e-05 0.0041226 -0.000171948 5.53757e-05 -5.81172e-05 0.000149248 -0.000160884 0.00835922 -0.0362973 4.36098e-05 -6.15571e-05 0.000153614 -0.000433819 0.00350107 0.000136579 -0.00831704 -0.000345036 0.00101357 -0.00191286 0.000255169 0.000688407 -0.00114689 -0.00174832 0.000334466 0.000597313
internal_weight=0 1091.43 1047.06 994.233 10020.4 9141.19 879.189 436.61 9077.29 9009.91 8914.71 8595.82 442.58 46.3081 8495.21 8434.8 8311.34 7070.56 1240.79 651.514 244.324 7056.01 3780.23 3275.77 3661.77 3549.73 3156.95 2964.24 3498.22 3443.34
internal_count=800167 105763 95780 92109 694404 671759 22645 19242 665092 661834 655078 644909 3403 12747 631931 628720 612734 572603 40131 33610 26529 569547 264797 304750 260188 250711 290211 279446 248326 243794
is_linear=0
shrinkage=0.05


end of trees

feature_importances:
UserID=2061
MovieID=939

parameters:
[boosting: gbdt]
[objective: lambdarank]
[metric: ndcg]
[tree_learner: serial]
[device_type: cpu]
[data_sample_strategy: bagging]
[data: ]
[valid: ]
[num_iterations: 100]
[learning_rate: 0.05]
[num_leaves: 31]
[num_threads: 0]
[seed: 0]
[deterministic: 0]
[force_col_wise: 0]
[force_row_wise: 0]
[histogram_pool_size: -1]
[max_depth: -1]
[min_data_in_leaf: 20]
[min_sum_hessian_in_leaf: 0.001]
[bagging_fraction: 1]
[pos_bagging_fraction: 1]
[neg_bagging_fraction: 1]
[bagging_freq: 0]
[bagging_seed: 3]
[feature_fraction: 1]
[feature_fraction_bynode: 1]
[feature_fraction_seed: 2]
[extra_trees: 0]
[extra_seed: 6]
[early_stopping_round: 0]
[early_stopping_min_delta: 0]
[first_metric_only: 0]
[max_delta_step: 0]
[lambda_l1: 0]
[lambda_l2: 0]
[linear_lambda: 0]
[min_gain_to_split: 0]
[drop_rate: 0.1]
[max_drop: 50]
[skip_drop: 0.5]
[xgboost_dart_mode: 0]
[uniform_drop: 0]
[drop_seed: 4]
[top_rate: 0.2]
[other_rate: 0.1]
[min_data_per_group: 100]
[max_cat_threshold: 32]
[cat_l2: 10]
[cat_smooth: 10]
[max_cat_to_onehot: 4]
[top_k: 20]
[monotone_constraints: ]
[monotone_constraints_method: basic]
[monotone_penalty: 0]
[feature_contri: ]
[forcedsplits_filename: ]
[refit_decay_rate: 0.9]
[cegb_tradeoff: 1]
[cegb_penalty_split: 0]
[cegb_penalty_feature_lazy: ]
[cegb_penalty_feature_coupled: ]
[path_smooth: 0]
[interaction_constraints: ]
[verbosity: -1]
[saved_feature_importance_type: 0]
[use_quantized_grad: 0]
[num_grad_quant_bins: 4]
[quant_train_renew_leaf: 0]
[stochastic_rounding: 1]
[linear_tree: 0]
[max_bin: 255]
[max_bin_by_feature: ]
[min_data_in_bin: 3]
[bin_construct_sample_cnt: 200000]
[data_random_seed: 1]
[is_enable_sparse: 1]
[enable_bundle: 1]
[use_missing: 1]
[zero_as_missing: 0]
[feature_pre_filter: 1]
[pre_partition: 0]
[two_round: 0]
[header: 0]
[label_column: ]
[weight_column: ]
[group_column: ]
[ignore_column: ]
[categorical_feature: ]
[forcedbins_filename: ]
[precise_float_parser: 0]
[parser_config_file: ]
[objective_seed: 5]
[num_class: 1]
[is_unbalance: 0]
[scale_pos_weight: 1]
[sigmoid: 1]
[boost_from_average: 1]
[reg_sqrt: 0]
[alpha: 0.9]
[fair_c: 1]
[poisson_max_delta_step: 0.7]
[tweedie_variance_power: 1.5]
[lambdarank_truncation_level: 10]
[lambdarank_norm: 1]
[label_gain: ]
[lambdarank_position_bias_regularization: 0]
[eval_at: ]
[multi_error_top_k: 1]
[auc_mu_weights: ]
[num_machines: 1]
[local_listen_port: 12400]
[time_out: 120]
[machine_list_filename: ]
[machines: ]
[gpu_platform_id: -1]
[gpu_device_id: -1]
[gpu_use_dp: 0]
[num_gpu: 1]

end of parameters

pandas_categorical:[]
