{"mae": 2.621083447986882, "rmse": 2.9412646403206137, "precision": 0.0263628909687225, "average_precision": 0.13829531288315092, "mean_reciprocal_rank": 0.08477408288773376, "ndcg": 0.9273849429133828, "coverage": 0.1251655629139073}