{"mae": 2.848889568986418, "rmse": 3.112864891623557, "precision": 0.0003699704023678106, "average_precision": 0.13829390681488837, "mean_reciprocal_rank": 0.0035904861553523577, "ndcg": 0.9273651300033005, "coverage": 0.007119205298013245}