{"mae": 2.2080150117431967, "rmse": 2.6638655483638836, "precision": 0.0, "average_precision": 0.9974747474747475, "mean_reciprocal_rank": 0.003836916995165856, "ndcg": 0.9947807646755525, "coverage": 0.013741721854304636}