{"mae": 2.27333603784064, "rmse": 2.7554581166663943, "precision": 0.000499960003199744, "average_precision": 0.133991571427397, "mean_reciprocal_rank": 0.004113712180765098, "ndcg": 0.9363506966248356, "coverage": 0.06986754966887417}