{"mae": 2.179565309324234, "rmse": 2.6676582273708953, "precision": 0.00021498280137588992, "average_precision": 0.13829390681488837, "mean_reciprocal_rank": 0.004104411391279518, "ndcg": 0.9273651300033005, "coverage": 0.002814569536423841}